rank,gene,mean_delta_vs_control,q10_delta_vs_control,q90_delta_vs_control,min_delta_vs_control,max_delta_vs_control,abs_mean_delta_rank_value
1,SRSF7,-1.3240446805834154,-1.4350688317327165,-0.8547927835492753,-1.4350688317327165,0.12100674123481281,1.3240446805834154
2,NEAT1,1.1627726036947685,-0.20552445347245504,2.404933658290545,-1.7529487460368471,3.1105389744526546,1.1627726036947685
3,H2AFZ,-0.8326168213186671,-1.9620559340073933,0.13395665830828016,-2.693428338105904,0.7870802277968059,0.8326168213186671
4,HMGN2,-0.7622022741529562,-1.8374010653266288,0.1302140383949897,-1.8374010653266288,0.6899851231804512,0.7622022741529562
5,HMGB1,-0.7534785080133226,-1.7724566717965387,0.18459369937350534,-2.755520083509185,0.7202213029043891,0.7534785080133226
6,TPM1,0.7508598329616533,-1.1306689646008004,2.7705140207049856,-1.1306689646008004,3.4506846997973932,0.7508598329616533
7,HMGB2,-0.7303110303985971,-1.3915383721037522,0.3791739320115431,-1.3915383721037522,1.2613585089997634,0.7303110303985971
8,TUBB,-0.7231462957287351,-1.4872027495994613,0.005544771800990101,-2.6359846929206894,0.5182563921318009,0.7231462957287351
9,STMN1,-0.7220295042712943,-2.236073164786246,0.2710761500941249,-2.236073164786246,0.9248646213160487,0.7220295042712943
10,TYMS,-0.7134309874714511,-1.3500184007585392,0.06689787426587471,-1.3500184007585392,0.8886118940412655,0.7134309874714511
11,MKI67,-0.7017554654929488,-1.1464574665584495,0.4147052436313697,-1.1464574665584495,1.7485859065494607,0.7017554654929488
12,SNHG29,0.6841584453003771,0.22867990401258975,1.1490969744013837,-0.5288432750416705,1.4827926245020917,0.6841584453003771
13,MT2A,0.679538958221396,-1.4811923233453803,2.930747679096026,-1.4811923233453803,3.4445107253606744,0.679538958221396
14,CENPF,-0.675784336008543,-1.3337552378403794,0.4394471814406253,-1.3337552378403794,2.0497467686903823,0.675784336008543
15,TUBA1B,-0.6718321218824624,-1.893824209671025,0.20782450248717818,-3.018166651229863,0.7613309722137407,0.6718321218824624
16,FTL,0.6709479002071762,0.018669694946686823,1.5428430977329415,-0.6305918750301198,2.629241699264924,0.6709479002071762
17,ANXA2,0.6546238867751974,-0.7753352272123208,2.0709293496996053,-1.2765239107221475,2.5343944204240927,0.6546238867751974
18,GAS5,0.6377468067129192,-0.04302668929762059,1.2905752861433584,-1.379661730534498,2.096079655879076,0.6377468067129192
19,CD63,0.6317321763353245,-0.2292116229883117,1.4323043281683046,-1.332809281860916,1.8886124069341736,0.6317321763353245
20,NUCB2,-0.6141579493722811,-0.9436718936960588,-0.0712715383570088,-0.9436718936960588,0.6798875812490096,0.6141579493722811
21,PTMA,-0.6095733114940741,-1.3681106134649894,0.16585249459775475,-2.6541433616873404,0.7858432248833993,0.6095733114940741
22,SIVA1,-0.5814892833134897,-1.3069590121066297,0.05944826309326025,-1.3069590121066297,1.2760876626217639,0.5814892833134897
23,LGALS1,0.5802179175855693,-1.2999519911987882,2.5425771149413485,-1.2999519911987882,2.985213795544376,0.5802179175855693
24,RPS27L,0.5591161884104611,-0.7042277544493359,1.5758546322827653,-1.124368670558421,2.238945004368337,0.5591161884104611
25,UBE2S,-0.5568160986948566,-1.688581638769234,0.5792646117648236,-1.688581638769234,1.5927956767520062,0.5568160986948566
26,NCL,-0.5560522973375206,-1.4807344646932035,0.20041690154062214,-2.7549858065129667,0.7343163518427462,0.5560522973375206
27,GTF3A,-0.5542302345241211,-1.3513735117510361,0.10428990701880025,-1.3513735117510361,0.6509925542279678,0.5542302345241211
28,SRSF2,-0.5350796343544885,-1.4235436256176421,0.20210372850833438,-1.4235436256176421,0.9921770756000092,0.5350796343544885
29,ITGB1,0.5344876510338058,-0.7252514407946113,1.759140701501226,-1.1835367009951119,2.335899896828985,0.5344876510338058
30,HIST1H4C,-0.5334530139771833,-1.6365081394714032,0.9809321319061604,-1.6365081394714032,1.9388838683563556,0.5334530139771833
31,SMC2,-0.5330101746205311,-0.8926159334240952,0.1973943757952651,-0.8926159334240952,0.9280521678866348,0.5330101746205311
32,CDK6,-0.5281617932586974,-1.1537410776843882,0.21147861073113874,-1.1537410776843882,1.1751561600933218,0.5281617932586974
33,H2AFV,-0.527070128246332,-1.3810093325935042,0.13311489397662488,-1.3810093325935042,0.6994829254783952,0.527070128246332
34,CST3,0.5152356656356168,-0.5202019765035228,1.9661501453264634,-0.9808071090833264,2.692476944719164,0.5152356656356168
35,RANBP1,-0.5061200814310756,-2.0060483612259974,1.2870144210616001,-2.256775061055099,1.79121478422078,0.5061200814310756
36,RNASEH2B,-0.5056746716509969,-0.8526861487919307,0.07227426180300917,-0.8526861487919307,0.883270520061829,0.5056746716509969
37,DCBLD2,0.5038312625040599,-0.7250409023387061,1.8492594821827781,-0.7250409023387061,2.3540339572804347,0.5038312625040599
38,NUCKS1,-0.4995140846612833,-1.6104213267009286,0.2609605759937735,-1.6104213267009286,0.9737719029743643,0.4995140846612833
39,SEPTIN6,-0.4983417483980976,-0.7375220875909818,0.11218723247737752,-0.7375220875909818,0.9409377951452242,0.4983417483980976
40,FABP5,-0.4965440761441982,-1.3960618851579165,0.25356436987748354,-1.3960618851579165,0.9881882788740659,0.4965440761441982
41,HIST1H1B,-0.49616070352404507,-0.6637714183569853,0.04353330967417313,-0.6637714183569853,1.5041939937829074,0.49616070352404507
42,TOP2A,-0.4938365763295584,-0.9210103273049299,0.6719512939795549,-0.9210103273049299,1.7383939504965837,0.4938365763295584
43,SQSTM1,0.4932075229057686,-0.7750967080951817,1.375072139942538,-0.7750967080951817,2.4151827756999844,0.4932075229057686
44,FDPS,-0.4828521867173731,-1.1012816839392852,0.17960653970878593,-1.1012816839392852,1.371576745015793,0.4828521867173731
45,RRM2,-0.48223065055413605,-0.7622570160958527,0.28666471203830246,-0.7622570160958527,1.2772379752066376,0.48223065055413605
46,IDH2,-0.47716310384304533,-0.7843721006034694,0.08504888080369603,-0.7843721006034694,0.6084071304680028,0.47716310384304533
47,HNRNPC,-0.475423754122413,-1.2426371837825012,0.25581485975082385,-1.9595176006526185,0.9098066066532897,0.475423754122413
48,DST,0.47387082245666357,-0.7443432419940489,1.6638681322887878,-0.7443432419940489,2.206997194941376,0.47387082245666357
49,NASP,-0.4730049172171245,-1.4867391267160521,0.7025292238851442,-1.4867391267160521,1.3283579668661012,0.4730049172171245
50,PPM1G,-0.4719703189827851,-1.4019926375620182,0.23544709022118493,-1.4019926375620182,0.7235390358693783,0.4719703189827851
51,ANP32B,-0.47128458880114216,-1.360174746445947,0.5178910422999329,-2.030456192426019,1.1896685291010805,0.47128458880114216
52,SUPT16H,-0.4710958330269841,-1.2066854701737828,0.3994490875502162,-1.2066854701737828,1.1091461910505824,0.4710958330269841
53,DEK,-0.46868241897268315,-1.5231498177303722,0.3303547446475575,-1.5231498177303722,1.3285123412356923,0.46868241897268315
54,RAN,-0.468110366076122,-1.018011275803953,0.09019552084216513,-2.618044702088743,0.5405775627733176,0.468110366076122
55,HNRNPD,-0.46757072100240393,-1.2558261039947072,0.36778907745136813,-1.7761307242606679,1.2086348053719005,0.46757072100240393
56,PCLAF,-0.4666753040943257,-1.1939148091777567,0.42094467644846384,-1.1939148091777567,1.2784717894092794,0.4666753040943257
57,MALAT1,0.4642967076950903,-0.458991753070363,1.284268868954173,-2.057473789660939,2.031116593868724,0.4642967076950903
58,ALYREF,-0.46332696449087357,-1.1778208417844822,0.3303921775865505,-1.1778208417844822,0.7906616525697658,0.46332696449087357
59,SRSF3,-0.4625863118472958,-1.7162432594407675,0.30713744925369013,-1.7162432594407675,0.9895176963697794,0.4625863118472958
60,PABPC4,-0.4615925743217328,-0.8574933613056609,0.12795899264865424,-0.8574933613056609,0.878399053741031,0.4615925743217328
61,XRCC5,-0.4573613682581847,-1.2246109567191672,0.1458490290138649,-1.860017784645803,0.7814340509865212,0.4573613682581847
62,PCNA,-0.4518963444883384,-0.9745161036760677,0.28957095343757955,-0.9745161036760677,1.5168085594861638,0.4518963444883384
63,FUS,-0.44984424286882224,-1.5194117230023976,0.30756777109245104,-1.5194117230023976,0.8761006194506054,0.44984424286882224
64,MCM7,-0.44920500736410746,-0.8806595202364654,0.3387827757916717,-0.8806595202364654,0.9771216515622406,0.44920500736410746
65,KPNA2,-0.44768767704477336,-0.9990613905589547,0.4501377614338431,-0.9990613905589547,1.5916044267017875,0.44768767704477336
66,SNRPD1,-0.44472334293701865,-1.5988749324834075,0.36378771667125553,-1.5988749324834075,1.089924448772696,0.44472334293701865
67,ANXA5,0.4379435837521861,-0.9404449501409546,1.4093580207452758,-0.9404449501409546,2.090590949975012,0.4379435837521861
68,SOX4,-0.4362973077172628,-0.9439441220435119,0.3977451546517396,-0.9439441220435119,2.0675691111413026,0.4362973077172628
69,ANP32E,-0.436240316545853,-1.0099031755929704,0.4085732867712264,-1.0099031755929704,0.956900494336534,0.436240316545853
70,DNAJC9,-0.43603628712003506,-0.8886434383012167,0.2208160334013589,-0.8886434383012167,1.0378075294874796,0.43603628712003506
71,USP1,-0.4320356193360424,-0.7343713574108608,0.24121114686159992,-0.7343713574108608,0.9097070164981358,0.4320356193360424
72,HNRNPA2B1,-0.4279080903450148,-1.1391527565741895,0.28640280639883287,-2.5560119541907667,0.65053721344229,0.4279080903450148
73,PSIP1,-0.4264929703561142,-0.8099622668608781,0.17391956430825015,-0.8099622668608781,1.1687796173706892,0.4264929703561142
74,HNRNPU,-0.4260471364497261,-1.3569357470071712,0.3933686419927676,-2.1085902527368465,1.0151506587469181,0.4260471364497261
75,DANCR,0.42506149071572746,-0.4742979982537539,1.1509154340582577,-1.2015312650841983,1.8477655908423154,0.42506149071572746
76,PRKDC,-0.4250055759506166,-1.199717785821904,0.3725058536663161,-1.6131312866077316,0.9077563266887771,0.4250055759506166
77,PSMA6,-0.4249751479262756,-1.5921951231601275,0.33465884355282405,-1.5921951231601275,0.9385546746609175,0.4249751479262756
78,PSAP,0.42492225419855545,-0.7105843591177188,1.3880841923272884,-1.100004796930524,2.042185659459857,0.42492225419855545
79,APLP2,0.42362329234807933,-0.41413199100840764,1.1481745323146513,-0.9466791549717255,1.9369670947993927,0.42362329234807933
80,PAICS,-0.42170555212267047,-1.303567345307413,0.3458018944997158,-1.303567345307413,1.3075547860402432,0.42170555212267047
81,SFPQ,-0.42144746736445116,-1.2407682284223887,0.46082865153671787,-1.7126471384870858,1.0091369763505607,0.42144746736445116
82,CENPW,-0.42109235388512306,-0.7642915418652394,0.3024859735461374,-0.7642915418652394,0.8300235101672313,0.42109235388512306
83,TPX2,-0.42020497842428695,-1.035495666889613,0.6155256706195422,-1.035495666889613,1.4016548114734242,0.42020497842428695
84,CCT5,-0.4191944026754092,-1.3287436486949384,0.4455840347538531,-1.8342678310145795,0.7961130378971637,0.4191944026754092
85,BTG1,0.4170680682058241,-0.6347219616655995,1.1098098605389903,-0.6347219616655995,2.2122817366833996,0.4170680682058241
86,USP14,-0.4103783996910465,-1.039502906420367,0.15020878352866862,-1.039502906420367,0.9579746250127386,0.4103783996910465
87,HNRNPAB,-0.40845763495518683,-1.5537698550062529,0.43147077132889106,-1.5537698550062529,1.4285311417741426,0.40845763495518683
88,ZFAS1,0.4025881532835221,-0.2785638707618246,1.0462208134193887,-1.0066331523398886,2.1340388161201944,0.4025881532835221
89,SSRP1,-0.40151603060583707,-1.1234715241323892,0.36222970305572094,-1.1234715241323892,0.9071748000253257,0.40151603060583707
90,LMNB1,-0.39922654301164034,-0.7109288718934247,0.41316270563648244,-0.7109288718934247,1.1400810930495076,0.39922654301164034
91,DDX39A,-0.39811968084694516,-0.752058826264607,0.28913833064152095,-0.752058826264607,0.8976506368548999,0.39811968084694516
92,SLTM,-0.3936418685358104,-0.7146566123283946,0.21897042090524796,-0.7146566123283946,1.067289808341161,0.3936418685358104
93,MCM3,-0.39197451445961795,-0.9669507940678734,0.5637388030619481,-0.9669507940678734,1.6160958806605201,0.39197451445961795
94,LBR,-0.39174402454924867,-0.8037864670052803,0.3496139302954398,-0.8037864670052803,1.007829238484832,0.39174402454924867
95,CBX3,-0.38974216040453424,-1.320871292678436,0.2656352409443056,-1.320871292678436,0.8874521860202944,0.38974216040453424
96,ANP32A,-0.38786593987309853,-1.1994285848840631,0.4901864740148623,-1.1994285848840631,1.303919050385102,0.38786593987309853
97,BCLAF1,-0.38660810612109775,-1.2138519037227193,0.20900964851574488,-1.2138519037227193,1.0048907053013285,0.38660810612109775
98,SMC4,-0.3857291145621241,-1.0207684729287758,0.5679908063223227,-1.0207684729287758,1.616959026079403,0.3857291145621241
99,CACYBP,-0.3856817310691896,-1.4137325883307372,0.4513654827675902,-1.4137325883307372,1.1457628607354249,0.3856817310691896
100,HIST1H1E,-0.3844923592461257,-0.8680758959805998,0.4278210871660673,-0.8680758959805998,2.089278649612662,0.3844923592461257
101,MT-ND6,-0.3840513286166499,-1.6673634387806704,0.48398958665573094,-1.6673634387806704,1.5885502956553648,0.3840513286166499
102,SET,-0.3836497243600258,-1.1392845657697266,0.6032473060259276,-2.3536536243787354,1.2986584159502441,0.3836497243600258
103,DUT,-0.38319629958856727,-1.2604035445549746,0.42650012289497624,-1.2604035445549746,0.8247683933875303,0.38319629958856727
104,ASPM,-0.3830667269421162,-0.7940845715342149,0.5889969599904433,-0.7940845715342149,1.7965812457265273,0.3830667269421162
105,HNRNPDL,-0.38260866653457243,-1.080982460550128,0.36953568262690456,-1.452639009527026,0.8743270377599612,0.38260866653457243
106,UBE2T,-0.38029149143503216,-0.7529398062821778,0.3296791693571654,-0.7529398062821778,1.1247881790999021,0.38029149143503216
107,HELLS,-0.3786052043648993,-0.6909930320884416,0.2957554010246561,-0.6909930320884416,1.142145195374327,0.3786052043648993
108,ILF3,-0.376341512698092,-1.1195687777258254,0.38303158219086153,-1.1195687777258254,1.088754700972905,0.376341512698092
109,CDKN3,-0.3758452129243461,-0.6277496908894448,0.41896373283949795,-0.6277496908894448,1.396084299207601,0.3758452129243461
110,XRCC6,-0.37583208248023947,-1.5339950194825132,0.2967622408400575,-1.5339950194825132,0.6917888054381411,0.37583208248023947
111,NUSAP1,-0.3756273267383055,-0.6315525411446631,0.28168847572011324,-0.6315525411446631,1.4023539186636866,0.3756273267383055
112,HMMR,-0.3731815869026365,-0.5451833555175019,0.2069162300156402,-0.5451833555175019,1.0652152946518707,0.3731815869026365
113,CKS1B,-0.3716333895787865,-0.9941122586442854,0.6017634337232682,-0.9941122586442854,1.3427493517683122,0.3716333895787865
114,HNRNPA3,-0.3711064157463724,-1.1796859205256138,0.35344490404027357,-1.7910732329378758,1.0479315220822658,0.3711064157463724
115,SNRPF,-0.3660669114435035,-1.4043196503236104,0.3573004897520727,-1.4043196503236104,0.9985905822203349,0.3660669114435035
116,HMGN1,-0.36552113662781777,-1.1796662536614642,0.5087343248373761,-1.917471500968288,1.0068263086325422,0.36552113662781777
117,JPT1,-0.3654625190113538,-1.4409746576859153,0.4296116660521828,-1.4409746576859153,0.9948392461226785,0.3654625190113538
118,RAD23A,-0.3653845351656328,-1.0260892193652684,0.1937825400494043,-1.0260892193652684,0.9902016837261622,0.3653845351656328
119,RRM1,-0.3650285403136881,-0.6551542160783587,0.25633159896985896,-0.6551542160783587,1.246171128961009,0.3650285403136881
120,CCNB1,-0.3628750022535285,-0.7994580334997201,0.6251762323999378,-0.7994580334997201,1.7847351961755729,0.3628750022535285
121,CKS2,-0.3628666259029203,-1.0994946886125567,0.5847234319623941,-1.0994946886125567,1.795031316178703,0.3628666259029203
122,MAZ,-0.36264896584794215,-1.0352401977318633,0.29282302801429144,-1.0352401977318633,0.9274853224021089,0.36264896584794215
123,MCM4,-0.36200162592935015,-0.7269594387532604,0.3542741580484973,-0.7269594387532604,1.19084468321787,0.36200162592935015
124,LSM5,-0.36069614739729466,-1.1958048352633768,0.41545112043272914,-1.1958048352633768,0.9685809603298849,0.36069614739729466
125,C1QBP,-0.3606354983460468,-1.0474092793277467,0.3042458105274472,-1.885728974323627,0.7310362863727842,0.3606354983460468
126,NAE1,-0.35816467891336523,-0.9318499106314087,0.37618956385589597,-0.9318499106314087,1.5305121403787232,0.35816467891336523
127,EZH2,-0.3577318807645633,-0.6111045700938678,0.3234914200871014,-0.6111045700938678,1.1315583365528608,0.3577318807645633
128,CTSD,0.3573485239895288,-0.728479242798516,1.350623321059516,-0.728479242798516,2.450452231887153,0.3573485239895288
129,CTSB,0.35733095776830115,-0.45452968220737844,1.0899659480569035,-0.45452968220737844,2.080242713880268,0.35733095776830115
130,CAST,0.3573070063823114,-0.5247725582554257,1.1851092719600282,-0.5247725582554257,1.9525295161769474,0.3573070063823114
131,NOP56,-0.356197320077495,-1.3017217095743936,0.4748812262166217,-1.3017217095743936,1.0144027296651084,0.356197320077495
132,RBM8A,-0.3554222411663194,-1.3309898333597134,0.3828468842458774,-1.3309898333597134,0.8764188332510043,0.3554222411663194
133,DSTN,0.3513311060858564,-1.1657900205543332,1.3317746290275758,-1.1657900205543332,2.0472460397789187,0.3513311060858564
134,CD151,0.3509932839536824,-0.7225687378264852,1.3698358661316448,-0.7225687378264852,2.018874657788139,0.3509932839536824
135,TMPO,-0.3500426063277386,-0.9878377002823114,0.5942687230956792,-0.9878377002823114,1.2148574310195683,0.3500426063277386
136,NQO1,0.3494435304279811,-0.7315872965997151,1.3868917645269936,-0.7315872965997151,2.344239825134904,0.3494435304279811
137,SMC1A,-0.3480920448518101,-0.8079742311133928,0.3766429067955427,-0.8079742311133928,1.3406783224449568,0.3480920448518101
138,TCP1,-0.3477811019753794,-1.5171865016674762,0.31826104815247,-1.5171865016674762,0.9196175545001264,0.3477811019753794
139,ERH,-0.3474810330514047,-1.0378511160802344,0.21339118776803218,-1.5973206013631323,0.7981917410898707,0.3474810330514047
140,MT-ND3,0.3464704742853086,-0.21731765731744934,0.9818705751044257,-1.1635227964776056,1.2778171731574042,0.3464704742853086
141,HNRNPF,-0.34417933049499266,-1.2838883716058993,0.3958129805135465,-1.2838883716058993,1.0732066315221525,0.34417933049499266
142,POLD4,0.34404261567396244,-0.31432568045159676,1.294593439383303,-0.31432568045159676,1.915884146971499,0.34404261567396244
143,ACTB,-0.3426717193923588,-1.1156392440597445,0.3469671383102506,-1.8707590923110873,0.820215858479318,0.3426717193923588
144,ACAT2,-0.3424120349069521,-0.7933747360863996,0.34295396111818993,-0.7933747360863996,1.3997359683355974,0.3424120349069521
145,HNRNPM,-0.3423252676549983,-1.4207681228294844,0.3913060139045242,-1.4207681228294844,0.9630052040442949,0.3423252676549983
146,EXOSC8,-0.34100725141554344,-0.7397402362338461,0.36187841134153226,-0.7397402362338461,0.8477443619259439,0.34100725141554344
147,DTYMK,-0.3405989857083284,-0.9158996954234977,0.40920687768136066,-0.9158996954234977,1.0748626575199227,0.3405989857083284
148,CLSPN,-0.3404990876227827,-0.7043266362786582,0.49237036041018445,-0.7043266362786582,1.3879959516882607,0.3404990876227827
149,ILF2,-0.3400010808340259,-1.1680600615528127,0.35438444890708704,-1.1680600615528127,0.969693186661909,0.3400010808340259
150,HTATSF1,-0.33901355135437494,-0.6358676279057613,0.17390470857724036,-0.6358676279057613,1.2204768335352787,0.33901355135437494
151,ZWINT,-0.3389430784321276,-0.5916239149970265,0.2650541059571053,-0.5916239149970265,1.0664692990380078,0.3389430784321276
152,VMP1,0.33802099847840805,-0.5733498574193525,1.108133506685872,-0.5733498574193525,1.9184828757349444,0.33802099847840805
153,PTMS,0.3365469747698337,-0.6575559130249755,1.1955429801406126,-1.1566779842911499,1.8972809085311158,0.3365469747698337
154,PHPT1,0.3360874184312083,-0.34307125704651903,0.970980084963979,-1.0184734930313213,1.7830435167037861,0.3360874184312083
155,TUBB4B,-0.3359347399236022,-1.596288567573711,0.5780931653669622,-1.596288567573711,1.653359526603535,0.3359347399236022
156,PSMA3,-0.33370208459388345,-1.2564532823239525,0.22960962584865494,-1.2564532823239525,0.5998911791170876,0.33370208459388345
157,NORAD,0.3330677561914876,-0.6800495511173182,1.1290015334011143,-0.6800495511173182,1.857313978088004,0.3330677561914876
158,RAD21,-0.3313640614296603,-1.0556236723233163,0.3929524203967154,-1.0556236723233163,1.2000943204592764,0.3313640614296603
159,CCT2,-0.3312237703948143,-1.1242195964316124,0.36318026776516493,-1.624520361469149,1.1562311052819496,0.3312237703948143
160,TMEM106C,-0.3310726642940895,-0.6502277777943897,0.18938910500666623,-0.6502277777943897,1.060964830085249,0.3310726642940895
161,PTTG1,-0.32891799883023864,-1.0481420094937517,0.7531240170031355,-1.0481420094937517,1.649627632382469,0.32891799883023864
162,ESD,-0.3285613628360519,-1.0997907172415307,0.3519582499291846,-1.0997907172415307,0.8855334271218727,0.3285613628360519
163,DNMT1,-0.32773335535734827,-0.972497017659341,0.4303689167126069,-0.972497017659341,1.2157704517467869,0.32773335535734827
164,CDK1,-0.32723345718505276,-0.6162301946474678,0.4977100204633109,-0.6162301946474678,1.4075468134091729,0.32723345718505276
165,POLR3K,-0.32674971268941494,-0.7015228714927562,0.38011648988877456,-0.7015228714927562,1.2126696858421437,0.32674971268941494
166,SNRPG,-0.32519601519038155,-1.1496233584539772,0.45252560356689625,-1.4770510317938212,1.0000607846124288,0.32519601519038155
167,MAD2L1,-0.32488117662766663,-0.7867902308907924,0.4947242945227208,-0.7867902308907924,1.1374925583395543,0.32488117662766663
168,TAF9,-0.3240381668447325,-0.7484885065640494,0.28967248510465143,-0.7484885065640494,0.6754819543276742,0.3240381668447325
169,PRXL2A,0.3238343866823981,-0.6168482593614663,1.231060332862655,-0.6168482593614663,1.8208436675947106,0.3238343866823981
170,GRN,0.32265149271682547,-0.38000239467850655,1.026850112912741,-0.38000239467850655,1.8938618745780853,0.32265149271682547
171,DIAPH1,-0.3220842342830987,-0.7687930780220014,0.33705294553756887,-0.7687930780220014,0.9423251432609576,0.3220842342830987
172,BANF1,-0.3219706385372376,-0.8904719680171047,0.27710839811753885,-1.4312130063395534,0.7367524058003392,0.3219706385372376
173,CCNA2,-0.3206726502004306,-0.6817400581186399,0.573766838854016,-0.6817400581186399,1.2195852869207278,0.3206726502004306
174,PAFAH1B3,-0.31993232363135604,-0.8368482956172679,0.336532150816753,-0.8368482956172679,1.0194961658237722,0.31993232363135604
175,SYNCRIP,-0.318989829054118,-1.1207527636956638,0.32872803216462665,-1.1207527636956638,0.926987934165054,0.318989829054118
176,WDR34,-0.3178022644017853,-0.5525355544799698,0.2217132839447128,-0.5525355544799698,0.8448097500091659,0.3178022644017853
177,CD99,-0.31744932450052493,-1.081703526945874,0.2941000151912719,-1.081703526945874,1.0241323876659425,0.31744932450052493
178,TTC37,-0.3163225140636225,-0.428278748325449,0.08511085099782369,-0.428278748325449,0.7706890661200466,0.3163225140636225
179,TOP2B,-0.3157220837585375,-0.8830354570402704,0.38634711513380177,-0.8830354570402704,1.2994808794007695,0.3157220837585375
180,SERBP1,-0.3153956204714137,-0.9719406858389061,0.4122331604059058,-2.138194371790139,0.8866569503839332,0.3153956204714137
181,PA2G4,-0.3148491298199846,-1.2495618148232335,0.6142968015288476,-1.8545789881134862,1.4434473352049952,0.3148491298199846
182,NME1,-0.3147593692508131,-1.1032653006567712,0.4018145767197852,-1.7871301921858544,0.8073043075547461,0.3147593692508131
183,ATAD2,-0.31438766293465353,-0.697517611775212,0.43369548102874284,-0.697517611775212,1.180210373606868,0.31438766293465353
184,CHD1,-0.3134686545944875,-0.737637785483058,0.27115811963016184,-0.737637785483058,0.8484292950146837,0.3134686545944875
185,THRAP3,-0.3111891314808896,-1.1688586796937919,0.3569580231489204,-1.1688586796937919,0.7628723059476876,0.3111891314808896
186,SNRPA1,-0.3110460360339848,-0.8990546335753818,0.3462535272064783,-0.8990546335753818,1.3365863690796473,0.3110460360339848
187,CENPU,-0.3108509881742999,-0.5847235588726147,0.347147473842229,-0.5847235588726147,1.062055739909734,0.3108509881742999
188,PPIH,-0.30999955402546353,-0.5806994754301243,0.25156987128389535,-0.5806994754301243,1.4068447035325833,0.30999955402546353
189,EIF4A2,0.30908457124174815,-0.8272953919371046,0.9695943900147997,-0.8272953919371046,1.6551856108705127,0.30908457124174815
190,RPA3,-0.30869751873166623,-0.7985045703833517,0.32065553341456077,-0.7985045703833517,0.9966341463143412,0.30869751873166623
191,CARHSP1,-0.30865070587330984,-0.9012736323862777,0.4316960092992078,-0.9012736323862777,1.611683940550734,0.30865070587330984
192,BAZ1A,-0.3084400723858773,-0.7594952195977915,0.4535708337927113,-0.7594952195977915,1.2567956834936391,0.3084400723858773
193,PARP1,-0.3067675798835912,-1.1916625338458746,0.7016604107952386,-1.1916625338458746,1.1725602311229975,0.3067675798835912
194,CKLF,-0.30674861523219427,-0.8282554656198682,0.26458787620752433,-0.8282554656198682,0.8618456810781299,0.30674861523219427
195,HSPE1,-0.3059277323939908,-1.2011152867071322,0.5880061265237635,-2.2351006869070225,1.2053309079416104,0.3059277323939908
196,PSMD2,-0.305572009751716,-1.355748930380184,0.4118381114746743,-1.355748930380184,0.8707646938111002,0.305572009751716
197,RTRAF,-0.3049210067100165,-1.2470511915780234,0.2773820636175943,-1.2470511915780234,0.7700868127249552,0.3049210067100165
198,HMGB3,-0.3047088261115942,-0.5585884530893858,0.2461409489758912,-0.5585884530893858,0.986561707700104,0.3047088261115942
199,FEN1,-0.30382572929261964,-0.5672728031565522,0.31180707517367845,-0.5672728031565522,1.3763388187001373,0.30382572929261964
200,TCF7,-0.30376080993180543,-0.4094174846964946,0.1056196942967305,-0.4094174846964946,0.962830449644936,0.30376080993180543
201,CCNB2,-0.30372533783762046,-0.5670689115151202,0.38670093921577525,-0.5670689115151202,1.2601355543509687,0.30372533783762046
202,PPIA,-0.3025787010406704,-0.7125181260091294,0.131317728521205,-2.581664973734044,0.7702885327356825,0.3025787010406704
203,KIF11,-0.30221613203959946,-0.548123955573674,0.37583063856161036,-0.548123955573674,1.707594037208919,0.30221613203959946
204,TPR,-0.30218481211096976,-1.1627858341307107,0.30487912291579805,-1.1627858341307107,0.7999396860032615,0.30218481211096976
205,BRCA2,-0.30197067643681275,-0.43250172629174366,0.20598003373328033,-0.43250172629174366,0.8936461876410566,0.30197067643681275
206,KNL1,-0.3013332359927758,-0.48914067332663635,0.28591521198830505,-0.48914067332663635,1.2877161067255487,0.3013332359927758
207,SH3BGRL3,0.3012090980449484,-1.4218073515037186,1.5568764062782638,-1.4218073515037186,2.210199532117497,0.3012090980449484
208,SEPHS1,-0.30107528282188,-0.5702655044610087,0.27072810258321134,-0.5702655044610087,0.9282492670004782,0.30107528282188
209,CD59,0.30053304856589846,-0.8232389433644488,1.3606808678843305,-0.8232389433644488,2.0654479520060347,0.30053304856589846
210,CKAP5,-0.3005235491591596,-0.6495166456959613,0.274437948439323,-0.6495166456959613,1.2014933192469708,0.3005235491591596
211,TTC3,0.30037148386884877,-0.3933672757946515,0.8661405710376239,-1.0687695117794538,1.757692995468471,0.30037148386884877
212,MRPS16,-0.2999380388984519,-0.8586766321396107,0.30074481179959833,-0.8586766321396107,1.1436341207290417,0.2999380388984519
213,NUDT1,-0.2994047771590697,-0.6377634114643006,0.30559026533165884,-0.6377634114643006,1.006314962444696,0.2994047771590697
214,RESF1,-0.29785899553056094,-0.5808298147549943,0.33156102529856407,-0.5808298147549943,1.3631114207873032,0.29785899553056094
215,HSPD1,-0.29773967743335045,-1.2921570370385402,0.6092940976431612,-2.35183299281094,0.9393769433310277,0.29773967743335045
216,HNRNPH3,-0.29773276071559673,-1.091984895647493,0.37417568784860084,-1.091984895647493,0.9217706642737717,0.29773276071559673
217,SRRM1,-0.2977179943215871,-1.1360332325875158,0.2701463147223597,-1.1360332325875158,0.7841307564795619,0.2977179943215871
218,NCAPG,-0.2977069459163315,-0.569878051973205,0.437689759039063,-0.569878051973205,1.1460536020032355,0.2977069459163315
219,HAT1,-0.2977009805066996,-0.6419314509441489,0.33617703856924824,-0.6419314509441489,1.0961590641925698,0.2977009805066996
220,RBBP4,-0.29767893017836655,-0.91208299222264,0.47843996462550437,-0.91208299222264,1.1037377494308025,0.29767893017836655
221,LUC7L2,-0.2971898371747296,-0.8269638026044482,0.39804447052024655,-0.8269638026044482,1.3757313286974315,0.2971898371747296
222,RPS18,0.2957893270926579,-0.03350389724823008,0.6237325834646604,-0.4769224954232789,1.1000652479544066,0.2957893270926579
223,PRMT1,-0.29553546751404425,-1.3634249675255632,0.3937676441687726,-1.3634249675255632,1.5228877556342268,0.29553546751404425
224,ABCE1,-0.294535579460224,-0.9484112301716536,0.3818259438624648,-0.9484112301716536,1.0345684250941545,0.294535579460224
225,RBMX,-0.2935423319282359,-1.0332343482551152,0.5026213264885369,-1.0332343482551152,1.1976342297020381,0.2935423319282359
226,SNHG8,0.2932974627808834,-0.8298828610390154,1.091588639357713,-0.8298828610390154,2.057260035613206,0.2932974627808834
227,CENPH,-0.2930894959244812,-0.4347202102075009,0.2315175016989322,-0.4347202102075009,0.610789485799274,0.2930894959244812
228,ZNRF1,-0.2921992641715297,-0.6018294601464476,0.2397504301047121,-0.6018294601464476,0.7704184741949831,0.2921992641715297
229,PSMB2,-0.2921129062082676,-1.0090040693714688,0.5353997458980015,-1.5486666927769253,1.0078323115870884,0.2921129062082676
230,RRBP1,0.2916932866619178,-0.7757477255300074,1.1875611333414526,-0.7757477255300074,1.7892184762522192,0.2916932866619178
231,MYBL2,-0.2904794377465532,-0.5434224028080857,0.470764623215779,-0.5434224028080857,0.9024841170817458,0.2904794377465532
232,SNHG19,0.2902804501478237,-0.25135461178286145,1.1320984950973265,-0.25135461178286145,2.4190922609283203,0.2902804501478237
233,BAZ1B,-0.2901742140958456,-0.9393990635799597,0.33560088873632443,-0.9393990635799597,1.0274046063495446,0.2901742140958456
234,SLBP,-0.2900429381523471,-0.8306441495142478,0.4622491171636086,-0.8306441495142478,1.3796644022740823,0.2900429381523471
235,EMG1,-0.28979227499817245,-0.6237479951134225,0.32413854339213155,-0.6237479951134225,0.8747667763480643,0.28979227499817245
236,MYL6,0.28940023048609753,-0.6332192161341028,1.2429003736715,-2.247990415360482,1.69354791853234,0.28940023048609753
237,CENPN,-0.2890961851534931,-0.4260635946400166,0.16156143206286425,-0.4260635946400166,0.6823777582042216,0.2890961851534931
238,FAM210B,0.28885255495555645,-0.2704824103406071,0.9619591341921686,-0.2704824103406071,1.731053005308807,0.28885255495555645
239,HNRNPA0,-0.28860942389206923,-0.9289892556174085,0.34198697786495225,-0.9289892556174085,1.5623354075448228,0.28860942389206923
240,CHML,0.28859047128377674,-0.3882708392808085,0.9979424394896381,-0.3882708392808085,1.6642930664351339,0.28859047128377674
241,P4HB,0.28833582723222567,-0.547182020575824,1.1806774764944885,-1.0873534053872254,1.8087664276053284,0.28833582723222567
242,CCT6A,-0.28821291354263046,-1.0004598290188536,0.29919231827423687,-1.8154906422360166,0.840425094916083,0.28821291354263046
243,LSM4,-0.2870097089706618,-0.9346435231072348,0.3564749675887184,-1.4238706153733176,0.9429251629012185,0.2870097089706618
244,HDAC1,-0.28650373082530306,-0.8765957777651275,0.46258717130103455,-0.8765957777651275,1.067015844091562,0.28650373082530306
245,IL6ST,0.2858733765364221,-0.32683758162343457,1.0823890743366484,-0.32683758162343457,1.8034884510151152,0.2858733765364221
246,DDX46,-0.28532530174022885,-1.138982380618237,0.36825481535039084,-1.138982380618237,0.8414805281265749,0.28532530174022885
247,H3F3A,-0.28527937838787937,-0.9382181210679509,0.408912463648846,-2.633581261174152,0.933839221461346,0.28527937838787937
248,CDCA7,-0.28498048544464216,-0.4890164955664789,0.3206710115860784,-0.4890164955664789,1.090849913735279,0.28498048544464216
249,CENPM,-0.28492897396981165,-0.5069633331216875,0.24191043711528146,-0.5069633331216875,0.8199302349172529,0.28492897396981165
250,BID,-0.28463343709857497,-0.6760629855125827,0.2746899165183621,-0.6760629855125827,0.9276396788627225,0.28463343709857497
251,MTHFD2L,0.28400957028525115,-0.2409730444287152,0.9126469602252153,-0.2409730444287152,1.6100369205142169,0.28400957028525115
252,ODC1,-0.28379768269108097,-1.051477754646055,0.4713303560679037,-1.5318455224568766,1.1663258547251303,0.28379768269108097
253,EIF5A,-0.2836111124896518,-0.8240694442844538,0.2000498851680608,-2.262394134149566,0.758811291112885,0.2836111124896518
254,LEPROT,0.2835555423177925,-0.4240725298583713,0.9383741359054837,-0.4240725298583713,1.4510795811950956,0.2835555423177925
255,VRK1,-0.2832295386457526,-0.46867960518984353,0.2661910431942507,-0.46867960518984353,0.8350814002117678,0.2832295386457526
256,CUEDC2,-0.2832240398269293,-0.5581097462134511,0.2879737994713633,-0.5581097462134511,1.0455929181618542,0.2832240398269293
257,PCM1,-0.28311981096275485,-0.9172852745762154,0.3617049941310599,-0.9172852745762154,1.2453045138606742,0.28311981096275485
258,MCM6,-0.28277273471956427,-0.5205666466310884,0.33835225862709,-0.5205666466310884,1.0419941501065826,0.28277273471956427
259,GINS2,-0.2826686722555647,-0.5524549542309056,0.35689118520009405,-0.5524549542309056,1.3009823502658595,0.2826686722555647
260,CTCF,-0.28240821308770475,-0.6454725121148287,0.3390735889784635,-0.6454725121148287,0.9796685124747099,0.28240821308770475
261,RBX1,-0.2818875523060415,-1.2763629224886157,0.32748298376901364,-1.2763629224886157,0.7059867116819165,0.2818875523060415
262,KIF20B,-0.2816376272956341,-0.6302990635277956,0.48199267784335914,-0.6302990635277956,1.5206506530401975,0.2816376272956341
263,NOLC1,-0.2815829597592756,-0.904238010799308,0.3678833232766196,-0.904238010799308,0.8482511983758019,0.2815829597592756
264,CLPP,-0.28136454191493543,-0.7312801042583792,0.30780895557133237,-0.7312801042583792,0.9171362956973703,0.28136454191493543
265,HES4,-0.28134388576870245,-0.5296363348950528,0.3068460707674837,-0.5296363348950528,1.1644154076586581,0.28134388576870245
266,SNHG3,0.2811032240961079,-0.7896794140015497,1.1439152658309082,-0.7896794140015497,2.0465508640135868,0.2811032240961079
267,NUDC,-0.2809838841120892,-1.0193490408822279,0.3631859875754135,-1.541015424625514,0.9691147423819322,0.2809838841120892
268,BRCA1,-0.2805374820779081,-0.5296456536566574,0.3762361446107068,-0.5296456536566574,1.248392490454976,0.2805374820779081
269,ABRACL,-0.2803415382720591,-0.7904195188089195,0.3880372644857581,-0.7904195188089195,0.9636088015035805,0.2803415382720591
270,SNRPE,-0.28014911972782686,-1.0087561306849333,0.4695176186665682,-1.5623130736246915,1.27669168139545,0.28014911972782686
271,MRPL21,-0.27976436156843987,-0.8197502757254862,0.3541174982842184,-0.8197502757254862,0.8286661242302633,0.27976436156843987
272,BUB1,-0.27915670201465465,-0.5110551625880172,0.37129900153551765,-0.5110551625880172,1.3036013334599565,0.27915670201465465
273,MZT1,-0.2789847700905731,-0.7140934441839311,0.43924584643496534,-0.7140934441839311,1.0862064387048629,0.2789847700905731
274,PSMA4,-0.27896819709229237,-0.9615742407998833,0.5126737750807013,-1.4504053913316521,0.9785728133955207,0.27896819709229237
275,ZNF580,0.2788685042791371,-0.41674118303299923,0.8749642822837732,-0.41674118303299923,1.5546236727332972,0.2788685042791371
276,FDXR,0.2781138358159767,-0.28591295037326814,1.4183449670309065,-0.28591295037326814,2.8678687020772933,0.2781138358159767
277,MXRA7,0.27781784170764046,-0.3584924166361278,1.1004672820409351,-0.3584924166361278,2.626408057912212,0.27781784170764046
278,SMARCA5,-0.2775583125366575,-1.0752225579885815,0.38105688670593757,-1.0752225579885815,1.3871394930215504,0.2775583125366575
279,NUF2,-0.2772235910218691,-0.4191932278278762,0.27687403386798554,-0.4191932278278762,1.113028208672673,0.2772235910218691
280,MICOS10,-0.27717960789572366,-0.9168209003805582,0.3485412312150533,-1.36306887143845,0.9270278883576926,0.27717960789572366
281,RBM3,0.27670749790477095,-0.34740517642874535,0.8154577204905051,-1.1753444483556252,1.2461943814478416,0.27670749790477095
282,LSM2,-0.2754343151532386,-1.0689544170870415,0.4177542239652045,-1.0689544170870415,1.201164773129023,0.2754343151532386
283,FTSJ3,-0.27515467210186795,-0.41923043922390746,0.18605057998690797,-0.41923043922390746,0.9781148652652283,0.27515467210186795
284,APRT,-0.27509208790734674,-0.9118381667720028,0.31074692720306407,-1.6651197720156856,1.0447167109860234,0.27509208790734674
285,FAM200B,0.27496393979122197,-0.2907255308397973,1.1003155572644507,-0.2907255308397973,1.6325378997556006,0.27496393979122197
286,CCT7,-0.2746329928669709,-0.9957771651558107,0.33583298398931544,-1.4201207570842929,1.1819903440662198,0.2746329928669709
287,NSD2,-0.27414130065068626,-0.49115560061551444,0.24398236267946835,-0.49115560061551444,0.800804877213465,0.27414130065068626
288,NDUFV1,-0.2735729915248553,-0.7850308093648144,0.4271637764353564,-0.7850308093648144,1.1979488459009937,0.2735729915248553
289,FTH1,0.27312144542803424,-0.3243646814192175,0.923596601310885,-1.0262304975355505,1.5965693758165003,0.27312144542803424
290,SRSF4,-0.2730281628024434,-0.9413147946929287,0.5652084806824375,-0.9413147946929287,1.207337758865421,0.2730281628024434
291,PGP,-0.2723816445351502,-0.7183182645776971,0.43378153553216614,-0.7183182645776971,1.0292863439580695,0.2723816445351502
292,PTGES3,-0.27185161470528746,-1.022967035619293,0.4500823427757875,-1.9299202035346372,0.9960863520226138,0.27185161470528746
293,ZMAT3,0.2710875766602457,-0.23774695550343034,1.0152514442310665,-0.23774695550343034,1.7928993686542845,0.2710875766602457
294,NDUFB8,-0.2691200356847263,-1.191752670420916,0.32318141637870546,-1.191752670420916,1.1782078760726142,0.2691200356847263
295,SRRM2,-0.2690053189354184,-0.8843461924283789,0.34074385826894765,-1.4522880488126562,0.9362660474092677,0.2690053189354184
296,IARS,-0.26866182005777306,-0.841988269332404,0.3118771634068538,-0.841988269332404,1.1283133587803889,0.26866182005777306
297,ACADM,-0.26856530840342857,-0.5829802993547561,0.2613865610349533,-0.5829802993547561,1.0610980745542404,0.26856530840342857
298,PNRC1,0.2677849209537354,-0.2190936784993928,1.0750613946665006,-0.2190936784993928,1.767172100042172,0.2677849209537354
299,GLS,-0.26738038053369834,-0.49975179210029375,0.25797780975975265,-0.49975179210029375,1.2383387230364251,0.26738038053369834
300,MRPL18,-0.2673536581011321,-0.9073419608034029,0.3302870713316067,-0.9073419608034029,1.0083637200437652,0.2673536581011321
