model,condition,gene_set,top_k,n_true_cells,n_pred_cells,n_corr_pairs,csa_pearson,csa_spearman
TxPert_exphormer_mg_fixed2000,SMG5+ctrl,top_true_de,100,82,2000,4950,0.09911291467598479,0.09590258340340688
TxPert_exphormer_mg_fixed2000,HNRNPH1+ctrl,top_true_de,100,92,2000,4950,0.12938878531351306,0.12875530861591136
TxPert_exphormer_mg_fixed2000,RPL10A+ctrl,top_true_de,100,195,2000,4950,0.07292858803714888,0.07140924409878403
TxPert_exphormer_mg_fixed2000,EIF3E+ctrl,top_true_de,100,171,2000,4950,0.17176760649393463,0.16338854208670342
TxPert_exphormer_mg_fixed2000,MRPS14+ctrl,top_true_de,100,82,2000,4950,0.17297952494545374,0.16015515463804877
TxPert_exphormer_mg_fixed2000,EIF3M+ctrl,top_true_de,100,209,2000,4950,0.27470713890616616,0.2621182380399054
TxPert_exphormer_mg_fixed2000,RPL13+ctrl,top_true_de,100,243,2000,4950,0.11743826584133152,0.14084965831939067
TxPert_exphormer_mg_fixed2000,SNAPC3+ctrl,top_true_de,100,201,2000,4950,0.1660919868484246,0.16681253074956914
TxPert_exphormer_mg_fixed2000,NBAS+ctrl,top_true_de,100,94,2000,4851,0.12078525978859334,0.12208817027600288
TxPert_exphormer_mg_fixed2000,ELP5+ctrl,top_true_de,100,167,2000,4950,0.23884664600985914,0.21329107513284723
TxPert_exphormer_mg_fixed2000,RPS6+ctrl,top_true_de,100,165,2000,4950,0.28384608216675133,0.28752529035483027
TxPert_exphormer_mg_fixed2000,SEC13+ctrl,top_true_de,100,43,2000,4950,0.10176725111142318,0.0995330925967258
TxPert_exphormer_mg_fixed2000,SFSWAP+ctrl,top_true_de,100,145,2000,4851,0.151742228298702,0.13256148055546327
TxPert_exphormer_mg_fixed2000,SLU7+ctrl,top_true_de,100,195,2000,4950,0.20451598301666893,0.21177918788585356
TxPert_exphormer_mg_fixed2000,POLA1+ctrl,top_true_de,100,195,2000,4950,0.20701848611527435,0.21301121776611556
TxPert_exphormer_mg_fixed2000,GFER+ctrl,top_true_de,100,198,2000,4950,0.26107306981473904,0.26263411566157535
TxPert_exphormer_mg_fixed2000,C1QBP+ctrl,top_true_de,100,189,2000,4950,0.13564626274860542,0.13121269823427914
TxPert_exphormer_mg_fixed2000,SNRNP200+ctrl,top_true_de,100,92,2000,4950,0.27113167705000185,0.2729940575374855
TxPert_exphormer_mg_fixed2000,NUDC+ctrl,top_true_de,100,106,2000,4950,0.19570611296160798,0.1839184728698798
TxPert_exphormer_mg_fixed2000,PCF11+ctrl,top_true_de,100,393,2000,4950,0.26923380901598043,0.3133124589504609
TxPert_exphormer_mg_fixed2000,PSMA3+ctrl,top_true_de,100,194,2000,4950,0.514555323464031,0.5138781912766851
TxPert_exphormer_mg_fixed2000,RPS26+ctrl,top_true_de,100,73,2000,4950,0.28127196612144884,0.27279020171977086
TxPert_exphormer_mg_fixed2000,GRPEL1+ctrl,top_true_de,100,96,2000,4950,0.3862649164944034,0.3870714221163046
TxPert_exphormer_mg_fixed2000,PHF5A+ctrl,top_true_de,100,197,2000,4950,0.19994899434486485,0.19567396773642876
TxPert_exphormer_mg_fixed2000,ZNHIT6+ctrl,top_true_de,100,116,2000,4950,0.33372156352354604,0.30852004932231597
TxPert_exphormer_mg_fixed2000,SRBD1+ctrl,top_true_de,100,143,2000,4950,0.15933223601952157,0.15721465822978323
TxPert_exphormer_mg_fixed2000,MFAP1+ctrl,top_true_de,100,164,2000,4950,0.20706521452557794,0.21217266225981615
TxPert_exphormer_mg_fixed2000,RPS19+ctrl,top_true_de,100,410,2000,4950,0.33812579641066015,0.3638135227089953
TxPert_exphormer_mg_fixed2000,ARGLU1+ctrl,top_true_de,100,367,2000,4950,0.26596971275950565,0.24207695846563534
TxPert_exphormer_mg_fixed2000,GTF2E2+ctrl,top_true_de,100,69,2000,4950,0.18641243900968063,0.17650898388821973
TxPert_exphormer_mg_fixed2000,DYNLRB1+ctrl,top_true_de,100,192,2000,4851,0.07919601055576436,0.07490697594759266
TxPert_exphormer_mg_fixed2000,TSR2+ctrl,top_true_de,100,486,2000,4950,0.32207188628945704,0.32603485759233014
TxPert_exphormer_mg_fixed2000,COG2+ctrl,top_true_de,100,332,2000,4851,0.20447729330136952,0.20651193064914328
TxPert_exphormer_mg_fixed2000,SFPQ+ctrl,top_true_de,100,185,2000,4950,0.06355683696075043,0.06325579241133854
TxPert_exphormer_mg_fixed2000,MRPL18+ctrl,top_true_de,100,128,2000,4950,0.16964977872528747,0.15470494207488175
TxPert_exphormer_mg_fixed2000,NAA15+ctrl,top_true_de,100,107,2000,4950,0.2618278066320363,0.23299894079944225
TxPert_exphormer_mg_fixed2000,DONSON+ctrl,top_true_de,100,688,2000,4950,0.16498279878333894,0.1632631296221267
TxPert_exphormer_mg_fixed2000,RARS2+ctrl,top_true_de,100,139,2000,4851,0.13545121988709352,0.13026051904500524
TxPert_exphormer_mg_fixed2000,RPF1+ctrl,top_true_de,100,108,2000,4950,0.1289239211804108,0.11973298683954767
TxPert_exphormer_mg_fixed2000,ZBTB17+ctrl,top_true_de,100,158,2000,4950,0.18302791443747285,0.1710233883169272
TxPert_exphormer_mg_fixed2000,DPH2+ctrl,top_true_de,100,161,2000,4950,0.20269606363244655,0.18631241060536127
TxPert_exphormer_mg_fixed2000,TAF10+ctrl,top_true_de,100,38,2000,4950,0.26691101383987875,0.2780540953282876
TxPert_exphormer_mg_fixed2000,XPO1+ctrl,top_true_de,100,139,2000,4950,0.051685504807723784,0.05407276301973043
TxPert_exphormer_mg_fixed2000,NUP54+ctrl,top_true_de,100,266,2000,4950,0.24651268758988698,0.24332131253100742
TxPert_exphormer_mg_fixed2000,SSRP1+ctrl,top_true_de,100,440,2000,4950,0.17535901619957833,0.17961054854284883
TxPert_exphormer_mg_fixed2000,SON+ctrl,top_true_de,100,238,2000,4950,0.07232960393843645,0.08345446199243396
TxPert_exphormer_mg_fixed2000,BGLAP+ctrl,top_true_de,100,236,2000,4950,0.1414924032954554,0.15256964976956391
TxPert_exphormer_mg_fixed2000,PSMD7+ctrl,top_true_de,100,175,2000,4950,0.5395990274119626,0.5350440888548229
TxPert_exphormer_mg_fixed2000,SUGT1+ctrl,top_true_de,100,94,2000,4950,0.05523439823195193,0.05440378261380232
TxPert_exphormer_mg_fixed2000,CENPE+ctrl,top_true_de,100,171,2000,4851,0.11529954256640264,0.11793986252455925
TxPert_exphormer_mg_fixed2000,MZT1+ctrl,top_true_de,100,381,2000,4950,0.22456142560670556,0.20487832274503173
TxPert_exphormer_mg_fixed2000,NFRKB+ctrl,top_true_de,100,223,2000,4950,0.23284748641821437,0.21278900686329125
TxPert_exphormer_mg_fixed2000,RPS14+ctrl,top_true_de,100,156,2000,4950,0.3091313598070298,0.3193665177011561
TxPert_exphormer_mg_fixed2000,SNRPG+ctrl,top_true_de,100,325,2000,4950,0.2922559763984464,0.28489450335806005
TxPert_exphormer_mg_fixed2000,MRPL38+ctrl,top_true_de,100,132,2000,4950,0.1772943847791802,0.17348893660836695
TxPert_exphormer_mg_fixed2000,MAGOH+ctrl,top_true_de,100,149,2000,4950,0.11887097630218518,0.11346141894516244
TxPert_exphormer_mg_fixed2000,DNTTIP2+ctrl,top_true_de,100,235,2000,4950,0.357575049181648,0.3628714573649047
TxPert_exphormer_mg_fixed2000,U2AF1+ctrl,top_true_de,100,141,2000,4950,0.11144203669236344,0.11382725423354992
TxPert_exphormer_mg_fixed2000,NOL6+ctrl,top_true_de,100,107,2000,4950,0.3207331502380801,0.3223983736961241
TxPert_exphormer_mg_fixed2000,SF3A2+ctrl,top_true_de,100,236,2000,4950,0.27492757262127304,0.2727441624330941
TxPert_exphormer_mg_fixed2000,TXN+ctrl,top_true_de,100,81,2000,4950,0.08072895497003911,0.08615122806020475
TxPert_exphormer_mg_fixed2000,ORC5+ctrl,top_true_de,100,89,2000,4950,0.084730474884465,0.07950984744763206
TxPert_exphormer_mg_fixed2000,DDX49+ctrl,top_true_de,100,41,2000,4950,0.36493437686918684,0.35479040803886236
TxPert_exphormer_mg_fixed2000,ANKRD11+ctrl,top_true_de,100,184,2000,4851,0.2522638447793718,0.24173611529074623
TxPert_exphormer_mg_fixed2000,CCDC86+ctrl,top_true_de,100,235,2000,4851,0.2010821224945949,0.19249200641338104
TxPert_exphormer_mg_fixed2000,RPS21+ctrl,top_true_de,100,63,2000,4950,0.24489863342081336,0.2794400104151652
TxPert_exphormer_mg_fixed2000,POLE+ctrl,top_true_de,100,154,2000,4950,0.09453261395107872,0.10398840285514128
TxPert_exphormer_mg_fixed2000,TRMT10C+ctrl,top_true_de,100,67,2000,4851,0.2832341055084851,0.2657747971769489
TxPert_exphormer_mg_fixed2000,VPS29+ctrl,top_true_de,100,146,2000,4851,0.15067973642437787,0.1410232816848433
TxPert_exphormer_mg_fixed2000,CWC15+ctrl,top_true_de,100,144,2000,4950,0.46842950741313505,0.46060845348505425
TxPert_exphormer_mg_fixed2000,CHMP6+ctrl,top_true_de,100,620,2000,4950,0.6573841837867692,0.6488193996914848
TxPert_exphormer_mg_fixed2000,RBX1+ctrl,top_true_de,100,41,2000,4950,0.18003425263497397,0.176677779534391
TxPert_exphormer_mg_fixed2000,BRIX1+ctrl,top_true_de,100,95,2000,4950,0.07314970832379718,0.07577998898163098
TxPert_exphormer_mg_fixed2000,PTCD1+ctrl,top_true_de,100,246,2000,4950,0.2775341183524098,0.2815676626834403
TxPert_exphormer_mg_fixed2000,HIRA+ctrl,top_true_de,100,228,2000,4950,0.1524670079025388,0.15251940490072483
TxPert_exphormer_mg_fixed2000,POP4+ctrl,top_true_de,100,116,2000,4950,0.34262581816904064,0.3560204675573307
TxPert_exphormer_mg_fixed2000,DYNC1H1+ctrl,top_true_de,100,217,2000,4851,0.10963405676958347,0.12498654980504169
TxPert_exphormer_mg_fixed2000,POLR3B+ctrl,top_true_de,100,109,2000,4950,0.1303956292023762,0.12961410022757763
TxPert_exphormer_mg_fixed2000,DNAJC8+ctrl,top_true_de,100,260,2000,4950,0.18326867695632126,0.1878163841512037
TxPert_exphormer_mg_fixed2000,QARS+ctrl,top_true_de,100,376,2000,4950,0.27591744980330407,0.2692218196217702
TxPert_exphormer_mg_fixed2000,WBP11+ctrl,top_true_de,100,205,2000,4950,0.11047083119926415,0.11702035112270125
TxPert_exphormer_mg_fixed2000,MCM10+ctrl,top_true_de,100,190,2000,4851,0.19097304421153655,0.19208815613729494
TxPert_exphormer_mg_fixed2000,PSMD1+ctrl,top_true_de,100,87,2000,4950,0.5304485051744128,0.5304400910290823
TxPert_exphormer_mg_fixed2000,MED20+ctrl,top_true_de,100,78,2000,4950,0.2597883756203113,0.27783449383153636
TxPert_exphormer_mg_fixed2000,DERL2+ctrl,top_true_de,100,122,2000,4851,0.11813305637949453,0.10844695758840149
TxPert_exphormer_mg_fixed2000,VPS54+ctrl,top_true_de,100,306,2000,4950,0.19355211703858455,0.1938545521789059
TxPert_exphormer_mg_fixed2000,WDR12+ctrl,top_true_de,100,174,2000,4950,0.15749938418515178,0.15193409821981704
TxPert_exphormer_mg_fixed2000,OXA1L+ctrl,top_true_de,100,305,2000,4950,0.40277670879332134,0.39449861051711366
TxPert_exphormer_mg_fixed2000,SART3+ctrl,top_true_de,100,142,2000,4950,0.3117349979187177,0.3071310245959117
TxPert_exphormer_mg_fixed2000,TEX10+ctrl,top_true_de,100,153,2000,4950,0.2065419599286649,0.1924609047452917
TxPert_exphormer_mg_fixed2000,GTF2E1+ctrl,top_true_de,100,176,2000,4950,0.30700410605101813,0.3002299949202336
TxPert_exphormer_mg_fixed2000,DDX54+ctrl,top_true_de,100,68,2000,4950,0.06756012121135738,0.06974914023209952
TxPert_exphormer_mg_fixed2000,E4F1+ctrl,top_true_de,100,130,2000,4950,0.1407909281087099,0.12158574944712469
TxPert_exphormer_mg_fixed2000,RIOK1+ctrl,top_true_de,100,290,2000,4950,0.4272691381335389,0.4231503621262665
TxPert_exphormer_mg_fixed2000,EBNA1BP2+ctrl,top_true_de,100,68,2000,4950,0.10902030765329884,0.11247946453432064
TxPert_exphormer_mg_fixed2000,EIF5A+ctrl,top_true_de,100,100,2000,4950,0.18875735315598935,0.17996938857691058
TxPert_exphormer_mg_fixed2000,SF3B2+ctrl,top_true_de,100,197,2000,4950,0.2818837296152094,0.2872905626334833
TxPert_exphormer_mg_fixed2000,ACTR8+ctrl,top_true_de,100,242,2000,4950,0.27224171753428594,0.2539461199076432
TxPert_exphormer_mg_fixed2000,EXOSC2+ctrl,top_true_de,100,209,2000,4950,0.4963663221893595,0.5067842720364105
TxPert_exphormer_mg_fixed2000,ALG13+ctrl,top_true_de,100,167,2000,4950,0.10156358549973658,0.09426819387118864
TxPert_exphormer_mg_fixed2000,CPSF3+ctrl,top_true_de,100,575,2000,4950,0.18083681264657028,0.1764332473956549
TxPert_exphormer_mg_fixed2000,RBM42+ctrl,top_true_de,100,68,2000,4851,0.11749426351470456,0.10501676553802093
TxPert_exphormer_mg_fixed2000,CDC40+ctrl,top_true_de,100,84,2000,4851,0.30752192375091303,0.3121545085157254
TxPert_exphormer_mg_fixed2000,PPP1R11+ctrl,top_true_de,100,69,2000,4950,0.09667825811906323,0.08975833808179765
TxPert_exphormer_mg_fixed2000,SF3B3+ctrl,top_true_de,100,215,2000,4950,0.38391005560684327,0.3721629582650844
TxPert_exphormer_mg_fixed2000,MRPL54+ctrl,top_true_de,100,112,2000,4851,0.1447831564733218,0.14701483892093237
TxPert_exphormer_mg_fixed2000,WDHD1+ctrl,top_true_de,100,175,2000,4950,0.2346329588080679,0.23508241422207338
TxPert_exphormer_mg_fixed2000,FCF1+ctrl,top_true_de,100,225,2000,4950,0.36304357436840357,0.3686826399118545
TxPert_exphormer_mg_fixed2000,LSM4+ctrl,top_true_de,100,68,2000,4950,0.2263373317086957,0.2274872595771978
TxPert_exphormer_mg_fixed2000,IGBP1+ctrl,top_true_de,100,245,2000,4851,0.09257866532148039,0.09883367169784445
TxPert_exphormer_mg_fixed2000,SNRNP27+ctrl,top_true_de,100,42,2000,4950,0.1256387124962523,0.12509394552578146
TxPert_exphormer_mg_fixed2000,GFM1+ctrl,top_true_de,100,230,2000,4950,0.23493011971841724,0.23768432688511407
TxPert_exphormer_mg_fixed2000,POLR2E+ctrl,top_true_de,100,93,2000,4950,0.2689212738122836,0.2862046029004484
TxPert_exphormer_mg_fixed2000,SNRPD1+ctrl,top_true_de,100,113,2000,4950,0.27926443461924555,0.270676739618199
TxPert_exphormer_mg_fixed2000,RFC3+ctrl,top_true_de,100,211,2000,4950,0.24136544738763288,0.24529209026245183
TxPert_exphormer_mg_fixed2000,MRPS26+ctrl,top_true_de,100,111,2000,4950,0.2577653880516932,0.2433129711183806
TxPert_exphormer_mg_fixed2000,RCC1+ctrl,top_true_de,100,162,2000,4950,0.22961027490270294,0.2250239409655663
TxPert_exphormer_mg_fixed2000,NEDD1+ctrl,top_true_de,100,134,2000,4950,0.15118117307495987,0.14823937521761768
TxPert_exphormer_mg_fixed2000,DDX5+ctrl,top_true_de,100,130,2000,4950,0.16247921637396287,0.15447768451303803
TxPert_exphormer_mg_fixed2000,EIF2S1+ctrl,top_true_de,100,208,2000,4950,0.19281397121127297,0.1923683467155861
TxPert_exphormer_mg_fixed2000,CUL1+ctrl,top_true_de,100,181,2000,4950,0.17847797899089984,0.1781873208487465
TxPert_exphormer_mg_fixed2000,KRI1+ctrl,top_true_de,100,51,2000,4950,0.22357522411021344,0.24555362558955904
TxPert_exphormer_mg_fixed2000,ZNF335+ctrl,top_true_de,100,140,2000,4950,0.10028916899131426,0.09554440536737484
TxPert_exphormer_mg_fixed2000,GPKOW+ctrl,top_true_de,100,105,2000,4950,0.17254052072674808,0.17217413055779254
TxPert_exphormer_mg_fixed2000,POLR2F+ctrl,top_true_de,100,209,2000,4950,0.2645229061641108,0.28242676308241044
TxPert_exphormer_mg_fixed2000,USP36+ctrl,top_true_de,100,151,2000,4950,0.3821949316656049,0.3600451481468988
TxPert_exphormer_mg_fixed2000,NARS+ctrl,top_true_de,100,149,2000,4950,0.27070000345307726,0.2717854701640469
TxPert_exphormer_mg_fixed2000,MRPL3+ctrl,top_true_de,100,146,2000,4950,0.22742105483607986,0.21238442594130594
TxPert_exphormer_mg_fixed2000,RPL8+ctrl,top_true_de,100,290,2000,4950,0.14156885666064475,0.1479888414647012
TxPert_exphormer_mg_fixed2000,FASTKD5+ctrl,top_true_de,100,182,2000,4950,0.37715885817363193,0.36785349029834946
TxPert_exphormer_mg_fixed2000,RNGTT+ctrl,top_true_de,100,110,2000,4851,0.1590493787814628,0.15044780163247626
TxPert_exphormer_mg_fixed2000,POLR3D+ctrl,top_true_de,100,108,2000,4950,0.11113998068307707,0.10091364897230697
TxPert_exphormer_mg_fixed2000,MED31+ctrl,top_true_de,100,35,2000,4950,0.2637616203579477,0.24686428977441577
TxPert_exphormer_mg_fixed2000,CSTF1+ctrl,top_true_de,100,129,2000,4950,0.14484207458316273,0.14733693734667633
TxPert_exphormer_mg_fixed2000,TSR1+ctrl,top_true_de,100,109,2000,4950,0.36434945918540995,0.3968466081023742
TxPert_exphormer_mg_fixed2000,MRPL4+ctrl,top_true_de,100,109,2000,4950,0.14720907137753209,0.14373964381297916
TxPert_exphormer_mg_fixed2000,MCM3AP+ctrl,top_true_de,100,100,2000,4950,0.15696179313653655,0.15062866936984917
TxPert_exphormer_mg_fixed2000,TRMT5+ctrl,top_true_de,100,93,2000,4950,0.18778414419700878,0.17606729347991165
TxPert_exphormer_mg_fixed2000,MRPS27+ctrl,top_true_de,100,76,2000,4950,0.18706950385823407,0.19442000940641216
TxPert_exphormer_mg_fixed2000,RBM39+ctrl,top_true_de,100,49,2000,4950,0.14978380458331889,0.1463876848074174
TxPert_exphormer_mg_fixed2000,HSPA8+ctrl,top_true_de,100,146,2000,4950,0.08879843067291435,0.08946658671489593
TxPert_exphormer_mg_fixed2000,SURF6+ctrl,top_true_de,100,113,2000,4851,0.1786842147356103,0.1735699698930142
TxPert_exphormer_mg_fixed2000,NUBP1+ctrl,top_true_de,100,144,2000,4950,0.13101936700302072,0.13380863322627545
TxPert_exphormer_mg_fixed2000,HEATR1+ctrl,top_true_de,100,216,2000,4950,0.20548448627531085,0.20220626638939967
TxPert_exphormer_mg_fixed2000,PRPF4B+ctrl,top_true_de,100,160,2000,4851,0.2119936901249067,0.21270881672012285
TxPert_exphormer_mg_fixed2000,POLR1E+ctrl,top_true_de,100,202,2000,4950,0.2338831206354532,0.23114555636289844
TxPert_exphormer_mg_fixed2000,MRPS24+ctrl,top_true_de,100,132,2000,4950,0.24379410897033577,0.21665128541551715
TxPert_exphormer_mg_fixed2000,EIF2B3+ctrl,top_true_de,100,96,2000,4950,0.19110986764169152,0.19078088048624478
TxPert_exphormer_mg_fixed2000,SRFBP1+ctrl,top_true_de,100,73,2000,4851,0.3747111374606136,0.3828779500946392
TxPert_exphormer_mg_fixed2000,PUF60+ctrl,top_true_de,100,52,2000,4950,0.10914946775284262,0.09726207466727074
TxPert_exphormer_mg_fixed2000,RPS23+ctrl,top_true_de,100,98,2000,4950,0.30627744136546264,0.3141885115844343
TxPert_exphormer_mg_fixed2000,SCFD1+ctrl,top_true_de,100,103,2000,4950,0.19648300961218623,0.18962748906599772
TxPert_exphormer_mg_fixed2000,MDN1+ctrl,top_true_de,100,68,2000,4851,0.12775780958317223,0.11974505155338228
TxPert_exphormer_mg_fixed2000,CHERP+ctrl,top_true_de,100,54,2000,4950,0.13804718016889278,0.14001422462206314
TxPert_exphormer_mg_fixed2000,SRRM1+ctrl,top_true_de,100,136,2000,4950,0.20181163676047675,0.19092913707712136
TxPert_exphormer_mg_fixed2000,POLR3F+ctrl,top_true_de,100,156,2000,4950,0.08937237813547022,0.08984589011623967
TxPert_exphormer_mg_fixed2000,MRPL50+ctrl,top_true_de,100,147,2000,4851,0.30659576889334367,0.29534520210066306
TxPert_exphormer_mg_fixed2000,RPP14+ctrl,top_true_de,100,53,2000,4950,0.27860181491730496,0.2962254108336979
TxPert_exphormer_mg_fixed2000,RPL9+ctrl,top_true_de,100,180,2000,4950,0.12597162368966475,0.13510833066332117
TxPert_exphormer_mg_fixed2000,PRPF8+ctrl,top_true_de,100,91,2000,4950,0.1376765812380767,0.1397228974048481
TxPert_exphormer_mg_fixed2000,HSPE1+ctrl,top_true_de,100,25,2000,4950,0.23326897191597445,0.23291132326766117
TxPert_exphormer_mg_fixed2000,ECD+ctrl,top_true_de,100,69,2000,4950,0.14296138039829065,0.14643742301179524
TxPert_exphormer_mg_fixed2000,RPL10+ctrl,top_true_de,100,215,2000,4950,0.14152432667875237,0.1692960037433015
TxPert_exphormer_mg_fixed2000,AP2S1+ctrl,top_true_de,100,96,2000,4950,0.11214124342355256,0.10454845684899075
TxPert_exphormer_mg_fixed2000,TSEN2+ctrl,top_true_de,100,168,2000,4950,0.27015171710225006,0.24715418337162628
TxPert_exphormer_mg_fixed2000,PIAS4+ctrl,top_true_de,100,173,2000,4950,0.13751187214333044,0.13658891601961978
TxPert_exphormer_mg_fixed2000,MRPS11+ctrl,top_true_de,100,90,2000,4851,0.24158554445689523,0.22592183795298798
TxPert_exphormer_mg_fixed2000,BYSL+ctrl,top_true_de,100,87,2000,4950,0.40456955223498847,0.3963987909225837
TxPert_exphormer_mg_fixed2000,ZCRB1+ctrl,top_true_de,100,141,2000,4851,0.17630053483734964,0.16611238663456476
TxPert_exphormer_mg_fixed2000,GNL3L+ctrl,top_true_de,100,66,2000,4950,0.11502950083202446,0.11248345611233737
TxPert_exphormer_mg_fixed2000,CDC23+ctrl,top_true_de,100,158,2000,4950,0.08161594698407401,0.07660084813587727
TxPert_exphormer_mg_fixed2000,DBR1+ctrl,top_true_de,100,96,2000,4950,0.11702017223200945,0.11067847965098158
TxPert_exphormer_mg_fixed2000,NSA2+ctrl,top_true_de,100,71,2000,4950,0.18758024853077948,0.17080549083931593
TxPert_exphormer_mg_fixed2000,CTR9+ctrl,top_true_de,100,197,2000,4950,0.3127921158150091,0.3193972158686443
TxPert_exphormer_mg_fixed2000,DLD+ctrl,top_true_de,100,283,2000,4950,0.08672008872522688,0.08494940205029203
TxPert_exphormer_mg_fixed2000,RBM28+ctrl,top_true_de,100,55,2000,4950,0.1272947186930479,0.12269845267372088
TxPert_exphormer_mg_fixed2000,PSMB1+ctrl,top_true_de,100,106,2000,4950,0.464849513531172,0.4768447115487602
TxPert_exphormer_mg_fixed2000,FTSJ3+ctrl,top_true_de,100,153,2000,4950,0.058411905956012,0.05628735410113708
TxPert_exphormer_mg_fixed2000,WDR82+ctrl,top_true_de,100,86,2000,4950,0.14810559739260498,0.14936502445829064
TxPert_exphormer_mg_fixed2000,POLR3C+ctrl,top_true_de,100,169,2000,4851,0.1488986271696964,0.14776633700508224
TxPert_exphormer_mg_fixed2000,DHX37+ctrl,top_true_de,100,202,2000,4950,0.37903919505729733,0.40346406823585
TxPert_exphormer_mg_fixed2000,SAP18+ctrl,top_true_de,100,40,2000,4851,0.33562526503039786,0.3244606768025015
TxPert_exphormer_mg_fixed2000,GNL3+ctrl,top_true_de,100,29,2000,4950,0.07372749439436478,0.07263323027260248
TxPert_exphormer_mg_fixed2000,NDC80+ctrl,top_true_de,100,171,2000,4851,0.14289089608899241,0.13992373212988857
TxPert_exphormer_mg_fixed2000,TTC27+ctrl,top_true_de,100,87,2000,4950,0.14115776324576096,0.13934477354923896
TxPert_exphormer_mg_fixed2000,CDC123+ctrl,top_true_de,100,96,2000,4950,0.2135438056548919,0.20224290947926274
TxPert_exphormer_mg_fixed2000,WDR3+ctrl,top_true_de,100,329,2000,4950,0.41728058670477797,0.4311803974349594
TxPert_exphormer_mg_fixed2000,WDR43+ctrl,top_true_de,100,47,2000,4851,0.20534437735398517,0.2126855780453344
TxPert_exphormer_mg_fixed2000,RPL35A+ctrl,top_true_de,100,97,2000,4950,0.10213055905730214,0.10822565693846535
TxPert_exphormer_mg_fixed2000,NUTF2+ctrl,top_true_de,100,44,2000,4950,0.07953596360422435,0.07729461089093835
TxPert_exphormer_mg_fixed2000,SNRPE+ctrl,top_true_de,100,128,2000,4950,0.34051006165659603,0.3293614243060256
TxPert_exphormer_mg_fixed2000,CSTF3+ctrl,top_true_de,100,59,2000,4950,0.1466730294201226,0.1496309690820936
TxPert_exphormer_mg_fixed2000,WDR5+ctrl,top_true_de,100,75,2000,4950,0.3688396618278593,0.3602449275962348
TxPert_exphormer_mg_fixed2000,YEATS2+ctrl,top_true_de,100,233,2000,4950,0.3769183129828689,0.35680014184626135
TxPert_exphormer_mg_fixed2000,PSMA2+ctrl,top_true_de,100,38,2000,4950,0.10427429034347316,0.09844361539934303
TxPert_exphormer_mg_fixed2000,HNRNPM+ctrl,top_true_de,100,128,2000,4950,0.09597142824196409,0.08812710686688682
TxPert_exphormer_mg_fixed2000,RPL11+ctrl,top_true_de,100,315,2000,4950,0.1446270704447463,0.15137505132175957
TxPert_exphormer_mg_fixed2000,MED26+ctrl,top_true_de,100,99,2000,4950,0.24182365484398627,0.23517268142792905
TxPert_exphormer_mg_fixed2000,FAM50A+ctrl,top_true_de,100,38,2000,4950,0.0801390399591602,0.07834245137051678
TxPert_exphormer_mg_fixed2000,SMC4+ctrl,top_true_de,100,169,2000,4851,0.28107988737949186,0.2819883508924787
TxPert_exphormer_mg_fixed2000,THOC7+ctrl,top_true_de,100,104,2000,4950,0.14853090313700623,0.15114242228554278
TxPert_exphormer_mg_fixed2000,EIF3F+ctrl,top_true_de,100,36,2000,4851,0.09986892224424405,0.10770297288726143
TxPert_exphormer_mg_fixed2000,MRPL49+ctrl,top_true_de,100,36,2000,4950,0.2762847282785904,0.27913194882569714
TxPert_exphormer_mg_fixed2000,EIF3J+ctrl,top_true_de,100,72,2000,4950,0.12318084133702592,0.12108985118521
TxPert_exphormer_mg_fixed2000,PSMD4+ctrl,top_true_de,100,285,2000,4950,0.3904489780971552,0.38729053515329304
TxPert_exphormer_mg_fixed2000,SCAF1+ctrl,top_true_de,100,158,2000,4950,0.0833556343796932,0.09159405802451068
TxPert_exphormer_mg_fixed2000,RNMT+ctrl,top_true_de,100,106,2000,4950,0.4684623179289237,0.4633673252774104
TxPert_exphormer_mg_fixed2000,PPP4R2+ctrl,top_true_de,100,162,2000,4851,0.10552253559859615,0.09846038121415204
TxPert_exphormer_mg_fixed2000,ARPC4+ctrl,top_true_de,100,188,2000,4950,0.17787371589954148,0.16993315038081325
TxPert_exphormer_mg_fixed2000,DDOST+ctrl,top_true_de,100,74,2000,4950,0.07131528942007226,0.06770413640443182
TxPert_exphormer_mg_fixed2000,MRPL32+ctrl,top_true_de,100,62,2000,4950,0.1909895201565877,0.17686090910502017
TxPert_exphormer_mg_fixed2000,RNF40+ctrl,top_true_de,100,185,2000,4950,0.15857047628611343,0.15641586198281981
TxPert_exphormer_mg_fixed2000,HSD17B12+ctrl,top_true_de,100,135,2000,4851,0.19142561565128058,0.1918364771486391
TxPert_exphormer_mg_fixed2000,EXOSC10+ctrl,top_true_de,100,77,2000,4950,0.4258204780990077,0.4260578242293249
TxPert_exphormer_mg_fixed2000,NOP10+ctrl,top_true_de,100,124,2000,4950,0.39726406131190883,0.36643122537555584
TxPert_exphormer_mg_fixed2000,CPSF4+ctrl,top_true_de,100,57,2000,4950,0.09420133168960079,0.09562400105813819
TxPert_exphormer_mg_fixed2000,OGFOD1+ctrl,top_true_de,100,101,2000,4950,0.13513367061771592,0.14184583406258794
TxPert_exphormer_mg_fixed2000,RPL18+ctrl,top_true_de,100,229,2000,4950,0.15099138594097106,0.16110979843939652
TxPert_exphormer_mg_fixed2000,SPCS3+ctrl,top_true_de,100,115,2000,4851,0.12922535523330625,0.11782368828254894
TxPert_exphormer_mg_fixed2000,MED8+ctrl,top_true_de,100,94,2000,4851,0.3168871732808807,0.32755022469849693
TxPert_exphormer_mg_fixed2000,WDR70+ctrl,top_true_de,100,29,2000,4950,0.16564259238499307,0.16573489036585795
TxPert_exphormer_mg_fixed2000,NRBP1+ctrl,top_true_de,100,62,2000,4950,0.306950204279246,0.2972054248611353
TxPert_exphormer_mg_fixed2000,PRELID1+ctrl,top_true_de,100,122,2000,4950,0.1309992245466195,0.1211658967618945
TxPert_exphormer_mg_fixed2000,SNRNP48+ctrl,top_true_de,100,179,2000,4851,0.07324248242355574,0.07184552707807774
TxPert_exphormer_mg_fixed2000,TAF6+ctrl,top_true_de,100,111,2000,4950,0.3551551130738144,0.3644800276877632
TxPert_exphormer_mg_fixed2000,TCP1+ctrl,top_true_de,100,63,2000,4950,0.13181185090173347,0.12720204594789955
TxPert_exphormer_mg_fixed2000,ATP6AP1+ctrl,top_true_de,100,114,2000,4950,0.23439139705156337,0.23185814406237917
TxPert_exphormer_mg_fixed2000,ISCU+ctrl,top_true_de,100,32,2000,4851,0.09341533943543781,0.09257537422755416
TxPert_exphormer_mg_fixed2000,PAM16+ctrl,top_true_de,100,43,2000,4851,0.2905340337538941,0.2845421619084212
TxPert_exphormer_mg_fixed2000,DDX52+ctrl,top_true_de,100,106,2000,4950,0.3640237083885243,0.3810729659563592
TxPert_exphormer_mg_fixed2000,SIN3A+ctrl,top_true_de,100,217,2000,4851,0.10910848366713749,0.10456967541368613
TxPert_exphormer_mg_fixed2000,NCAPH+ctrl,top_true_de,100,64,2000,4950,0.2927860481556409,0.2827631900655595
TxPert_exphormer_mg_fixed2000,PDCD2+ctrl,top_true_de,100,59,2000,4950,0.3749002844857416,0.37539442699788333
TxPert_exphormer_mg_fixed2000,SPC25+ctrl,top_true_de,100,181,2000,4950,0.11180115704753163,0.11240450114780931
TxPert_exphormer_mg_fixed2000,XRCC6+ctrl,top_true_de,100,26,2000,4950,0.20379462831668238,0.206908356671058
TxPert_exphormer_mg_fixed2000,WDTC1+ctrl,top_true_de,100,107,2000,4950,0.14584712080457166,0.13379105352280657
TxPert_exphormer_mg_fixed2000,RFC4+ctrl,top_true_de,100,58,2000,4851,0.19045493902065208,0.19382994415099972
TxPert_exphormer_mg_fixed2000,CNIH4+ctrl,top_true_de,100,65,2000,4950,0.07936693437973794,0.07405256117184643
TxPert_exphormer_mg_fixed2000,HAUS5+ctrl,top_true_de,100,153,2000,4950,0.12159924803091703,0.12168995294329081
TxPert_exphormer_mg_fixed2000,PRPF3+ctrl,top_true_de,100,129,2000,4950,0.16382291871471355,0.16086652994418685
TxPert_exphormer_mg_fixed2000,SRP68+ctrl,top_true_de,100,158,2000,4950,0.08473275316100287,0.08337067783588237
TxPert_exphormer_mg_fixed2000,NDUFA8+ctrl,top_true_de,100,85,2000,4950,0.09738567012469451,0.09061474705461303
TxPert_exphormer_mg_fixed2000,PET117+ctrl,top_true_de,100,80,2000,4950,0.24691771983767624,0.23584611606474515
TxPert_exphormer_mg_fixed2000,VPS72+ctrl,top_true_de,100,95,2000,4950,0.18548095564765088,0.1579870760665405
TxPert_exphormer_mg_fixed2000,UQCRB+ctrl,top_true_de,100,93,2000,4950,0.19282029363150704,0.17751330326582504
TxPert_exphormer_mg_fixed2000,RBM19+ctrl,top_true_de,100,37,2000,4950,0.26639109451553594,0.25898370477528543
TxPert_exphormer_mg_fixed2000,RPS5+ctrl,top_true_de,100,127,2000,4950,0.3062617817927424,0.3077470831679559
TxPert_exphormer_mg_fixed2000,SDC1+ctrl,top_true_de,100,170,2000,4950,0.15225366013064803,0.14929335434130797
TxPert_exphormer_mg_fixed2000,MTPAP+ctrl,top_true_de,100,86,2000,4950,0.3005342690663247,0.2967935791761361
TxPert_exphormer_mg_fixed2000,ARIH1+ctrl,top_true_de,100,57,2000,4851,0.11767222606282882,0.1177567299895247
TxPert_exphormer_mg_fixed2000,DDX41+ctrl,top_true_de,100,259,2000,4950,0.23397892421777716,0.2485860266371568
TxPert_exphormer_mg_fixed2000,HSCB+ctrl,top_true_de,100,85,2000,4950,0.24923365647847845,0.23835591354715832
TxPert_exphormer_mg_fixed2000,HNRNPU+ctrl,top_true_de,100,73,2000,4950,0.11531302447626608,0.11133482185682858
TxPert_exphormer_mg_fixed2000,DAD1+ctrl,top_true_de,100,71,2000,4950,0.16868570423336224,0.168568406764625
TxPert_exphormer_mg_fixed2000,MRPS18A+ctrl,top_true_de,100,108,2000,4950,0.20870859806254038,0.19914033030844827
TxPert_exphormer_mg_fixed2000,POLD2+ctrl,top_true_de,100,63,2000,4950,0.15583341270279918,0.15196428131306486
TxPert_exphormer_mg_fixed2000,HGS+ctrl,top_true_de,100,96,2000,4950,0.15785752117689564,0.1620709523002803
TxPert_exphormer_mg_fixed2000,UTP3+ctrl,top_true_de,100,27,2000,4950,0.2798147701638816,0.2748711329156238
TxPert_exphormer_mg_fixed2000,CENPC+ctrl,top_true_de,100,116,2000,4851,0.09988870760830618,0.1048624861639734
TxPert_exphormer_mg_fixed2000,RRP7A+ctrl,top_true_de,100,40,2000,4950,0.300961604247303,0.30099060374505987
TxPert_exphormer_mg_fixed2000,NELFA+ctrl,top_true_de,100,82,2000,4950,0.18516910783433463,0.16817671536278808
TxPert_exphormer_mg_fixed2000,RRN3+ctrl,top_true_de,100,38,2000,4950,0.1844052143356963,0.19154348866186827
TxPert_exphormer_mg_fixed2000,PSMA6+ctrl,top_true_de,100,18,2000,4950,0.16682112646812913,0.1758667795105678
TxPert_exphormer_mg_fixed2000,TBL3+ctrl,top_true_de,100,70,2000,4950,0.2804074684126304,0.29517412105845225
TxPert_exphormer_mg_fixed2000,CWC22+ctrl,top_true_de,100,28,2000,4950,0.3118217991705742,0.3008173366687655
TxPert_exphormer_mg_fixed2000,PWP2+ctrl,top_true_de,100,51,2000,4950,0.41107275288474415,0.4231657108637256
TxPert_exphormer_mg_fixed2000,PRPF31+ctrl,top_true_de,100,23,2000,4950,0.10993354669422328,0.10699088517337339
TxPert_exphormer_mg_fixed2000,EIF3G+ctrl,top_true_de,100,52,2000,4950,0.16258008701765084,0.16333017673508368
TxPert_exphormer_mg_fixed2000,PGPEP1+ctrl,top_true_de,100,51,2000,4950,0.04206225520287541,0.038416284433236414
TxPert_exphormer_mg_fixed2000,OPA1+ctrl,top_true_de,100,53,2000,4851,0.16846915270110518,0.14655500671964436
TxPert_exphormer_mg_fixed2000,EXOC7+ctrl,top_true_de,100,32,2000,4950,0.06255376535646978,0.06127390615309989
TxPert_exphormer_mg_fixed2000,BMS1+ctrl,top_true_de,100,18,2000,4950,0.09126351639216557,0.08663544197279754
