condition,source_context_count,pcc_delta,topk_de_overlap,pra_top100_true_de,csa_pearson
AATF,0,0.6041282439412591,0.49,0.1920183829209442,0.4220223581393595
ABCB7,0,0.4815126250649347,0.34,0.1368652177369334,0.2143862052086488
ACTL6A,0,0.2560469128150414,0.23,0.1335991981288913,0.0517268044917971
ACTR8,0,0.2878378680517179,0.27,0.1713999601499306,0.3459403800102763
AHCY,0,-0.1543055374765035,0.13,0.1817034162550196,0.2831727655956947
ALG2,0,0.5612293259865602,0.37,0.1525852472906517,0.2293740768127624
ALYREF,0,0.3256903873244334,0.22,0.1246596836286549,0.2360054922338543
ANAPC4,0,0.4013341405519354,0.34,0.1469892273321043,0.1120974276093061
ANKRD11,0,0.1587238784626288,0.2,0.1905660353785447,0.3180271482214457
AQR,0,0.6545538297786184,0.39,0.1195528117541473,0.0801909399992337
ARCN1,0,0.4371334955209245,0.29,0.1217009599879861,0.1106104829927047
ARIH1,0,0.3215762864349305,0.27,0.1506365825475809,0.1194240204047931
ARMC7,0,0.2332960077342809,0.24,0.1534211838322198,0.1749503876517613
ARPC4,0,0.2323955177160224,0.19,0.145767334658922,0.1926827331551009
ATF5,0,0.5123281217365291,0.36,0.14452366519281,0.1250655683159007
ATP1A1,0,0.1939992656310364,0.23,0.1336022154488852,0.128368451121026
ATP6AP1,0,0.5454827083724119,0.42,0.1301149850998134,0.1531259602705081
ATP6V0C,0,0.4563622911600539,0.34,0.1322648881063622,0.1017160422074451
ATP6V1B2,0,0.7134118001320549,0.53,0.1368563781183474,0.1117735227217514
BANP,0,-0.0218620930196865,0.24,0.1548821535647307,0.1152265034775729
BAP1,0,-0.0952998072213653,0.15,0.139407106226093,0.1267414752615653
BMS1,0,0.4661020561037234,0.47,0.1884942732725689,0.0935160978027248
BOP1,0,0.535863727373532,0.39,0.1540911810821216,0.1627575704919881
BTF3,0,0.1914954070272952,0.25,0.145104626541127,0.1129434464457553
BUD13,0,0.6856267682744093,0.41,0.1277857963337626,0.2045705307467249
BUD31,0,0.3493585557092942,0.21,0.1983469759038572,0.1913456064314021
C12orf45,0,0.091451578552924,0.21,0.1608744804740645,0.32081750881769
C1QBP,0,0.2247750934145051,0.24,0.1698217511462838,0.1635785054629283
CACTIN,0,0.619930148116993,0.36,0.1286254033247735,0.0920763315893445
CAPZB,0,0.492400744630239,0.4,0.1407266637717403,0.1209435371593372
CASP8AP2,0,0.2262308184404089,0.35,0.1423531689293546,0.152308735034002
CBLL1,0,0.4712896847745889,0.4,0.1689749441725332,0.2323236398586207
CCDC174,0,0.5016631125258355,0.29,0.1623587167063325,0.1421278179956312
CCDC86,0,0.4787779021836191,0.3,0.1694010464169892,0.2234700398694801
CCT2,0,0.4890581935600627,0.31,0.1358866476713013,0.1339957118914798
CCT3,0,0.4027401698074581,0.27,0.1436688722683267,0.1272519091332644
CCT5,0,0.3795768698770943,0.27,0.149424389118835,0.1385701481719955
CCT6A,0,0.3867955091011722,0.32,0.1348709648162777,0.0923073771619794
CCT8,0,0.3657948532196914,0.3,0.1382909125688071,0.1029050079534812
CDAN1,0,0.1934254704131671,0.22,0.149147283148483,0.2149445512293254
CDC16,0,0.4047377833772783,0.36,0.1755994440212197,0.2320864354631812
CDC23,0,0.3511392318993719,0.42,0.1378360233299583,0.1008749146937175
CDC27,0,0.5004297239383768,0.37,0.1444374816560275,0.1486074337505823
CDC40,0,0.5350307819822483,0.34,0.1255626089077519,0.0630946678314198
CDK1,0,0.5276821405956198,0.4,0.1512893702130844,0.1534945330286959
CDK9,0,0.4200419072017846,0.3,0.1509041259588737,0.1449761337970154
CEBPZ,0,0.5277757686426287,0.37,0.1622306772714218,0.1450812727791334
CENPC,0,0.4878505394066086,0.34,0.1383172350001923,0.1195001962190633
CENPJ,0,0.2555681878966105,0.24,0.1431029405851328,0.1102390228185997
CHAF1A,0,0.2673547386549363,0.22,0.1316219812409294,0.0653550321601471
CHAF1B,0,0.3738376509455964,0.3,0.1517663460144311,0.0790006052138472
CHERP,0,0.4855863179436773,0.34,0.1908810348779704,0.1381496734193012
CHMP3,0,0.6963137124159555,0.38,0.088783969912,0.055655618734641
CHMP6,0,0.6055674163763066,0.38,0.1041351639064449,0.092541081438114
CIAPIN1,0,0.3213492268320488,0.28,0.1331317272603444,0.1662293677145352
CLSPN,0,0.6338196524102535,0.47,0.1559956249897149,0.1296199602167609
CLTC,0,0.1044093162895616,0.2,0.1456352570298894,0.2004762193283528
CNIH4,0,0.1931000528011131,0.19,0.1366569823017008,0.07400447927578
CNOT1,0,0.7493862910521126,0.56,0.1111186301772329,0.3666512491221779
COG2,0,0.2918183810938253,0.22,0.1308226195807602,0.1797411979261208
COG3,0,0.4612504342250302,0.34,0.1426245122833031,0.1032876870034451
COPB2,0,0.4156660383166258,0.28,0.1003655488771149,0.1094128292511931
COPS3,0,0.3523747387742244,0.31,0.1423824374264772,0.0826833793739358
COPS5,0,0.0302708848936701,0.22,0.1501667188676952,0.1278601834770624
COPS6,0,0.2695196821252846,0.33,0.157113666510116,0.1840257206813151
COPS8,0,0.0885122705328257,0.24,0.141080815121346,0.1636344926202095
COPZ1,0,0.5159195076096131,0.32,0.1138986616693687,0.103307306243223
COX15,0,0.454749089215942,0.39,0.1431311168687046,0.1192685298321515
CRNKL1,0,0.6748636564534702,0.39,0.1304810821489991,0.1051828628712223
CSTF1,0,0.5075423675833791,0.42,0.1410139986300314,0.1563759170906874
CTDP1,0,0.6653028318588644,0.55,0.1754010511641789,0.1531498369339633
CTNNBL1,0,0.2358700860723939,0.3,0.1622388682838009,0.1051074537884681
CUL1,0,0.1427246472517074,0.22,0.1473302832352932,0.15953652841423
DBR1,0,0.6220543673612541,0.4,0.1401982366291925,0.1564832020716523
DCUN1D5,0,0.53275543918171,0.32,0.1339173013302757,0.1163405909062607
DDOST,0,0.6056660929739605,0.37,0.1419772760089616,0.1125161993069897
DDX20,0,0.4564708622489662,0.25,0.1629844561294657,0.1568534393306715
DDX21,0,0.5612556389526697,0.53,0.2078121862191456,0.4032964128348243
DDX24,0,0.663841116187659,0.42,0.1477693105864574,0.1592701971145023
DDX27,0,0.5182725049973973,0.39,0.1837627074689486,0.14538516731904
DDX49,0,0.4969766705109733,0.51,0.1990977519227229,0.389741771698853
DDX51,0,0.403058584711077,0.32,0.1570885584062094,0.1713460077735811
DDX54,0,0.5665259992890255,0.43,0.1683111807837068,0.0853981633094351
DDX56,0,0.6362814191032448,0.4,0.1556209716122557,0.1484246392117976
DDX6,0,0.6078995245377491,0.41,0.1273859800067941,0.11191839838148
DERL2,0,0.6307166174887503,0.48,0.1128887485836439,0.1235524941602649
DHDDS,0,0.5096390858768411,0.36,0.1244762431379966,0.1768641827009864
DHODH,0,0.0563762997591288,0.28,0.1657835172620081,0.1474011362835522
DHX15,0,0.6898359790824204,0.37,0.1356235775327378,0.0691041211690509
DICER1,0,0.4268831959267467,0.17,0.1627777551332548,0.2575246914355529
DIMT1,0,0.7007946269101671,0.62,0.1868762209350762,0.3193729209795942
DNAJA3,0,0.6013240183908526,0.68,0.186420042828779,0.3770794893385829
DNAJC19,0,0.7251322610430093,0.44,0.1547017518549237,0.1607048412743482
DOHH,0,0.080863233137535,0.16,0.1560274546056385,0.16383235084962
DONSON,0,0.4288929197082246,0.37,0.1381888461233027,0.125918974347477
DPH2,0,0.1091497237022387,0.26,0.1839642441752678,0.2370415146403622
DRAP1,0,0.427777592306651,0.28,0.1586035266607563,0.2144897055451334
DTYMK,0,0.3868506567272308,0.39,0.1477156159370941,0.1123242723830281
DYNLL1,0,0.27941331623026,0.37,0.1545964958486635,0.1691554731459207
DYNLRB1,0,0.4898776165136369,0.38,0.1400588691727333,0.1039110899415555
E4F1,0,0.356491502335292,0.26,0.1502950452297205,0.1669842811935067
EEF1G,0,0.1489521425204523,0.18,0.1252332957853138,0.1444184066755183
EFTUD2,0,0.6552956132796391,0.38,0.1293533475441819,0.114803069606726
EIF2B2,0,0.693443322024298,0.37,0.1424658856343968,0.2012582054150881
EIF2B3,0,0.6499259040949148,0.4,0.147103050260877,0.1876280035399627
EIF2B4,0,0.6359897377749243,0.38,0.1358639141150109,0.1853368326286197
EIF3A,0,0.5910277822273389,0.43,0.1477318115765592,0.1766553807637896
EIF3F,0,0.4230493931750398,0.33,0.1504870259935222,0.1160551253374745
EIF3G,0,0.5109729061507314,0.4,0.1703816427422262,0.1255393962747305
EIF3H,0,0.7448116845337066,0.63,0.2185435301404903,0.4823445946061795
EIF4G1,0,0.5469386446939505,0.48,0.211762475682241,0.3012855639750193
EIF5A,0,0.5443589088282604,0.34,0.1361849365727564,0.1883855826694731
ELP3,0,0.4754881617413278,0.38,0.1802891401294793,0.3000646509255289
ELP5,0,0.4011323321390988,0.31,0.1783109968581348,0.2440854248244091
EP400,0,0.4392939162961984,0.27,0.1331207983121241,0.2138136428698876
EPRS,0,0.4538915687501086,0.32,0.1333770135183561,0.1135171295274781
ERCC3,0,0.3046740457802463,0.32,0.1923258513576943,0.3313602852985885
ERH,0,0.5988723915795259,0.38,0.1274261906769612,0.0678120091377831
EXOSC4,0,0.7481911175723664,0.63,0.13778515360932,0.3693555359012226
EXOSC5,0,0.6271901924851432,0.45,0.1401224241087696,0.1020074840585347
EXOSC6,0,0.6977399480596506,0.56,0.1320327471888865,0.3601150329059908
EXOSC8,0,0.7475786344627057,0.61,0.1265527250190296,0.2778087115419149
EXOSC9,0,0.6870568936871154,0.56,0.1163566534337274,0.2118927655939471
FAM50A,0,0.5668795791187514,0.35,0.1256204696291138,0.0341810435638024
FARSB,0,0.5947710692236267,0.33,0.154412841696149,0.2041117742307405
FASTKD5,0,0.7420730058157097,0.48,0.2183603689152886,0.3976475586759844
FCF1,0,0.6665020435830563,0.56,0.2005218783557729,0.3955965190267559
FNTA,0,0.060622785718422,0.14,0.1634646965597948,0.1285557776695187
GAB2,0,0.3076085843580118,0.24,0.1254967789220503,0.139529953130535
GAR1,0,0.3547263962591588,0.34,0.1879845915051613,0.3767870773779828
GATA1,0,0.2861168298396245,0.28,0.070700203947004,0.26146303751213
GEMIN5,0,0.5041345094946762,0.25,0.1481652991972876,0.1426190451613277
GINS1,0,0.7113540044982386,0.56,0.1472242676624851,0.0919485793301398
GINS4,0,0.6813108808942762,0.52,0.1566706462442117,0.0869133778689466
GNL2,0,0.6905531705276131,0.45,0.1614732691836121,0.1845321918070601
GOLT1B,0,0.3472500722571241,0.27,0.1595404948406777,0.2035921169164362
GPKOW,0,0.4054926360537425,0.25,0.1193392030801955,0.1417037119645308
GPS1,0,0.3221482183835082,0.3,0.1423731218609963,0.1861260630049785
GRPEL1,0,0.5441324539349227,0.39,0.1304743034865755,0.1158043440617032
GSPT1,0,0.5777401982458136,0.38,0.1479396100785688,0.2071642948574618
GTF2A1,0,0.5192719732047621,0.43,0.1680341581956447,0.2869699165940303
GTF2A2,0,0.7172088506962789,0.59,0.1784438041555955,0.2418169744060492
GTF2E2,0,0.5749187533273068,0.41,0.1728584432458989,0.1638562289015169
GTF2H1,0,0.6890608284177318,0.48,0.1598938819701816,0.1547658273059841
GTF2H4,0,0.411025479912486,0.34,0.1682108768499023,0.2000249707863899
GTF3C3,0,0.1857578974915762,0.33,0.1441779818722528,0.1932449659606509
GTPBP4,0,0.4782963079079607,0.36,0.1729935741456219,0.1239857199435024
GUCD1,0,0.3549669955240997,0.23,0.1302937384057307,0.119811385476185
HARS,0,0.6901723602717212,0.43,0.1500191512694579,0.2086387812928682
HAUS4,0,0.3922384420512919,0.36,0.1337925107382549,0.098140312232326
HINFP,0,0.418927888580876,0.34,0.1360570680979624,0.0951909287123353
HIRA,0,0.2815085766855553,0.24,0.1664129157851371,0.2066062418171604
HNRNPC,0,0.4768424325247146,0.32,0.1741649642336962,0.2310769152838049
HNRNPL,0,0.5300467332824037,0.4,0.1704015235427428,0.2084585445774666
HNRNPU,0,0.3705561790672561,0.28,0.1720869513623494,0.102107469789079
HSD17B12,0,0.4416795031669279,0.26,0.1151842185424978,0.1307215047473853
HSF1,0,0.133144177825271,0.27,0.1914715082688429,0.2694087861025143
HUWE1,0,0.245084073189002,0.18,0.1540301295298946,0.0770871819964399
HYPK,0,0.1745980284834809,0.22,0.1632057118207596,0.2073164511448222
IARS2,0,0.2392200608672399,0.4,0.1602112273210721,0.3184986230837122
ILF3,0,0.2038646582484628,0.13,0.1562370102341683,0.1979348005850001
IMP4,0,0.6759572364852799,0.58,0.2020627891381185,0.3857977261355952
INO80,0,0.0446898092500104,0.13,0.1480732137206721,0.231602999522089
INTS1,0,0.127222282809669,0.22,0.1572668100316458,0.1915541667857953
INTS2,0,0.7511018560822612,0.47,0.1102869807076383,0.106364487899469
INTS5,0,0.57008189461884,0.37,0.1038768388763314,0.0736969665725002
INTS6,0,0.333417082455392,0.27,0.1593162518557902,0.1729275644732145
INTS7,0,0.6434163596205716,0.43,0.1234032342491153,0.0754678995115075
INTS8,0,0.787220306448087,0.55,0.1008793864597471,0.0883904348101345
IPO13,0,0.1435312831050186,0.15,0.1567662812255266,0.1306329926146824
JAZF1,0,0.3193734408977912,0.18,0.1702291703048462,0.2320381482437301
KANSL2,0,0.3766390308108059,0.3,0.1468389158927332,0.1456622799523405
KANSL3,0,0.3459969453140917,0.32,0.174853981566728,0.2197234849091167
KCTD10,0,0.4066526026082664,0.33,0.1703291265493798,0.0968610967493549
KIN,0,0.358180225647915,0.2,0.1182788472992581,0.1756174704527393
LAMTOR2,0,0.2098666263947961,0.2,0.1316503696953306,0.133471811905821
LAMTOR4,0,0.2221395404175486,0.16,0.1395273581439641,0.2289010273093386
LARS,0,0.5853183924135562,0.38,0.1667078726928234,0.2952038750216398
LIN54,0,0.0026653640514718,0.19,0.1224024610755235,0.1905225594811097
LONP1,0,0.2265552721285399,0.36,0.1487857463509006,0.1791195925323697
LRPPRC,0,0.924140346451216,0.52,0.2263540974626854,0.3973079040800926
LSM10,0,0.0253695131089794,0.16,0.1497156403908446,0.1438290764056954
LSM11,0,0.3442297620706723,0.37,0.1639481548430552,0.1794490999269116
LSM2,0,0.6226347820062081,0.4,0.1494934654288128,0.2191021166836766
LTV1,0,0.6918995706223581,0.56,0.1885451266621575,0.3875578022866338
LUC7L3,0,0.153463859995332,0.23,0.1621970695489427,0.1157418140352752
MAGOH,0,0.3915989935679345,0.26,0.1578078839160306,0.1625231933236174
MARS2,0,0.2073341577136435,0.26,0.1604574052515373,0.1684377051000455
MAT2A,0,0.2500950094493102,0.3,0.1466330912988896,0.0449307471853539
MAU2,0,0.3745167368189515,0.28,0.1457232871206616,0.1380701960357723
MCM10,0,0.5573810604211968,0.49,0.1351476349672231,0.1131603966405171
MCMBP,0,0.1051878554369439,0.16,0.145118976081675,0.1506218157231577
MDN1,0,0.4710335959807479,0.4,0.1539622014704334,0.1207226203207378
MED1,0,0.7444269974039162,0.51,0.1373166628308709,0.1453518608660161
MED12,0,0.6690870717365924,0.43,0.1191009116106883,0.1600492538454171
MED14,0,0.6688884613572509,0.46,0.1440153948434655,0.1346847134938332
MED20,0,0.6253059084856761,0.54,0.1618714660555959,0.2062469142205049
MED21,0,0.6858900161027764,0.5,0.1322947133365622,0.0970835049182453
MED31,0,0.3761749070779877,0.35,0.1786745360111397,0.2106045337218592
MED6,0,0.5867185333492353,0.4,0.1334590975916951,0.1616767877630238
MED7,0,0.7409461003655518,0.55,0.1164768441850168,0.0773584617258788
MED8,0,0.6320777374999685,0.51,0.153250735371555,0.2054184765433476
MED9,0,0.7250021951629815,0.51,0.1178433030693257,0.1437171846771426
METTL14,0,0.5478286906495416,0.37,0.1480873075321669,0.1679670012227335
METTL16,0,-0.1052222046499149,0.15,0.1497778464523119,0.111832720022964
METTL3,0,0.1831827296942493,0.16,0.1351667523881627,0.171536532796875
MEX3A,0,0.0029180691553195,0.16,0.1915516066972021,0.333266508382589
MFAP1,0,0.5370206618509074,0.24,0.1188856250561472,0.1321348141615392
MMS22L,0,0.4028920336200014,0.31,0.153474428623938,0.1202730965510939
MOB4,0,0.1654161363685909,0.17,0.1705206173702606,0.1920253670972281
MRPL10,0,0.5987813812640689,0.41,0.2031714746623915,0.2755573605013823
MRPL16,0,0.4977373983870738,0.38,0.1861023163718945,0.2278314001179681
MRPL19,0,0.6962467372649238,0.53,0.2159148906004486,0.2831114832057246
MRPL2,0,0.5567823765681751,0.42,0.1702693856415522,0.1640852146383451
MRPL22,0,0.5218361168833505,0.34,0.186690844938299,0.2246065129756701
MRPL24,0,0.5642236201501938,0.4,0.1882314100083789,0.2580562261726395
MRPL27,0,0.6194654715973085,0.43,0.2160943833880941,0.2832286419160171
MRPL32,0,0.5366049620242037,0.34,0.204731963006174,0.1867100652685053
MRPL33,0,0.5403378199680816,0.32,0.2064309036791706,0.2770214849722526
MRPL35,0,0.4200893433207028,0.3,0.1837362726438803,0.2336016380568671
MRPL39,0,0.6529991746678195,0.49,0.2211618958661797,0.2792312104818814
MRPL4,0,0.540971868867721,0.3,0.1607367601627055,0.1766112093445883
MRPL49,0,0.5532985708020254,0.54,0.1932598459160925,0.244190975922362
MRPL50,0,0.379370167078272,0.24,0.2045097355489088,0.3246715777485566
MRPL53,0,0.5096767216940613,0.33,0.1865859351392676,0.2441663874959577
MRPL55,0,0.4911602253568169,0.34,0.1774419423227413,0.1887787286096304
MRPS10,0,0.4028650891849911,0.45,0.1914944834295267,0.3777807693694985
MRPS18A,0,0.5545713529937224,0.43,0.1974900367164639,0.2526058486602711
MRPS24,0,0.212974013382451,0.22,0.19006626465005,0.2627908677916014
MRPS26,0,0.2638060531955477,0.28,0.1815692632590392,0.2630175247039775
MRPS27,0,0.2953872080906355,0.33,0.1618501205382981,0.1758028634596533
MRPS28,0,0.2581090935077464,0.19,0.221903859162353,0.4352397643974305
MRPS34,0,0.3968344869742501,0.34,0.149410525536273,0.1655983544105247
MTOR,0,0.7508996255874524,0.55,0.1876909106879133,0.2995535606310737
MTPAP,0,0.2680910254361258,0.11,0.18403573441802,0.3204965384022191
MVD,0,0.3246817250456451,0.24,0.1805542063699822,0.1304847988457041
N6AMT1,0,-0.0464106093536999,0.18,0.1634521171724786,0.1709109786598057
NAA15,0,0.3067249421920573,0.18,0.1777400033417026,0.3651135670376414
NAA25,0,0.4063521027851018,0.29,0.1389912787472186,0.1096904383201128
NAE1,0,0.2959527114507392,0.23,0.1426564041498912,0.1165723243943562
NARS,0,0.5512644709132609,0.3,0.1346666471429808,0.1499899424719818
NBAS,0,0.1999833342866668,0.2,0.154131745768145,0.1666691633600075
NCKAP1,0,0.2512261585134857,0.22,0.1688295191358033,0.0949503539873438
NCL,0,0.2765352053752437,0.32,0.1534194295057398,0.1748573846258894
NDUFA6,0,0.352099749767622,0.3,0.1893598651306288,0.3119913425787702
NDUFAB1,0,0.5233641276478131,0.31,0.1766011745609357,0.2120420960404097
NDUFB10,0,0.3255612484048266,0.25,0.1921261811482423,0.2831057732309964
NEDD1,0,0.2408584220713041,0.3,0.1631230508242329,0.1983009469001234
NEDD8,0,0.1218787321186532,0.3,0.1261100051062617,0.1855980821618632
NELFB,0,0.5127598112717309,0.32,0.1879589831851704,0.3242036689472691
NELFE,0,0.5420522629427691,0.42,0.1676752237408814,0.1483194120078964
NEPRO,0,0.4877730997839221,0.35,0.1887177536169773,0.2781074187769386
NIFK,0,0.6432171595302003,0.42,0.1432609713520292,0.1571384110976476
NIP7,0,0.4912704937094533,0.34,0.1661173635315054,0.2185268168376745
NKAP,0,0.5979981567776559,0.29,0.1338757921647685,0.1240424843716121
NLE1,0,0.7021761916252669,0.49,0.1581280075478546,0.201210466799839
NMD3,0,0.5298798594391643,0.37,0.1643782180071353,0.1961682575845372
NOB1,0,0.5388621471132872,0.49,0.1933735658192548,0.4491122825659316
NOC4L,0,0.6022879316150971,0.57,0.1962084358001812,0.2035010038348201
NOL6,0,0.6717965576223043,0.59,0.2065152513862264,0.3571070205521252
NOLC1,0,0.2656494235683218,0.31,0.1678894135226477,0.154713919724575
NOM1,0,0.3169783873219364,0.29,0.1907241364056151,0.3105029981266527
NOP10,0,0.3539575606090322,0.33,0.206173278576986,0.5082653164317457
NOP14,0,0.5700900466623894,0.55,0.2131689194421528,0.2221189407080852
NOP16,0,0.523944664474122,0.37,0.1501974153623137,0.1554017217474785
NOP2,0,0.6190713527223182,0.44,0.1531223749050439,0.1226646065781543
NOP58,0,0.576465189523934,0.51,0.1915920542363215,0.2491074381157862
NPLOC4,0,0.6817307666756109,0.54,0.1131330663484328,0.1270754714201738
NSA2,0,0.5165715984510623,0.38,0.199802901163139,0.2785772113482963
NUDC,0,0.3170638397318736,0.26,0.1426567871905345,0.2371137287478263
NUDCD3,0,0.3521148281020341,0.24,0.1455549263079839,0.1575123986541479
NUDT21,0,0.4114934941567645,0.27,0.1193581968457571,0.0434732202141506
NUFIP1,0,0.4672380141218465,0.47,0.1901955823464906,0.3326665165074943
NUP107,0,0.5425377726412002,0.32,0.1274391181000703,0.2690881347044975
NUP62,0,0.6348819528668165,0.43,0.1308882658100874,0.1098322737277099
NUP88,0,0.5161421427070177,0.31,0.1567339802507736,0.0809460908652355
NUP98,0,0.5757748354651692,0.38,0.1298550278510792,0.1295416833435703
NVL,0,0.5568442631025502,0.42,0.1998513660307369,0.2894188211581323
OGT,0,0.2764789964481349,0.22,0.1627138664023185,0.1966710306401389
ORC5,0,0.1979161916276532,0.19,0.1410090466180857,0.1201836662895337
PCBP1,0,0.3549956899483957,0.32,0.1417555933449186,0.0849845905746568
PCF11,0,0.4678379978823706,0.36,0.1328546508479472,0.2022496646696433
PCNA,0,0.5230541370633077,0.43,0.1140304407782623,0.0760998926429943
PDCD11,0,0.5977020027890236,0.49,0.2045498791432531,0.4137050873836604
PELO,0,0.3511835473979992,0.26,0.1395947611821227,0.1880788338501453
PES1,0,0.4965028157866693,0.33,0.1584980394899112,0.0297603165418878
PFN1,0,0.3230193943368452,0.22,0.178929135893604,0.2783219195421753
PGPEP1,0,0.447243672733615,0.31,0.1085707599644968,0.0689679462552958
PHB,0,0.7266043908202923,0.53,0.1116110876494713,0.1232932567365072
PHF5A,0,0.6568969837424031,0.38,0.1377091851579145,0.1352707691978241
PIAS4,0,0.5122519581466708,0.33,0.145656673201455,0.1581076212184948
PKM,0,0.1814559626227295,0.16,0.1608491972414282,0.1222648640979689
PLRG1,0,0.6381631627851571,0.39,0.1149970733747607,0.0949948709476797
PMF1,0,0.592309172716046,0.41,0.1310254600725645,0.1251867166436046
PMPCA,0,0.4826385543060082,0.35,0.1430853063655817,0.2426404686318459
PNISR,0,0.3545429219740902,0.29,0.1502894088719225,0.1679151932605455
PNPT1,0,0.0230815247064443,0.17,0.1834754671117878,0.3975841581681167
POLD1,0,0.4237541332709384,0.31,0.140936212474228,0.1479286628719528
POLE,0,0.4679218496102358,0.36,0.1325291176157471,0.0727469865043991
POLR1A,0,0.5094612574371733,0.46,0.152050730292532,0.1258294358733058
POLR1E,0,0.4958199972524985,0.4,0.1712188372738839,0.2840144536219192
POLR2B,0,0.6770599106330187,0.47,0.144049601669285,0.1868874647311883
POLR2C,0,0.7009088387261789,0.54,0.1333159081587846,0.134545299052514
POLR2E,0,0.4966272188626586,0.45,0.1632261489849942,0.2318691476506781
POLR3B,0,0.4798994132534454,0.42,0.1465715693374937,0.1703818560768736
POLR3C,0,0.180028597934274,0.2,0.1397616741096061,0.1679153904547272
POP1,0,0.536925754888856,0.49,0.2058501623118423,0.4079675264516534
PPAN,0,0.6247378775640526,0.42,0.1539261704340723,0.1521543845595104
PPP1CA,0,0.3000989520634674,0.33,0.19532538797716,0.183007480869181
PPP4C,0,0.2524293623874587,0.27,0.1659688881238952,0.1772061996006819
PPRC1,0,0.8470404738336071,0.67,0.1927873369077493,0.4664240830098146
PRELID1,0,0.3976286558417112,0.26,0.1274976038883082,0.1638846906174028
PRELID3B,0,0.7368436544721467,0.48,0.1586799133199084,0.2638682211381823
PRIM1,0,0.4835276020375491,0.39,0.1257063195086364,0.1338146845322559
PRPF19,0,0.5321667976874623,0.31,0.1732022150646425,0.1257120421385682
PRPF3,0,0.6324518970723939,0.31,0.1272239989457484,0.1272802793718692
PRPF31,0,0.4847796868627194,0.29,0.1541379543380709,0.1126925891526854
PRPF4,0,0.6048167330513634,0.4,0.1465407985049887,0.132336012385097
PRPF40A,0,0.5348859755964672,0.37,0.1689750902891896,0.1431711847349132
PRPF6,0,0.6319259389856573,0.35,0.1414963687330124,0.2034813152228463
PRPF8,0,0.6117683758668903,0.37,0.1439239149687642,0.1667690906378923
PSMA1,0,0.5047728940795384,0.34,0.1127072338490095,0.2081684560992876
PSMA4,0,0.5871015945057871,0.38,0.1219048280571693,0.222662677537407
PSMB1,0,0.4043463178273119,0.27,0.1587466304155599,0.2883973273493659
PSMB5,0,0.7087552071436919,0.44,0.1060708124573996,0.2737420454228971
PSMB7,0,0.5531257395105342,0.4,0.1226377061925196,0.1988218018476641
PSMC3,0,0.3680850732624218,0.36,0.1131733998566874,0.1051073265103919
PSMD13,0,0.5410872689865374,0.36,0.1408012647649453,0.2494744409672938
PSMD2,0,0.5940143725427263,0.39,0.1011598562561779,0.1730360256936479
PSMD3,0,0.4083100967721076,0.35,0.139112101386924,0.2079607097569709
PSMD7,0,0.6224534695856687,0.3,0.0972798919923164,0.293283044917617
PSMG3,0,0.4600368901389185,0.3,0.1259275876200062,0.1438697885319211
PSMG4,0,0.4119907231462737,0.47,0.1794451147090745,0.2469306847353523
PTBP1,0,0.280234757158102,0.33,0.1620366065002458,0.1629667135584756
PUF60,0,0.3370892402456467,0.29,0.1480388706178228,0.1399146795966656
PWP2,0,0.4786222915235127,0.49,0.1975843790081824,0.3982259735301369
RACGAP1,0,0.6284790001425687,0.47,0.1644401837215308,0.236428324925875
RAD51,0,0.467456433343518,0.43,0.1662245262677882,0.2163809442120501
RAD51C,0,0.3462881155143094,0.35,0.1795729864406463,0.1990270955233531
RANGAP1,0,0.5734951828282022,0.38,0.1925725196259867,0.2587903640752969
RARS,0,0.6999421487360684,0.45,0.1447293104235227,0.2107092550552157
RBBP6,0,0.2763156671662047,0.23,0.1405353904099454,0.126180345607958
RBBP8,0,0.263575998772169,0.22,0.1537670859360255,0.1814573125062309
RBM14,0,-0.0385691573868788,0.17,0.1292047661714455,0.129915596568327
RBM19,0,0.5288581441791,0.49,0.1966521983054811,0.3005842465012281
RBM4,0,0.3161932684353995,0.27,0.1524514499504238,0.2478261865992655
RBMX2,0,0.7718431969363733,0.49,0.1422806138027652,0.1866846865890694
RBX1,0,0.3548561775059622,0.32,0.1361606167154527,0.125962230305836
RCC1,0,0.2963893910774254,0.26,0.1651033354968804,0.2612910368543451
RFC1,0,0.436879350910194,0.32,0.1416567075533447,0.1285294722679382
RFC3,0,0.5203577066375829,0.38,0.1507616596208706,0.1709766961609982
RIOK1,0,0.7441674273470088,0.63,0.1958595034804807,0.4249427731323007
RNF40,0,0.5373162246232344,0.38,0.1610692533216891,0.2132283821711771
RNGTT,0,0.2332029373998802,0.23,0.179848144658174,0.1629765023055221
RNPC3,0,0.4104768560806184,0.28,0.1417257753351451,0.095921167104284
ROMO1,0,0.5268874586816654,0.44,0.1679236240656256,0.2245182989481617
RPA2,0,0.5642583563015278,0.43,0.1283670325654068,0.0764803998553118
RPA3,0,0.5641647070846952,0.46,0.1408733012255836,0.2103596619693767
RPF1,0,0.5835269315628782,0.41,0.1595367210394765,0.1261039548645823
RPF2,0,0.4616910423447918,0.34,0.1661465105678412,0.1411351239043267
RPL10A,0,0.6691998485907414,0.44,0.1409490953649954,0.0852137847669298
RPL13,0,0.6868121828654988,0.45,0.1543206290717295,0.0820204104608661
RPL13A,0,0.3390556356036021,0.29,0.1401387820752841,0.1131096860061873
RPL15,0,0.6269612171704162,0.49,0.127745045323252,0.0534994988801228
RPL18A,0,0.5400016242898664,0.4,0.1486337966334285,0.1041152123101865
RPL23,0,0.5896330811609679,0.37,0.1509247151633548,0.0880033761260631
RPL24,0,0.6652473333652755,0.48,0.144734611801257,0.1008429878469079
RPL27,0,0.6389322948044676,0.43,0.1673130239022141,0.1604631837581264
RPL27A,0,0.6600975602946635,0.49,0.1561419522764701,0.1225146939027924
RPL30,0,0.6662660556529005,0.45,0.1443787824442011,0.0910459484786657
RPL31,0,0.7032806709637668,0.5,0.1563255253982178,0.1522469975431729
RPL36,0,0.6841555572903658,0.47,0.154327111782747,0.096517675953975
RPL36A,0,0.3692550779687583,0.35,0.1972469506816015,0.190453180795658
RPL37,0,0.4896548857428753,0.41,0.1480280965583632,0.1135365110904263
RPL6,0,0.6849601427959506,0.51,0.1660690631396568,0.1137043264208181
RPL7L1,0,0.4166756858248513,0.29,0.1397267620617672,0.070690605762644
RPL8,0,0.6923152376750324,0.51,0.1605131981543497,0.1213014091241884
RPLP2,0,0.486161896814456,0.34,0.1703035537404436,0.2458520340289149
RPP14,0,0.6348170771052225,0.59,0.1970526666200772,0.2664645716337531
RPP40,0,0.6893880692442584,0.61,0.1958585321477651,0.3684368703741971
RPS12,0,0.5305212934706113,0.39,0.1818909211807471,0.3456437798163018
RPS13,0,0.6769406166546955,0.47,0.1852471317602273,0.3169081916811224
RPS14,0,0.4705742160640327,0.34,0.1882263811665141,0.2758885636990408
RPS16,0,0.5873470404799842,0.46,0.1880684522227051,0.2340016252130382
RPS17,0,0.657832676021506,0.54,0.1929731193818909,0.3289144916338922
RPS18,0,0.6934563643789672,0.49,0.1834907988587283,0.3110497530542735
RPS19,0,0.720909582339238,0.51,0.1828687219243966,0.3144646786249478
RPS21,0,0.447601653806407,0.34,0.2003282083490868,0.2646093417314103
RPS23,0,0.6152747070835018,0.49,0.1983453558474485,0.2863055239428866
RPS26,0,0.6437388249940249,0.48,0.1781159434096752,0.263144493403655
RPS5,0,0.4975032207738787,0.29,0.1698071036386068,0.2956809267465132
RPS7,0,0.6781390880618602,0.54,0.1832645746078991,0.3048460404811296
RPS9,0,0.5970213404461537,0.44,0.1803934966601559,0.3637868820761133
RPUSD4,0,0.3624387855477468,0.25,0.1657229007308898,0.1627000977875589
RRM1,0,0.527737812967092,0.33,0.1230315670938949,0.0674767989261311
RRP9,0,0.4160149677817998,0.41,0.1904317965241643,0.3468063704593607
RRS1,0,0.6267129405810907,0.45,0.1581077390658393,0.1132481586566227
RTCB,0,0.4021958505313339,0.29,0.1997842912030237,0.3284133691222551
SAE1,0,0.2921810431938992,0.2,0.1638696457417193,0.232007205062639
SAP130,0,0.3072362884768054,0.34,0.1467987497254344,0.1268079956763809
SARS,0,0.3376381440579448,0.34,0.1061688850793897,0.0772158409216531
SART1,0,0.6301519366257312,0.44,0.135100529108518,0.1624747036004028
SEC13,0,0.5595585116965575,0.42,0.1816844634807258,0.1654162052351765
SEH1L,0,0.4682199592172508,0.27,0.1505379998708958,0.1445990939671351
SERBP1,0,0.1416857952104422,0.26,0.1821665591897892,0.2152418365936207
SF3A1,0,0.5980155715936978,0.32,0.1256778675974912,0.0888072821298601
SF3B2,0,0.7349408253406706,0.43,0.1185512784708576,0.0872018713053157
SF3B3,0,0.7158954839118088,0.42,0.104953400429275,0.1135373000156673
SF3B4,0,0.6800256410729778,0.37,0.1202502220192597,0.1313928764054434
SIN3A,0,0.4754955497403658,0.36,0.1445577059755825,0.1361451822932895
SKP1,0,0.1605102214636574,0.35,0.1208653241691835,0.1039822192166743
SLC7A5,0,0.3772060012352039,0.19,0.1752689550685456,0.2681153254286303
SMARCB1,0,0.1781600155820834,0.2,0.1488701870081847,0.1803286831243858
SMC2,0,0.5933270167358022,0.48,0.1518835148783374,0.1999767207622654
SNAPC2,0,0.324854655856221,0.26,0.1427953523316785,0.0582259294843107
SNAPC3,0,0.4280309599841017,0.34,0.1466201831749767,0.1639816635788661
SNAPC5,0,0.3553475676164845,0.23,0.1811051955403753,0.1757576773655823
SNRNP25,0,0.3121848899381019,0.34,0.1418102085754624,0.1161636736057713
SNRNP27,0,0.0500520788939402,0.12,0.1390758534802664,0.1229909479082407
SNRNP35,0,0.4635000266249859,0.36,0.1255641301274744,0.0946768034188349
SNRNP48,0,0.4139061326826132,0.34,0.1325556785362789,0.1023892368268028
SNRPA1,0,0.722936714005484,0.47,0.1349725490703685,0.1187902364334801
SNRPE,0,0.7205909304173457,0.43,0.1392954879140321,0.0906180931844314
SNRPG,0,0.6517727610808716,0.37,0.1407277685621229,0.0957051130197964
SON,0,0.4482752598528164,0.36,0.1080879227035003,0.0922906238522817
SPC25,0,0.6135025455521466,0.42,0.1134083415527504,0.1153663391475074
SRFBP1,0,0.6789104782234504,0.64,0.2101535446941577,0.3744071080922197
SRP54,0,0.6044316178259376,0.42,0.1276361328848245,0.1575145136472905
SRP68,0,0.5571810279767573,0.42,0.1291852626796353,0.1036926068146723
SRP72,0,0.2203889261791417,0.2,0.1606695288628543,0.2257254664047689
SRPRB,0,0.5363437475246269,0.38,0.1383387055251558,0.1854592262373999
SRRT,0,0.6780122835443672,0.5,0.1485763321320406,0.160068527787961
SRSF11,0,-0.0416254071355531,0.18,0.1339573191022259,0.1268024676047716
SRSF2,0,0.2256554446543295,0.16,0.1529967813144088,0.096598778507843
SSRP1,0,0.5527618875356402,0.38,0.1500360842117643,0.1188414205724478
SUGT1,0,0.0656574874363839,0.19,0.1267456137815204,0.1250955122675039
SUPT4H1,0,0.2751217332125495,0.23,0.1854642993835414,0.2363285499292374
SUPT6H,0,0.6758312261063222,0.51,0.1186926581049699,0.1875343387728199
SYF2,0,0.4355308123541677,0.32,0.1820336514335617,0.1612206455438044
SYMPK,0,0.5287324853398299,0.35,0.1325217539416436,0.0782717375243426
TAF1,0,0.600166989385214,0.53,0.1442098573191587,0.2191372651304267
TAF12,0,0.7401733742007247,0.53,0.1644948322218886,0.2442047428770856
TAF1D,0,0.1895329546200314,0.18,0.1774020281619515,0.251603496971311
TAF2,0,0.6236079019873727,0.57,0.1700971041858209,0.2250520166449455
TAF5,0,0.718411699236714,0.66,0.1535785034508786,0.1802754631978542
TAF8,0,0.6146494185542976,0.6,0.1906921582265389,0.3068056386230283
TANGO6,0,0.3926184451880596,0.39,0.146760189549042,0.0736255125465083
TARS,0,0.4045715679612507,0.29,0.1540452566500007,0.1958849070867893
TBP,0,0.5861453699402525,0.58,0.1894234157321632,0.3856003699272835
TCP1,0,0.4765530842236715,0.35,0.1495826313021656,0.1239031918450935
TEFM,0,0.0216509738101391,0.13,0.1932424224826298,0.4798290489707795
TEX10,0,0.5863105478205585,0.39,0.1801988089248313,0.243233849167514
TFDP1,0,0.3600629951078603,0.3,0.169570792597147,0.1760928637233876
TFIP11,0,0.4369114449014348,0.2,0.161671428157349,0.1897807208793405
THAP1,0,0.3858568498566973,0.32,0.1415085402117237,0.165367457236014
THG1L,0,0.6347761320467454,0.43,0.1361110062972507,0.0888265412165388
THOC1,0,0.4846119730750858,0.4,0.1378763826740416,0.228018497490208
THOC2,0,0.6743771175205241,0.49,0.1396048320344853,0.3190762198847427
THOC3,0,0.2918572851619722,0.17,0.162023898976038,0.2218727547095523
THOC5,0,0.486401606861826,0.3,0.1356291826257038,0.1570631605428601
TICRR,0,0.5060523476949089,0.4,0.1483492732239141,0.0838900041905912
TMA16,0,0.4185543387525244,0.37,0.1900676116376342,0.3261413239398762
TMSB10,0,0.3921291597883494,0.18,0.1453377858728616,0.1731066720240036
TNPO3,0,0.5048377950608671,0.32,0.1738929332565187,0.1819255801057273
TOMM40,0,0.641392462930913,0.47,0.1651343654585477,0.23144984401299
TRPM7,0,0.4468051936593249,0.38,0.1854017781561331,0.1831149063135574
TRRAP,0,0.6632400633469061,0.56,0.1771543538219918,0.3006819657969641
TSR2,0,0.5582829222777622,0.41,0.1722385419833118,0.2938315010088923
TTC27,0,0.2856006950799472,0.13,0.138302928927908,0.1321915296438433
TUT1,0,0.2672779032592073,0.2,0.1760109412149436,0.2831470562265903
TWISTNB,0,0.0269297532547736,0.2,0.1138445084582226,0.1893808939811523
TXN,0,0.3497317483764546,0.36,0.1467555618332206,0.108802654886309
U2AF2,0,0.4353208413333792,0.26,0.1495608698622501,0.1853791429669876
UBA2,0,0.1776619312309213,0.3,0.1471267723797419,0.1570750150272334
UBE2I,0,0.3145223756238908,0.22,0.1506261237553028,0.1057535203807341
UFL1,0,0.4730877638083191,0.34,0.1701975919175251,0.2679994578026868
UQCRC2,0,0.4133137935118253,0.35,0.1973909241328111,0.1520619989184104
URB2,0,0.357711507938645,0.31,0.1910903816170439,0.3408536534091355
URI1,0,0.4205321947728658,0.35,0.170484953227693,0.1364182125006058
USP5,0,0.1487794750284519,0.16,0.1569318060895486,0.2985275097579756
UTP15,0,0.5306207189925187,0.51,0.1710444649135125,0.2019220554993923
UTP18,0,0.54285092876377,0.51,0.1956925773784499,0.3447037636370266
UTP3,0,0.519651939448866,0.43,0.1679727406495191,0.2658482379737632
UTP6,0,0.6734364170675287,0.61,0.2097343644809362,0.4067543571633017
VARS,0,0.7577074291779253,0.53,0.1520934630563731,0.2081425061779044
VPS28,0,0.5600482327706091,0.35,0.0888148919466436,0.0622341990289817
VPS29,0,0.4093917761255148,0.21,0.141000775483181,0.1793185381983666
VPS35,0,0.4591659701865038,0.32,0.145686036354263,0.0703396467196773
VPS72,0,0.0764999579408103,0.14,0.198188164887906,0.2173557921041098
WDR3,0,0.7190880053533563,0.67,0.2015784945282641,0.4609928212693058
WDR36,0,0.3435193359242033,0.28,0.1743380319135716,0.5201241394198114
WDR43,0,0.5789147112140521,0.59,0.1719728510368638,0.2481968167184754
WDR46,0,0.5717498063550188,0.51,0.1992201644111282,0.3490835909334304
WDR5,0,0.718980113339885,0.55,0.2013113951467146,0.3784369996930254
WDR55,0,0.3633204473494603,0.32,0.1871247178681821,0.2416633728875634
WDR70,0,0.5147370272993264,0.27,0.1518022578544277,0.1246237258877751
WDR74,0,0.5250409212798903,0.36,0.1554291749297798,0.1433913809078511
WDR75,0,0.5208575475943373,0.53,0.1709089975478225,0.2429834119615813
XAB2,0,0.5384291172107927,0.28,0.1130327802934175,0.0863765344386451
XPO1,0,0.6505029760349991,0.5,0.1284056806609661,0.069058595508749
XRCC6,0,0.3243492433497284,0.38,0.1852422295237588,0.2077121320855932
YEATS4,0,0.442117679339283,0.31,0.1514838513517497,0.1611788418281663
ZCCHC9,0,0.1517554152745839,0.19,0.1654794737094034,0.2997251465505631
ZNF207,0,0.3000394027673473,0.26,0.1542416477811098,0.1387921384740586
ZNF335,0,0.1329762238240284,0.14,0.1348131707771811,0.1430688758670744
ZNRD1,0,0.2152417677871878,0.19,0.1588061326676694,0.2210965598289783
AAMP,1,0.5048841928941254,0.37,0.1585458597998581,0.156826939689422
ANAPC2,1,0.3646039370241726,0.27,0.1728536037669346,0.2021604596464943
AP2S1,1,0.5002237293351346,0.44,0.1508018818893298,0.1371555114074932
ATF4,1,0.2658002877604537,0.21,0.1795247450565531,0.1714543546418676
BCAS2,1,0.5858694802290502,0.36,0.1742008602155431,0.1621874405047231
BGLAP,1,0.4237964622813243,0.31,0.1478625007835024,0.1320004238357786
BRD8,1,0.2773489038991968,0.17,0.140051377246619,0.1411280075677292
CCNK,1,0.376595618244481,0.4,0.1915669261242081,0.3861444308303189
CENPE,1,0.3546856396418215,0.37,0.1450610596929572,0.1328175242848952
CHMP1A,1,0.1917070214801558,0.28,0.1355146476662309,0.2424174721878033
CHMP2A,1,0.5565431369550815,0.39,0.0822656172925449,0.0569027729971585
CKAP5,1,0.4821886051109424,0.4,0.134045048194924,0.1480821320673341
COX17,1,0.4747612716410463,0.4,0.1696302313648358,0.2180403857528132
CTR9,1,0.5598152854933952,0.37,0.1368223917188685,0.0743202520919011
CWC22,1,0.5359843376947752,0.3,0.1333514692834694,0.0407228283222317
CYCS,1,0.3960427666258654,0.44,0.1975315441486647,0.2617117556010941
DDX47,1,0.3658737814204338,0.23,0.1701282002263266,0.3343244859972654
DIS3,1,0.6826452135746707,0.66,0.162559745076764,0.4094589991685295
EIF3CL,1,0.3980336074473302,0.29,0.1444736423379756,0.2114857978699318
FBXO5,1,0.2291988338411969,0.21,0.1633368265376113,0.2845958594990762
GBF1,1,0.6506090159284758,0.39,0.107894520397395,0.1445874464758507
GINS3,1,0.5332985489685773,0.41,0.1541338617162895,0.1537041222877736
GRB2,1,0.0924426542801974,0.15,0.1532955157491266,0.3691137500233695
HARS2,1,0.476518075555069,0.36,0.1600434888327259,0.1451212729071997
HEATR1,1,0.6189454045545869,0.56,0.1701748349364502,0.2853334920658016
HSPA8,1,0.2906151650705235,0.34,0.1377714559024386,0.1341508845926521
IK,1,0.451052885417336,0.28,0.1253161366948154,0.0767460390679111
KIF20A,1,0.1214332818351204,0.13,0.1416438704709914,0.1117882625387364
MED10,1,0.6577919316581987,0.47,0.1419117298822672,0.1246967110367446
MED28,1,0.5450949509898637,0.44,0.1621291413160562,0.1694179442331741
MRPL13,1,0.4869435364476713,0.31,0.2029724805552995,0.2629174303147317
MRPL54,1,0.4879094582953782,0.38,0.1568343271850985,0.1885276273874799
MRPS11,1,0.4477151060251842,0.41,0.1858657076932047,0.2443099197152164
MRPS22,1,0.3546612444068499,0.38,0.2050979166503087,0.3608512445688829
NAT10,1,0.5296305363748535,0.45,0.1840373467815915,0.2527285294426717
NCAPH,1,0.3752436921036672,0.26,0.1159790446784685,0.1980724209475143
NDC80,1,0.5636548720993763,0.4,0.1131048402337204,0.1173121938290448
NDUFA8,1,0.435153456205389,0.35,0.1759217877861031,0.1353471291185605
NRF1,1,0.1627919992250967,0.17,0.1484938903300847,0.0806365006537246
NSRP1,1,0.5929467038869031,0.28,0.1176993167963987,0.0624476355700359
NUMA1,1,0.3624089506615776,0.28,0.1571150249433827,0.1722386386545968
OXA1L,1,0.6294028522962551,0.52,0.1977622414927886,0.4450524756906492
POLR1B,1,0.5995878656617799,0.52,0.1666484827084431,0.3218741254878432
POLR1C,1,0.2149256748163641,0.2,0.1744696804987406,0.2985996032819139
POLR2A,1,0.630002706873995,0.46,0.1369160617032758,0.1205100693056487
POLR2D,1,0.6237629547162203,0.48,0.1446971655736569,0.1194881541206008
POLR2G,1,0.6669617601917296,0.49,0.1543137605001837,0.123178363979619
POLR2H,1,0.5881040262329229,0.45,0.14415408884222,0.2538720535456859
POLR2L,1,0.5530751197675841,0.58,0.1803154566217781,0.2397411583766573
PPARGC1B,1,0.0536825802226284,0.18,0.1744096040127533,0.2062921394613705
PSMA7,1,0.4618518093186463,0.37,0.1040246831033058,0.0724906558276579
PSMC6,1,0.6154655971182914,0.39,0.1042378297206364,0.1419058666842205
RBMX,1,0.4158282033972646,0.34,0.1528292982045522,0.1433031066329868
REXO2,1,-0.1093111362921069,0.16,0.1411091370910838,0.0909562556948157
RMI1,1,0.252460443799174,0.23,0.1324712640316007,0.2444444227385328
RPAP2,1,0.6315280356724333,0.46,0.1548097940926772,0.1246993996008689
RPLP1,1,0.3291718073614916,0.36,0.1574286262398261,0.1690677696999966
RPP38,1,0.5841943996227122,0.54,0.1996130811267781,0.3518589635600704
SMC3,1,0.4212014895323175,0.39,0.1249871064576465,0.0885169599870022
SMU1,1,0.4893057183747799,0.3,0.0935854543085496,0.1320380750447796
SNW1,1,0.5027746575955367,0.3,0.127540621326257,0.1023272452974374
SPC24,1,0.6247521354236925,0.46,0.0990605325812449,0.0645958384178891
SRSF3,1,0.5143585527569619,0.29,0.0881922847114826,0.0584277430913954
SS18L2,1,0.3358330929896383,0.27,0.1577828728326407,0.1134853515761499
SSBP1,1,0.80167482235823,0.65,0.2048945133783846,0.4024319493610476
STARD7,1,0.0105832070394073,0.13,0.1899390432699546,0.2895340932631096
TBL3,1,0.7094678640983273,0.71,0.1978158766578322,0.2900417929017949
TREX2,1,0.3513668080626219,0.3,0.1307139468300025,0.1607333208059968
TRMT10C,1,0.6298503447568465,0.42,0.2108102096182459,0.3095414970178192
UQCC2,1,0.4464757282998624,0.36,0.1575790606727973,0.1462786665707168
USP36,1,0.4285867702151946,0.46,0.1843121589056069,0.4210508625165154
VPS54,1,0.5525636841581978,0.35,0.1372877818562273,0.1789165038900734
WDR24,1,0.3787990902692345,0.36,0.1191536345549506,0.0768534444825595
WDR82,1,0.4883208865867234,0.49,0.1245112983165208,0.1680183873972339
WDTC1,1,0.2013618751706578,0.2,0.1480653572267668,0.1717987942653356
ALDOA,2,0.6291519859624494,0.45,0.1349719722047344,0.1151840090315837
BNIP1,2,0.5419505312524083,0.38,0.1248700907463821,0.1871325565477546
BUB3,2,0.4506863339027705,0.31,0.1414692293612173,0.1703744194440488
BYSL,2,0.6458320480486484,0.6,0.2027196939361383,0.3840630580604841
CCDC84,2,0.4454686066675472,0.29,0.1594310870063738,0.1595396302391087
CDC6,2,0.4913092286506146,0.41,0.1514521610160137,0.129562576289146
CENPK,2,0.5222692674026654,0.35,0.1507460164169569,0.1461171435000358
CINP,2,0.4405589860164767,0.33,0.1664639753611517,0.1657977642349314
CLNS1A,2,0.4427726978619941,0.3,0.1585757985071635,0.114031092546571
CLP1,2,0.2747285041814653,0.32,0.129243588742041,0.2139644818117756
CNOT3,2,0.6106517074214193,0.32,0.124997250284502,0.1911038967818482
COPB1,2,0.5074754551561311,0.33,0.1156352208815575,0.055832087670923
COX7C,2,0.5365255769071263,0.38,0.1704964504358357,0.231472378010709
CSNK1A1,2,0.3723199733070095,0.33,0.1363785651555298,0.1236549578583001
CUL7,2,0.418477324609545,0.36,0.1447910349511391,0.0767784648579174
CXXC1,2,0.598457408953183,0.46,0.1869553152995341,0.1821745574052062
DAD1,2,0.4506061794455709,0.37,0.1337706842591423,0.178694725700814
DAP3,2,0.5222189433303863,0.47,0.2231126635902534,0.3927340934183956
DDX18,2,0.724010432857656,0.54,0.183291733396521,0.300749666988745
DDX41,2,0.7305163352295312,0.33,0.1484405586746207,0.2675502365317505
DDX59,2,0.3557356048972815,0.23,0.1530792770393322,0.1596378214788544
DNM1L,2,0.527117436709829,0.44,0.1912499041755645,0.350004962851565
DNTTIP2,2,0.7218255120661429,0.61,0.1943068622164354,0.3842372368641013
DSN1,2,0.6161946711695436,0.4,0.1244065914323128,0.0992286054299343
DUT,2,0.3739652947591398,0.33,0.166738322771882,0.1255384635615588
ECD,2,0.4587735620830438,0.3,0.129692681989819,0.140024033874279
EIF1AX,2,0.6773588030051476,0.58,0.1809346811013077,0.3431198146099495
EIF3D,2,0.7113426559653946,0.46,0.1458779997344435,0.1414657765697753
EIF3M,2,0.7087534783510414,0.51,0.1650402496308408,0.2824437039845082
EIF5,2,0.2553122773042159,0.12,0.1401191604121458,0.1264188618594361
ESF1,2,0.6948526565607616,0.61,0.1756059052977301,0.3353139965520451
EXOSC10,2,0.5928282624288955,0.64,0.2037799600879508,0.4862505208664294
FBL,2,0.709542796824504,0.57,0.1985522427067141,0.2086849444858406
GMPS,2,0.2526146131490461,0.28,0.1533667167245424,0.1394880331824329
GNL3L,2,0.5225461319257513,0.43,0.1890929423064192,0.1701649234909214
GPN1,2,0.7214882730281628,0.55,0.1620221127588715,0.1394259301362511
GPN2,2,0.6140806600365224,0.51,0.1703070687833457,0.1861008082389672
GTF2B,2,0.5637753336199637,0.44,0.1541359900079202,0.0889961181414787
HAUS5,2,0.3603005473310771,0.35,0.1469704508793659,0.1716768290191199
HBS1L,2,0.7016821373926072,0.45,0.1249619908866741,0.1347494516841954
HDAC7,2,0.4571072059018481,0.37,0.1378661297589898,0.1291776795200971
HNRNPM,2,0.402546720078659,0.37,0.1544734946961292,0.1364090892521014
HSCB,2,0.3389361157911383,0.26,0.1494069037458161,0.2435077861107582
HSPA5,2,0.5245156118187999,0.38,0.0877713795959428,0.0389227943680833
IMPDH2,2,0.3649539181334245,0.29,0.1781302612771796,0.1586776083138534
ISCU,2,0.4373454170233349,0.3,0.103410978861195,0.0609090429527165
ISG20L2,2,0.5359765805668757,0.4,0.1734013252161241,0.1753664173626057
KARS,2,0.4536032694971847,0.27,0.146224073239278,0.1211366679595623
KPNB1,2,0.6376065356433619,0.38,0.1164484032626876,0.0754622233334635
KRR1,2,0.7348255579364353,0.62,0.206982479373917,0.4741182189727167
MAK16,2,0.6304500587094072,0.43,0.1640878181117977,0.1725958660932579
MED17,2,0.6900603106493349,0.52,0.1194554039487112,0.0658481923995412
MED22,2,0.7116543194636353,0.54,0.1169065765670114,0.1157370522661502
MED26,2,0.4803321884358226,0.39,0.1786087343771833,0.2106666711989351
MED30,2,0.7296389371907663,0.55,0.1294379839511799,0.1641802218749712
METAP2,2,0.1865869542197422,0.19,0.1527818234203047,0.2358870638599694
MICOS10,2,0.4498302826634264,0.37,0.2041674642076184,0.3343991631426056
MRPL14,2,0.5123687458064741,0.37,0.2249332270818341,0.391197897806358
MRPL17,2,0.6136786652692106,0.43,0.2062589808898148,0.2469532025989051
MRPL18,2,0.6533523840462121,0.49,0.1866044635302177,0.1911917153256178
MRPL3,2,0.6132018422498267,0.41,0.1857572131885793,0.2644998863685749
MRPL37,2,0.5773737357188266,0.41,0.1925284953930474,0.1877744608818903
MRPL41,2,0.4885714981306292,0.31,0.1808801794084178,0.2002200647651482
MRPL43,2,0.5223391846755776,0.4,0.1697743317098242,0.1598572332379231
MRPL51,2,0.5350068912029777,0.35,0.1805494988924227,0.2428580304899403
MRPS14,2,0.4043636050261189,0.24,0.1826314416335791,0.1821874950923999
MRPS2,2,0.2843164612791677,0.25,0.1925117970036893,0.3032013743812525
MRPS21,2,0.5165298667189131,0.42,0.2056515702112547,0.3643543870031676
MRPS23,2,0.4750563740092702,0.43,0.2214013334989366,0.4013230506926356
MRPS35,2,0.565142351662176,0.52,0.2182252200084551,0.3809143510825649
MRPS7,2,0.4626515982103665,0.44,0.2353130594485242,0.3767643340574281
MRPS9,2,0.4097760626267697,0.42,0.2269031653382605,0.3142727363606528
MTBP,2,0.5488192328983829,0.47,0.1600387464902505,0.1803545149445603
MYBL2,2,0.5581892075698492,0.49,0.1543888774254932,0.165331017136988
MZT1,2,0.1344124030021974,0.2,0.1392124982137764,0.2866875521291037
NCBP1,2,0.6779822504908787,0.56,0.1823662393875741,0.3979026558695844
NDUFA2,2,0.5206647609382674,0.34,0.1176259791087754,0.1360595432038488
NDUFB4,2,0.4248468210449153,0.31,0.1663463308665136,0.2125155073969529
NDUFB8,2,0.542006323946022,0.36,0.1625944603406248,0.2281264348289011
NRDE2,2,0.5679687278281357,0.32,0.1767834495515506,0.2468360333248768
NUF2,2,0.6101905057878321,0.4,0.1313191577668262,0.1437718116667582
NUP160,2,0.635197142483624,0.42,0.1589213883488271,0.1489598875608331
NUTF2,2,0.5509898582054167,0.31,0.1735059552182375,0.1063628035092161
OPA1,2,0.4748985172100989,0.44,0.1476943307293811,0.1828702756845745
PGAM1,2,0.3908754202376117,0.3,0.1619163675856652,0.233545550229526
PGD,2,0.3142616581493574,0.28,0.1611893625121475,0.1721399885495478
PNO1,2,0.6767398095542968,0.59,0.1925240442224286,0.3877145037051374
POLA1,2,0.4553578498935813,0.4,0.12028248611933,0.1088941691661081
POLA2,2,0.4659732485881619,0.35,0.1444629651263324,0.1548392203199814
POLD3,2,0.3423277632899921,0.33,0.154600245895678,0.1419503300891354
PPIE,2,0.4930367807474122,0.27,0.1653205175132372,0.102068950040853
PPP4R2,2,0.1119052337818421,0.17,0.141966035974923,0.1352142361702731
PRIM2,2,0.4601258002205544,0.36,0.1502338260808805,0.1248762509748668
PSMA2,2,0.3427812580717253,0.28,0.1283365614151974,0.0356353140466904
PSMA3,2,0.6400990710494535,0.41,0.1080801837473061,0.2876129302237117
PSMA6,2,0.3612398616016917,0.28,0.1145589266555092,0.0684658653633753
PSMB3,2,0.3177105605224791,0.22,0.117575247762059,0.0747893447926436
PSMC4,2,0.6461319393920657,0.41,0.1013626764271422,0.1950625580045659
PSMD1,2,0.6225485320648355,0.42,0.114660144639844,0.1808573642078376
PSMD11,2,0.5627931911913491,0.43,0.1102664864722875,0.1878269554666081
PSMD6,2,0.6320926717930957,0.55,0.1159148019179793,0.325615445929285
RAD21,2,0.538531658369776,0.47,0.1072823301048196,0.0730007233948701
RAE1,2,0.4725058573916046,0.34,0.1692502026808243,0.1782921563918603
RAN,2,0.5000916410051139,0.35,0.1754380907587182,0.1886391124884566
RBM17,2,0.3803871698164182,0.26,0.1845560150076585,0.1992235802583096
RBM28,2,0.5853530987908887,0.33,0.1785744049041654,0.1470483411869298
RBM39,2,0.403835661177255,0.33,0.1819765025156887,0.2038688987962962
RBM8A,2,0.5459623860746747,0.4,0.1387343177682243,0.1549994085829336
RFC5,2,0.4029906284262746,0.27,0.1547276417526777,0.114466295020263
RIOK2,2,0.7385643979907294,0.62,0.2048358046888119,0.412524435423509
RPA1,2,0.4668281287877296,0.3,0.1247950432115722,0.102171424706752
RPL19,2,0.7317913828890421,0.54,0.1499597753642081,0.0947981047410303
RPS11,2,0.7503592057445448,0.59,0.1854144783977276,0.3151493525170351
RPS28,2,0.6651903825043952,0.52,0.1909012442591421,0.3389095905440618
RPS4X,2,0.6937945619793334,0.63,0.1722932476722,0.3184682173283703
RPSA,2,0.6695124406597155,0.53,0.1736062116137717,0.301079149730918
RRP1,2,0.55286696425342,0.45,0.1892928045435033,0.2148191889248744
RRP7A,2,0.6637037781352984,0.62,0.1876338639219968,0.2638008467578926
RSL24D1,2,0.6465052739551292,0.44,0.1661081603556871,0.1359574732454887
SAP18,2,0.5914326032124306,0.55,0.1855384026352804,0.4040104215422868
SCFD1,2,0.3949379387839511,0.28,0.1388382656577823,0.146158832413437
SDC1,2,0.2706518304418444,0.23,0.1732784587357619,0.2133946627402522
SDE2,2,0.4727362707260352,0.33,0.1668214754832934,0.1629705748645665
SEC61A1,2,0.7345469425874228,0.47,0.1305323123871099,0.0858507667361111
SEC61G,2,0.5849903030225885,0.4,0.1226273249297962,0.0698336113732218
SF1,2,0.3067280599540422,0.31,0.157405275050017,0.0689435051705972
SF3B5,2,0.7016537935662415,0.38,0.1247017364777797,0.0789424875649962
SFPQ,2,0.5104147359106209,0.33,0.1194845298339273,0.1473440319110085
SKA3,2,0.2796710215108351,0.2,0.1961030082179328,0.246360630967545
SMC4,2,0.5149834180647904,0.4,0.1590992304649474,0.2263395941200433
SMN2,2,0.6956019906837594,0.38,0.1475419652916828,0.1289625097196262
SNRNP70,2,0.6657829349285068,0.39,0.1243566051584969,0.0556481428221237
SRBD1,2,0.6231806373625937,0.46,0.1466744437062834,0.1648403827786827
SRSF10,2,0.218234130313192,0.2,0.14120088804237,0.2118945711793238
SRSF7,2,0.4155657034269951,0.25,0.1701260131674299,0.2292669174091042
SUPT5H,2,0.7770019427060817,0.62,0.1141525011723591,0.0903924534952254
SUPV3L1,2,0.6593787579322493,0.51,0.1918843334937576,0.3331925859507936
TAF1C,2,0.5526275184374749,0.54,0.1653431971829275,0.3197420557457281
TELO2,2,0.6616649350880557,0.46,0.1560765168491126,0.0943700313811062
THOC6,2,0.252751185911752,0.2,0.1389952592500612,0.1950212688127063
TIMM9,2,0.3016808537594159,0.22,0.1837496766067561,0.3068829174962693
TPX2,2,0.6018649916677814,0.49,0.1334864888099139,0.0980430899955083
TSG101,2,0.641951126914439,0.43,0.0863273626049963,0.0681841221363937
TTK,2,0.6600284189011091,0.44,0.1157889737021029,0.109445196311938
TUBGCP2,2,0.3011875900679048,0.35,0.1581333815727393,0.1774914381767292
TXNL4A,2,0.2627167983010682,0.29,0.1499817578408463,0.146847399791523
U2AF1,2,0.5403131921373366,0.27,0.1253415630337019,0.1129962550101559
UBA1,2,0.2520532335221657,0.2,0.1246425148134923,0.2424120255523247
UBA3,2,0.2558631158028009,0.24,0.1368376067656586,0.1565792685308885
UPF1,2,0.5662916019787462,0.35,0.1170907583758179,0.156451809108747
UQCRB,2,0.4038936533427054,0.28,0.1802063259132067,0.2536424114285617
UQCRFS1,2,0.5344180523510135,0.36,0.1795705069002554,0.2067493639199591
UQCRQ,2,0.4595221738606268,0.39,0.1990701131305972,0.2870019177399683
USP39,2,0.4536367956262001,0.31,0.1785779119251387,0.2751305035060694
USPL1,2,0.2921831918590399,0.27,0.176534489771709,0.1826851028442038
WBP11,2,0.6114595401009455,0.32,0.1279378415155826,0.119191155753181
WDR61,2,0.4634705098169412,0.36,0.145136229248057,0.1106458535678586
XRN2,2,0.3998684757398968,0.33,0.1449830057880034,0.117298746756613
YTHDC1,2,0.4581414962050003,0.39,0.1615470673815864,0.3109608530295118
ZC3H18,2,0.3729819106180903,0.24,0.1435989827316929,0.0948210505478558
ZNF574,2,0.2236103160929695,0.2,0.1717640934352074,0.2779583992509077
ZNHIT6,2,0.6217309782365696,0.58,0.18627021490471,0.3268033711756606
AARS,3,0.4635251833207581,0.28,0.1280399738182762,0.1449705924357402
ABCE1,3,0.7902270948710943,0.66,0.152666207324454,0.2532707472398744
ABCF1,3,0.6877898008116208,0.52,0.1586588752117506,0.1755957489973565
ABT1,3,0.5794541761423726,0.6,0.1941288501327215,0.3768119122559739
ACTB,3,0.6423863328086118,0.25,0.1255072084458295,0.155454352586729
ACTR6,3,0.4009613999384936,0.23,0.1613241103189075,0.1527948728509633
AHCTF1,3,0.4227408230860053,0.32,0.1842566078093386,0.2897126563585914
AKIRIN2,3,0.3689797038783145,0.27,0.1362572061313453,0.1558048280591607
ALG13,3,0.2206912583808954,0.17,0.1547133568953933,0.1644962452543255
ARGLU1,3,0.138075918670413,0.23,0.1779042598213704,0.3724819628001993
ARL2,3,0.2606361712117733,0.26,0.1249903139738197,0.0937384871852898
ATP6V0B,3,0.543655945576796,0.39,0.1251179228085787,0.137161564264907
ATP6V1A,3,0.5277909709520905,0.33,0.1334281390198544,0.1383299057611804
ATR,3,0.3812421744252682,0.24,0.1640201456577673,0.2088262173732166
ATRIP,3,0.3596098523785054,0.22,0.1846809081810045,0.375672097051405
BDP1,3,0.6496927534217611,0.52,0.1356989693740263,0.1355164247199892
BRIX1,3,0.6397762367904459,0.47,0.1383946605773585,0.0697774902425006
CCDC59,3,0.6143439978574905,0.65,0.1854955483240206,0.3902351602151909
CCNH,3,0.6239207889451741,0.5,0.189992658511173,0.3304803326395492
CCT4,3,0.389192227891185,0.26,0.1371016435701939,0.1439711625142375
CCT7,3,0.3942969929242346,0.23,0.1319660511921837,0.1493778061475015
CD3EAP,3,0.5043818846335245,0.37,0.1617580172533527,0.2604880717578138
CDC123,3,0.4444539899341644,0.37,0.151215143768072,0.2588795551695199
CDC5L,3,0.6949316314967503,0.43,0.1658173600197756,0.1013763353014755
CDC73,3,0.5480667769457126,0.32,0.1072028870690764,0.0610080981080067
CEP192,3,0.4768187310779693,0.32,0.1593899226855057,0.1465117942739813
CHCHD4,3,0.5446964303975688,0.43,0.1926996214477823,0.3796450589288483
CHD4,3,0.2948217492171787,0.22,0.1471242715555035,0.1103327161124938
CHEK1,3,0.2185781334115333,0.21,0.144998574522875,0.2447689121906531
CMTR1,3,0.8799231252920193,0.72,0.1759802517474283,0.4095481538471443
CNOT2,3,0.6275710926111175,0.36,0.1633932097084146,0.1554205669669666
COPS2,3,0.2978562067829575,0.27,0.1495494532799062,0.1121169930119576
COPS4,3,0.4282430797905412,0.37,0.1575663358846798,0.2148491252299953
COX11,3,0.3387055940562649,0.27,0.2039507703329451,0.305052100958715
CPSF1,3,0.4524305041334608,0.34,0.1642406503839975,0.0912731177301034
CPSF3,3,0.5782293232522214,0.45,0.1563043697932896,0.1248864445860198
CPSF4,3,0.5881876671771833,0.42,0.1393510469270215,0.08790468508816
CPSF6,3,0.5598060790067692,0.38,0.1481195701383652,0.0744975953829716
CSE1L,3,0.6027653792298253,0.47,0.1140998911469746,0.1281004894842086
CSNK2B,3,0.3694808618910088,0.28,0.1407146591156845,0.0954142816913534
CSTF3,3,0.5947732884278173,0.47,0.1464096440204571,0.1311702700646575
CUL2,3,0.4481839194528664,0.41,0.173726258324848,0.1980104905700641
CWC15,3,0.6787630934996828,0.41,0.1621075023699725,0.2336123403013636
CWF19L2,3,0.6028983187364783,0.32,0.1452356260928046,0.130184646058303
DARS,3,0.638847119868038,0.4,0.1637594727279973,0.2032751554940186
DDB1,3,0.494696954944157,0.44,0.1389831113042831,0.1397123033210814
DDX10,3,0.5771826636224371,0.52,0.1960651529134467,0.3458159266639674
DDX23,3,0.5673065917529893,0.32,0.1458468794483611,0.1780691605787885
DDX46,3,0.5557948843803694,0.29,0.138343922644283,0.1441707260744362
DDX5,3,0.0514587872979348,0.21,0.1697884790967681,0.2359290244657879
DDX52,3,0.62357566663307,0.61,0.1952703871622296,0.375939312640259
DDX55,3,0.567865192966846,0.46,0.1870373274455561,0.3125103659471209
DENR,3,0.33266452520173,0.32,0.1377716203165999,0.1798913259134666
DHX16,3,0.7599042398045578,0.44,0.1093350206832289,0.1514277344410985
DHX33,3,0.5570413871689864,0.5,0.1848425989359622,0.3865734678968586
DHX36,3,0.6016286486645563,0.39,0.2054979644493256,0.41064516248045
DHX37,3,0.6500319315499918,0.62,0.1998000762062714,0.3973097484841481
DKC1,3,0.4692785603192859,0.52,0.2027166637614669,0.3648917458419667
DLD,3,0.59063253630906,0.43,0.1194050712236307,0.1264351772962811
DMAP1,3,0.5762028183797371,0.44,0.1222975544243,0.1151017778258031
DNAJC17,3,0.6726844174064647,0.38,0.1286795183189769,0.089230295510828
DNAJC8,3,0.274526819663192,0.15,0.1422285796539536,0.2023821339102546
DNMT1,3,0.0083599729426283,0.19,0.1470425990708553,0.1623826165097177
DR1,3,0.2132107390687078,0.22,0.1963986078072067,0.3526967724872489
DTL,3,0.5944153587124121,0.44,0.1385336461355504,0.1152163776033171
DYNC1H1,3,0.5094602941510445,0.37,0.1280931107129658,0.1506195010962142
DYNC1I2,3,0.5543163682075658,0.43,0.1403615905540901,0.1156619141303474
EBNA1BP2,3,0.5427107550102883,0.38,0.1578990866768539,0.1305335705474345
EEF2,3,0.6353283882632559,0.37,0.1653864102491546,0.2175750412106095
EIF2B1,3,0.6234156586481305,0.47,0.1729824490731443,0.2899195813254693
EIF2B5,3,0.7066648573773885,0.39,0.138042233499653,0.1897412756766412
EIF2S1,3,0.6673809767047689,0.4,0.1117594247230924,0.1054655778398243
EIF2S2,3,0.4541799043068669,0.27,0.1196393618844683,0.1004368695027968
EIF2S3,3,0.6390245155986036,0.43,0.1143827990483577,0.0730779787340891
EIF3B,3,0.5901794688656753,0.45,0.1422909130873755,0.0817614650700799
EIF3E,3,0.5245648799104202,0.34,0.1285807831635917,0.1958307361989741
EIF3I,3,0.5959231211002575,0.4,0.1476859102496221,0.132359363904302
EIF3J,3,0.4572945917956765,0.37,0.1631314860332863,0.1269989819301704
EIF4E,3,0.720590192609294,0.58,0.2118124628276846,0.2946438621490139
EIF4G2,3,0.6554013399508994,0.44,0.1838987271262033,0.2769858230160404
EIF6,3,0.5128638037106501,0.34,0.1663513339986473,0.1525798894969297
ERCC2,3,0.439177791924173,0.29,0.1759740375303266,0.189192209512094
ETF1,3,0.6148996044105605,0.42,0.1665388948155977,0.1461811031843335
EXOC7,3,0.5435061013786199,0.47,0.1619028389078857,0.0605935513821655
EXOSC2,3,0.7769578352271537,0.64,0.1427631341549714,0.4278281393242403
EXOSC3,3,0.6448271894756439,0.5,0.1351069892221687,0.3570016808725025
EXOSC7,3,0.5395861127411605,0.46,0.1384450567823534,0.1464579360950079
FAM136A,3,0.5938782008044283,0.41,0.1115011772841319,0.0480002736745037
FAM32A,3,0.6449987967152032,0.34,0.1439390386666826,0.1305351170355459
FARSA,3,0.7113261440800527,0.43,0.150977598473591,0.2399390659139591
FTSJ3,3,0.5857540821856853,0.4,0.1086230808332603,0.1191153355875292
GARS,3,0.1114060121858093,0.25,0.1393072987364056,0.1726296048457526
GFER,3,0.321994324782519,0.2,0.1611494128520735,0.2401191582682097
GFM1,3,0.580791930205414,0.46,0.1889317230014471,0.2706401028539645
GINS2,3,0.7109585490784643,0.56,0.1490940703393961,0.0971775812556549
GLE1,3,0.4585402918260443,0.33,0.1426659695764026,0.120553670417576
GNL3,3,0.521149519463218,0.41,0.1582567438699305,0.076873598002641
GPN3,3,0.8072655980455743,0.6,0.1579682779973037,0.1440741011467338
GRSF1,3,0.4975264686791056,0.36,0.1606948286157116,0.223039820384028
GTF2E1,3,0.6175049095572679,0.43,0.1728419390983477,0.284068274547893
GTF2F2,3,0.5776959038449125,0.5,0.1810207922157961,0.1834698613005945
HGS,3,0.6707928950153035,0.39,0.1430012232912272,0.1596740234235505
HMGCS1,3,0.5756621481289376,0.45,0.1439419677324394,0.1855021413729879
HNRNPH1,3,0.3645965714696621,0.3,0.1426083352657353,0.1019885884590078
HSPA9,3,0.7594950988237615,0.49,0.149566574401771,0.1976557391344211
HSPE1,3,0.5521681411688569,0.41,0.1654547071440998,0.1132255115628307
IARS,3,0.5881097000105782,0.39,0.1570571379986677,0.1113606186268077
ICE1,3,0.6682359244147106,0.38,0.1372072548554,0.1289822492275354
IGBP1,3,0.5798036160693165,0.41,0.1291921071716981,0.0877018354827816
ILF2,3,0.1102379294010112,0.15,0.157576402972318,0.1642614356218181
INO80B,3,0.5142547108589076,0.38,0.1542392988777754,0.2473757135823257
INTS3,3,0.4891380270375485,0.31,0.1432493065895812,0.1428770329077882
INTS4,3,0.6442711598844214,0.41,0.1439143760674875,0.102997833592505
INTS9,3,0.7341377126065647,0.45,0.1379244227262776,0.0978803134616917
IPO9,3,0.2512440963266386,0.19,0.153977080481564,0.2029924582683761
KANSL1,3,0.4889831190473498,0.38,0.1693026372245735,0.1293349282726431
KAT8,3,0.3539347832540739,0.35,0.1703127216693958,0.1613891051873243
KRI1,3,0.5245977692730021,0.54,0.1998921223357066,0.2507637043848554
LAS1L,3,0.4919828702968602,0.4,0.1913108897646358,0.2340007980374099
LETM1,3,0.5611079732759743,0.43,0.1839042508407822,0.2819069481159573
LSG1,3,0.6003760068266896,0.42,0.1752013007995909,0.1964008529271208
LSM3,3,0.5739087701874523,0.36,0.1988314068301085,0.18219009941835
LSM4,3,0.6304717554721043,0.39,0.1836157990084999,0.1852821041467286
LSM5,3,0.5230569949069537,0.29,0.1338629847092606,0.1553795039430391
LSM6,3,0.7079606785693212,0.49,0.1657262560819234,0.196470419223653
LSM7,3,0.6478971951004621,0.46,0.171389292226677,0.2800904996208938
MAD2L1,3,0.3550068693637971,0.27,0.1188551082509562,0.1489803393611563
MARS,3,0.654224875227266,0.41,0.1473637253392142,0.1501284808971144
MAX,3,0.6773237462867853,0.54,0.1369297283252984,0.2332685882067344
MCM2,3,0.5700588848609591,0.39,0.1627378269736068,0.2346485268426629
MCM3,3,0.4449736050224379,0.37,0.1406773816526286,0.1021507939655602
MCM3AP,3,0.3370065683737907,0.29,0.1700724914072807,0.1562248124917142
MCM4,3,0.2883010753174704,0.21,0.1356803989517225,0.1422417693491766
MCM6,3,0.4956961415319625,0.39,0.1751993411392791,0.1628164349965153
MED11,3,0.5933451667371651,0.45,0.1434630995346417,0.1405946326960973
MED19,3,0.7357337454489753,0.55,0.1333900765506491,0.2010442703409837
MED29,3,0.5705752008095727,0.41,0.1372911351016192,0.1239057816217512
MED4,3,0.6713452649335853,0.53,0.1273129138777248,0.1365234570319259
MIOS,3,0.5756014154201098,0.35,0.1801133577056463,0.2654728000246579
MNAT1,3,0.537908230489636,0.36,0.1834373184118194,0.218415720267305
MPHOSPH10,3,0.5919166428894479,0.54,0.1998034464828467,0.3677168922489444
MRGBP,3,0.253804968031547,0.23,0.162180478692534,0.1167295616915834
MRPL36,3,0.5143472692318026,0.35,0.158904494877699,0.1652486015789487
MRPL38,3,0.4497211294068854,0.23,0.1617381446033464,0.1860144367607309
MYBBP1A,3,0.5849590433075009,0.42,0.1627476201996781,0.1384682464669835
NAA10,3,0.1306447713549111,0.11,0.1853180684671987,0.3861749914659976
NAA20,3,0.3195166602368763,0.26,0.1391565578970938,0.2086596316552647
NACA,3,0.6138184261215658,0.33,0.1299393016611961,0.1515593739170223
NCBP2,3,0.7584708038322876,0.59,0.1732043355755463,0.3978714918394098
NELFA,3,0.6552357495055785,0.55,0.1731658326322301,0.2124376433555528
NELFCD,3,0.579677268819889,0.51,0.1834827548308394,0.268478115885596
NFRKB,3,0.3992365884294585,0.38,0.1773439787775644,0.3273427892577586
NFS1,3,0.4496573577294102,0.37,0.1416181923748535,0.1957764566470367
NOC3L,3,0.634180435198887,0.47,0.169119797863927,0.1907595276577468
NOL11,3,0.5601471817425887,0.53,0.1824776201215281,0.3075618319699305
NOL12,3,0.4725301914932668,0.39,0.1776804564686488,0.2446694695935991
NOL8,3,0.5017912728610614,0.34,0.1739380433703557,0.1831913599045861
NRBP1,3,0.4306955057129199,0.26,0.188688569364005,0.3488089271095339
NUBP1,3,0.4396824826600861,0.33,0.1395726398614568,0.1342170093896586
NUP133,3,0.430030954717378,0.31,0.185346643340421,0.2352752580027196
NUP54,3,0.5942140234989203,0.37,0.1679255733028589,0.2299653130677764
NUP85,3,0.5861261510305236,0.42,0.1817152243427766,0.2261053962397485
OGFOD1,3,0.5646370239710792,0.33,0.1300178429060733,0.1189971952639469
ORC1,3,0.5064240547068095,0.43,0.1436459943123141,0.1355228499714964
PABPN1,3,0.5319193009360741,0.38,0.1396282790203992,0.0852539190119208
PAF1,3,0.5366039045178496,0.39,0.1232586402413446,0.0603258111729071
PAM16,3,0.6578569529495751,0.51,0.1368478350707582,0.1357329863836058
PAXBP1,3,0.6028530835766198,0.32,0.1710061488722866,0.1447339004738443
PCID2,3,0.2097377775843747,0.21,0.1382183834531515,0.1816296518107558
PDAP1,3,0.5040288619897917,0.38,0.1501077792864923,0.0981660956819882
PDCD2,3,0.5100588148554185,0.54,0.1994776072069382,0.3661378930488595
PDCD7,3,0.4990928396374038,0.42,0.138413999875784,0.0796442091695189
PDRG1,3,0.5043326915897178,0.42,0.1723380930222416,0.1735003509704373
PELP1,3,0.5228808005221374,0.41,0.1494961918030153,0.1078073004132814
PET117,3,0.6651285373732414,0.47,0.1903727616710599,0.2833804902313346
PFDN2,3,0.6104951254922609,0.49,0.1635617982977315,0.1670198142272995
PHAX,3,0.6941486644898175,0.45,0.1445127270831585,0.1368214933727116
PHB2,3,0.752720280770235,0.46,0.1338271824046091,0.1450662713911257
PMPCB,3,0.6284023145354538,0.48,0.1591982908126236,0.2763715010935642
PNN,3,0.4610734619905297,0.33,0.1423523669045059,0.100537588241022
POLD2,3,0.4495117574916827,0.4,0.1369437016118068,0.0819319558878004
POLR2F,3,0.7189620920432044,0.44,0.1621884128139476,0.1661403326279034
POLR2I,3,0.6535052145572708,0.35,0.1244230126793166,0.1471631148388144
POLR3D,3,0.4154456032917578,0.34,0.1386510127440172,0.1634070472433121
POLR3E,3,0.1993399085230804,0.26,0.1491660330775483,0.1931241117452688
POLR3F,3,0.3448487889762379,0.37,0.1355926792667022,0.1569349992171561
POLRMT,3,0.933375849551483,0.66,0.2285676671759046,0.3918505309449944
POP4,3,0.5033635013676444,0.5,0.1928379195059906,0.3764036504635205
POP5,3,0.6056898363243028,0.58,0.2081086584395201,0.3495539161659949
POP7,3,0.3390885274266284,0.47,0.196782221201752,0.4353394287192883
PPIH,3,0.4136351940721215,0.38,0.1631551498555538,0.1452646281198299
PPIL4,3,0.6238088389153612,0.27,0.1400800902939452,0.0777030578368125
PPP1R11,3,0.2050378005669288,0.18,0.1458472884449702,0.1094006916107554
PPP1R8,3,0.3814910891414498,0.23,0.1862024833346952,0.1838385755490495
PPP2R1A,3,0.2274955672597057,0.25,0.1590153651276059,0.3211316831658262
PRMT1,3,0.3231776791955488,0.35,0.1908959028660686,0.2096228103779871
PRMT5,3,0.2303355903703707,0.18,0.1321045074608505,0.1149323254936874
PRPF18,3,0.7046587635601534,0.39,0.1421112550387981,0.1320087228490941
PRRC2A,3,0.5457238546193164,0.47,0.2252892987906812,0.4430236267840286
PSMB2,3,0.5396501889983009,0.34,0.1291890130284596,0.1995490934050961
PSMB6,3,0.6687443444828065,0.41,0.1201497541054003,0.1731336942481224
PSMC1,3,0.6743679348870208,0.45,0.0952409128643331,0.2413656443276665
PSMC2,3,0.6509098584361738,0.42,0.113211769552221,0.194692977897788
PSMD12,3,0.6082743641339708,0.45,0.1171728928552034,0.2819793836836671
PSMD4,3,0.6641545104995843,0.46,0.1642623512760476,0.3540377893099838
PTCD1,3,0.2628357006679104,0.28,0.1840609900296486,0.3332253242401787
QARS,3,0.5749299735901255,0.36,0.1332151416081204,0.2429141536905147
RABGGTA,3,0.2755313558482417,0.32,0.1531135068898576,0.1454252165350232
RARS2,3,0.5714588451270738,0.43,0.1619334921994775,0.1779727357752934
RBBP4,3,0.5143315807315291,0.45,0.1702065555562661,0.18913611586084
RBM25,3,0.7462883652329545,0.52,0.1878335650029232,0.1570039942269095
RBM42,3,0.2058887877234057,0.27,0.1777647358027463,0.1559258190863715
RBM48,3,0.1905244385177566,0.32,0.1426120488800508,0.1535416402730892
RCL1,3,0.6086831414003505,0.54,0.198916246832431,0.3157481956143829
RFC2,3,0.5324447727265358,0.34,0.1633976056204459,0.1535131484934908
RFC4,3,0.4636180909738256,0.33,0.1621523355140798,0.1361851854234099
RINT1,3,0.4529061310209318,0.33,0.1446848278323383,0.1974972398252446
RNASEH2C,3,0.2157960247718131,0.19,0.1645362321149605,0.1590411898598626
RNF113A,3,0.7111997674032121,0.44,0.1115636558267685,0.1258904884822949
RNF20,3,0.6786217334752715,0.44,0.1496831437038811,0.1230948677630536
RNMT,3,0.7050347547320043,0.61,0.2116082290010733,0.4723317661512994
RNPS1,3,0.082084091273553,0.15,0.1393217201880101,0.1601156668752289
RPAP1,3,0.694883810757007,0.56,0.1578127397125067,0.0935555848912589
RPL10,3,0.7317070371323133,0.46,0.1495920618915105,0.0824005916067997
RPL11,3,0.7114594529562651,0.46,0.1441615824175128,0.0916122621651197
RPL12,3,0.6556943290096025,0.41,0.1388450486056417,0.1357462865002852
RPL14,3,0.6414168082301949,0.45,0.1524886178738211,0.1193621315914338
RPL17,3,0.6881888075498193,0.47,0.1635507712034898,0.0953813863667102
RPL18,3,0.6688179278888278,0.44,0.1444344276002357,0.0905508493082565
RPL21,3,0.6784700869818366,0.48,0.1468898979328366,0.0993154413423772
RPL23A,3,0.6508192405529324,0.46,0.1611876319414428,0.0936065862209155
RPL26,3,0.7465551968949267,0.51,0.1619606663258839,0.1494937935269477
RPL32,3,0.6905366592166113,0.48,0.1493566807707719,0.0668342735795925
RPL34,3,0.7084601276525553,0.56,0.1552689142302638,0.1138652711079637
RPL35,3,0.5930644018596173,0.42,0.1590720874083161,0.1102764599722583
RPL35A,3,0.696559445912083,0.46,0.1568980121575525,0.0666040864056089
RPL37A,3,0.6482558687772882,0.47,0.1444765115394826,0.0866119712156123
RPL38,3,0.6195758183757739,0.45,0.1507032341932882,0.1054969005051491
RPL39,3,0.5961436045132076,0.35,0.155499749863658,0.111460949889897
RPL4,3,0.6729175581422312,0.45,0.1480879674723136,0.0907818438705717
RPL5,3,0.7703501892831535,0.56,0.1493847577148306,0.084648617390715
RPL7,3,0.6995763958841597,0.46,0.1559096644650046,0.106308298893642
RPL9,3,0.6137639691990842,0.42,0.1558150502170272,0.0794614457034143
RPLP0,3,0.6208488165990637,0.43,0.1567093913762013,0.102466341729192
RPP30,3,0.6470815520863062,0.61,0.2008589922635019,0.4211520763320404
RPS10,3,0.6848878737653343,0.59,0.1921413096084748,0.2956321960905567
RPS15,3,0.6127757137772923,0.52,0.1545712294483642,0.1241884809541284
RPS15A,3,0.6843406048296917,0.53,0.1939408164899885,0.2888439997532245
RPS19BP1,3,0.5129288568973904,0.49,0.2064374528066125,0.280016722529145
RPS2,3,0.5806638212916728,0.47,0.1785516075881372,0.1927878766737179
RPS20,3,0.6683605491934208,0.49,0.1770156645956613,0.2845757230893133
RPS24,3,0.6897648356026338,0.52,0.1887829855403245,0.2853199707884181
RPS27,3,0.7033752813045058,0.56,0.1798632230476812,0.294624473468568
RPS27A,3,0.6646634759510788,0.5,0.1885762390620097,0.2661938673649432
RPS29,3,0.7233673469891004,0.56,0.179525929507244,0.2869945882904283
RPS3,3,0.6641302540166744,0.5,0.1869289857602699,0.3009657428241709
RPS3A,3,0.7014956869539813,0.56,0.1941232065933047,0.2209643388334336
RPS6,3,0.7582128069637822,0.56,0.1832894486365307,0.3130113001822833
RPTOR,3,0.6241989323695726,0.46,0.1695005851219267,0.220936727819264
RRN3,3,0.4427233313982794,0.37,0.1563346928548324,0.1717374246251596
RRP12,3,0.5969131860183137,0.53,0.206691183063741,0.4042127886948901
RSL1D1,3,0.5330616334354459,0.35,0.1638501972258504,0.2263051664006699
RTF1,3,0.4857876668077482,0.36,0.1327107393225999,0.2391725257964055
RUVBL1,3,0.61777270214288,0.44,0.1357704058182802,0.1065380783866403
SAMM50,3,0.6569154828993103,0.52,0.175124234699721,0.2688505389747718
SARS2,3,0.1359935585359679,0.21,0.168800458815918,0.2068116252631719
SART3,3,0.5450231610015598,0.39,0.1605581475028828,0.3075902941920949
SBNO1,3,0.5555648292807768,0.45,0.195189102696617,0.319373828869639
SCAF1,3,0.5803598573522515,0.41,0.1160709685933441,0.1232098551746748
SDAD1,3,0.6621458570241415,0.48,0.1697757025913575,0.2633452482064877
SDHC,3,0.0134552654378782,0.22,0.1574832174104627,0.1894066689411054
SETD1A,3,0.549231381612523,0.36,0.1157516436506073,0.106489481748124
SETDB1,3,0.1058293608251639,0.24,0.1472048365175377,0.1054261822259452
SF3A2,3,0.6243980423522858,0.38,0.1317409461334063,0.123032544992043
SFSWAP,3,0.4349440141928015,0.33,0.1878280906618071,0.2212017185740009
SLBP,3,0.4879242176365304,0.43,0.15654999773717,0.0763580904484692
SLC39A9,3,0.3905246312669032,0.31,0.1728025738155854,0.2599293762871266
SLC7A6OS,3,0.4806216163511854,0.33,0.1670012666508327,0.0388738042714456
SLU7,3,0.7110288514478871,0.4,0.1115516308882368,0.0821355066025088
SMC1A,3,0.4827737051901789,0.44,0.0995290913591651,0.0821352733925429
SMG5,3,0.8477716586083617,0.54,0.1300124424792969,0.1644891508235278
SNAPC1,3,0.5915301653912574,0.32,0.1510689087538784,0.0968178151355198
SNIP1,3,0.4625590718149072,0.33,0.1462971338483946,0.1002764078001765
SNRNP200,3,0.63143829764003,0.35,0.1188299889288031,0.1056823182048588
SNRPB,3,0.7092127881853441,0.5,0.1294588761671137,0.0883477861401973
SNRPC,3,0.5659100786961778,0.38,0.1446794234548279,0.0701147321305779
SNRPD1,3,0.7597073711332397,0.5,0.1423958227205503,0.1012832657783449
SNRPD3,3,0.728389846281017,0.47,0.127669073129522,0.1039059976926254
SNRPF,3,0.7417029187920553,0.47,0.1427722081987999,0.0907650600669028
SPCS3,3,0.5935209744671439,0.42,0.121575929760536,0.1062966623490817
SRRM1,3,0.478824081603786,0.34,0.1921858433591114,0.2258373074496684
SRRM2,3,0.2790495414865097,0.23,0.1549701473543362,0.1439526925806755
SRSF1,3,0.3980233999526309,0.35,0.1493547739814651,0.2623476768119185
SSU72,3,0.48351947632731,0.36,0.1490074206337925,0.1114565860958445
STRAP,3,0.4394715124779232,0.34,0.1590954660591627,0.2632670800684758
SUGP1,3,0.2036229890726727,0.27,0.1866115313199996,0.2841759690605481
SUPT16H,3,0.7163737220890487,0.59,0.136272156589997,0.0932932145337389
SURF6,3,0.5670837640301457,0.38,0.1830071708568654,0.2630736957345332
TADA3,3,0.4589384903898619,0.45,0.1685607276575026,0.3611737073787778
TAF10,3,0.7533522378476849,0.69,0.1800017292633056,0.2120576771081756
TAF6,3,0.7413781892398635,0.65,0.1948908932375045,0.3064146266191608
TAF7,3,0.6340255412430086,0.46,0.1538246619792432,0.1772090837627491
TBCB,3,0.3176782999515107,0.28,0.1738114902348417,0.1646509224667479
TCERG1,3,0.3936064967234621,0.31,0.1532495040571823,0.1548535496994353
TCOF1,3,0.3533706818246783,0.31,0.1587907684972724,0.2312103866698263
TERF2,3,0.483443615584126,0.34,0.1411459970803932,0.134122850179756
THAP11,3,0.1676630048281556,0.2,0.1389023559970059,0.1061833197801261
THOC7,3,0.4862545172920774,0.32,0.1599332565736007,0.1867900567582182
TIMM13,3,0.5694233447012392,0.45,0.1602504699812054,0.2250202938723883
TIMM23B,3,0.6768154384816386,0.5,0.1559018218275073,0.2741892273671611
TIMM44,3,0.5291230082619901,0.33,0.1457544022679814,0.1531809358366462
TMX2,3,0.6674376457551665,0.53,0.1369915634911787,0.0887907531359371
TOMM22,3,0.758499663195622,0.61,0.19472517456594,0.3267547225119879
TOP1,3,0.5652321295957159,0.5,0.1909612518715733,0.3229151451162667
TPR,3,0.4448943308083254,0.31,0.1542231219051379,0.2079065308778498
TRA2B,3,0.2611053326197963,0.17,0.1612034061000812,0.1816581928911902
TRMT112,3,0.7355103383305525,0.73,0.1957178232175541,0.407736166804293
TRMT5,3,0.6022596441300105,0.45,0.1731354796608196,0.2231757688822729
TSEN2,3,0.5136132484318319,0.4,0.1848517679052598,0.3496876388458562
TSR1,3,0.6267801608873003,0.56,0.1930281312988362,0.384738574228434
TTI1,3,0.6178983251845404,0.43,0.1481716452607592,0.1549035981133333
U2SURP,3,0.6644690696576894,0.48,0.2095349238825864,0.3558483824493132
UBA52,3,0.5387842405916301,0.32,0.1482386671800264,0.1120009225719824
UBAP1,3,0.5954306841193229,0.35,0.1331235430539128,0.1115234825741316
UBL5,3,0.6880251425225804,0.41,0.136943458749713,0.1570431827077161
UBQLN4,3,0.5169237982804706,0.38,0.1675232018818588,0.1997558155016105
UFM1,3,0.4662679124007268,0.36,0.1678973197467303,0.158851406595709
UPF2,3,0.6800141078803077,0.46,0.1173501750375286,0.1399326917125696
UTP20,3,0.5474279998431784,0.51,0.1897962402917734,0.3546288203003072
UTP23,3,0.622035544888773,0.58,0.1923570266913217,0.3892172840391181
UXT,3,0.6602293152134532,0.55,0.1754815503237735,0.1955317878458685
WAC,3,0.3719176961825614,0.35,0.1646841720960646,0.2005072208002544
WDHD1,3,0.3029861879275362,0.28,0.1746194152473374,0.3157722567427267
WDR12,3,0.5536652233940746,0.38,0.1621303859610874,0.1601300814969484
WDR33,3,0.5209422308731958,0.35,0.1328590558743118,0.0838955486000978
XRCC5,3,0.6106345950338478,0.47,0.1956096504667009,0.1671720854590774
YEATS2,3,0.8378393165469238,0.57,0.1933423107722959,0.3901359348613896
ZBTB17,3,0.3730981871070435,0.33,0.17786507511784,0.2382920077948769
ZCRB1,3,0.5048847651946019,0.33,0.1649264922447465,0.1931939082603597
ZFC3H1,3,0.6252999693101762,0.5,0.1258235976412068,0.1587809140589182
ZMAT2,3,0.5632544430213552,0.38,0.1446588853302731,0.1697936282836656
ZMAT5,3,0.3295154411592254,0.31,0.1472441080686391,0.1194475305227186
ZNF236,3,0.7108470111649273,0.6,0.1938054359613797,0.3450835310156233
