target_gene,true_delta,pred_delta,model,condition,same_sign
ABCE1,-0.1924236416816711,-0.12158203124999996,scPLAD,,
ACTB,0.1027898788452148,-0.29545950889587397,scPLAD,,
ACTR2,0.1119261384010315,-0.00010065237681070038,scPLAD,,
AHCTF1,-0.1804357767105102,-0.029823313156763665,scPLAD,,
ANKRD11,0.1385015547275543,0.08841957648595171,scPLAD,,
ARL2,-0.1413856297731399,-0.020918418963750168,scPLAD,,
BRIX1,-0.2387047111988067,-0.1480485598246256,scPLAD,,
BRK1,0.17326420545578,-0.0019125342369079312,scPLAD,,
C1QBP,-0.4707027077674866,-0.48732614517211914,scPLAD,,
C9orf16,0.1971931457519531,0.1271818280220031,scPLAD,,
CCNB1,-0.2308844178915023,-0.215259979168574,scPLAD,,
CD3EAP,-0.156135007739067,-0.08639277021090182,scPLAD,,
CDC45,-0.2309212386608123,-0.0780068735281626,scPLAD,,
CHORDC1,-0.1210301220417022,-0.15181526045004526,scPLAD,,
CKAP5,-0.1256924271583557,-0.0442751546700795,scPLAD,,
CSNK1A1,0.0817016065120697,0.13954245050748185,scPLAD,,
CYC1,-0.1073193550109863,-0.1783477167288462,scPLAD,,
CYCS,-0.4689418077468872,-0.20728115240732828,scPLAD,,
DBF4,-0.1206339448690414,-0.10093017419179277,scPLAD,,
DCTN3,0.0337474048137664,-0.0052387217680613,scPLAD,,
DDX10,-0.1263922303915023,-0.04777904351552323,scPLAD,,
DDX21,-0.3656920194625854,-0.21193033456802368,scPLAD,,
DDX46,-0.2273799180984497,-0.028910020987192767,scPLAD,,
DKC1,-0.2009246945381164,-0.2140232821305593,scPLAD,,
DNMT1,-0.1318629682064056,-0.10771680871645602,scPLAD,,
DTYMK,-0.2273951172828674,-0.08193067709604894,scPLAD,,
DYNLL1,0.0356010198593139,-0.24571136633555093,scPLAD,,
EBNA1BP2,-0.3186070621013641,-0.28793133298556006,scPLAD,,
EEF1G,0.124297022819519,0.2413824001948038,scPLAD,,
EIF1,0.5982657670974731,0.3539418776830037,scPLAD,,
EIF1AX,-0.3205889463424682,-0.20664342244466138,scPLAD,,
EIF3E,0.1988536119461059,0.16429098447163895,scPLAD,,
EIF3F,0.1389347612857818,0.143518457810084,scPLAD,,
EIF3H,0.1683911085128784,0.20718280474344888,scPLAD,,
EIF4G2,-0.2552317380905151,-0.06540036201477047,scPLAD,,
EIF5A,-0.4995614886283874,-0.3584570487340291,scPLAD,,
ETF1,-0.1980260610580444,-0.1407490869363149,scPLAD,,
EXOSC7,-0.1828846931457519,-0.08766017357508339,scPLAD,,
FBL,-0.1095378994941711,-0.12279758850733434,scPLAD,,
FEN1,-0.1482233703136444,-0.0521851480007171,scPLAD,,
FNBP4,-0.1069046556949615,0.054698506991068506,scPLAD,,
GAPDH,-0.4666345119476318,-0.01658956209818523,scPLAD,,
GAR1,-0.1830818504095077,-0.13227523366610203,scPLAD,,
GINS2,-0.1557228714227676,-0.09056529402732844,scPLAD,,
GNL2,-0.1434955298900604,-0.0784162282943725,scPLAD,,
GTF3A,-0.215792179107666,-0.2507327397664388,scPLAD,,
GTF3C6,-0.1399949193000793,-0.15384911497433973,scPLAD,,
H2AFZ,-0.3316941261291504,-0.3586905002593994,scPLAD,,
HMGA1,-0.3113118410110473,-0.0172434647878011,scPLAD,,
HNRNPH1,-0.1233172118663787,-0.0200317899386088,scPLAD,,
HSPA8,-0.6474519968032837,-0.44743327299753827,scPLAD,,
HSPD1,-0.5267658233642578,-0.47406729062398273,scPLAD,,
HUWE1,-0.0653626024723053,0.014149338006973267,scPLAD,,
IARS2,-0.197273388504982,-0.1011052976051966,scPLAD,,
LRPPRC,-0.2521158456802368,-0.11000978946685787,scPLAD,,
LSM3,-0.2791666984558105,-0.20897948741912842,scPLAD,,
LSM7,-0.1104836463928222,-0.27967560291290283,scPLAD,,
MAD2L1,-0.2341208457946777,-0.14984144767125443,scPLAD,,
MARS,0.1468127369880676,0.04962357878684993,scPLAD,,
MAT2A,-0.1739121675491333,-0.0770892997582753,scPLAD,,
MCM2,-0.1238094344735145,-0.05853025118509924,scPLAD,,
MCM3,-0.306746244430542,-0.13548427820205683,scPLAD,,
MCM4,-0.2703868150711059,-0.08035246531168616,scPLAD,,
MCM5,-0.0907108187675476,-0.0402306020259857,scPLAD,,
MCM6,-0.1661283522844314,-0.1156043757994969,scPLAD,,
MCM7,-0.2421647906303405,-0.0841315388679504,scPLAD,,
MDN1,-0.2111759483814239,-0.14031222462654105,scPLAD,,
MRPL16,-0.1406106352806091,-0.10593862334887179,scPLAD,,
MRPL20,-0.155751883983612,-0.3065576454003652,scPLAD,,
MRPL3,-0.2522516846656799,-0.23005568981170652,scPLAD,,
MRPL41,-0.1546835899353027,-0.1205370227495829,scPLAD,,
MRPL50,-0.0865635871887207,-0.05131548643112177,scPLAD,,
MRPL54,-0.0458153486251831,-0.11486437420050295,scPLAD,,
MRPS24,-0.184052288532257,-0.17283308506011963,scPLAD,,
MRPS34,-0.3367723226547241,-0.23271095752716062,scPLAD,,
MRPS6,-0.1002242565155029,-0.09684486190477999,scPLAD,,
NAA50,-0.2283392548561096,-0.12830590208371476,scPLAD,,
NASP,-0.3496089577674866,-0.24314049879709876,scPLAD,,
NCL,-0.7674384117126465,-0.402594526608785,scPLAD,,
NDUFA8,-0.1249938011169433,-0.09384816884994503,scPLAD,,
NDUFB4,-0.076531320810318,-0.1553446948528289,scPLAD,,
NHP2,-0.1508384048938751,-0.2257664302984873,scPLAD,,
NIP7,-0.1880832761526107,-0.10758622984091433,scPLAD,,
NOL8,-0.097207099199295,-0.0918114880720774,scPLAD,,
NOLC1,-0.3326078355312347,-0.20500064889589945,scPLAD,,
NOP16,-0.2201404571533203,-0.1632312089204788,scPLAD,,
OPA1,-0.1277290135622024,0.010601808627446467,scPLAD,,
PCNA,-0.2221130728721618,-0.04358770449956256,scPLAD,,
PDCD5,-0.1917878985404968,-0.13562943538029984,scPLAD,,
PHB,-0.4662811160087585,-0.28428792953491205,scPLAD,,
PNISR,0.1772201657295227,0.11875089009602861,scPLAD,,
POLR3K,-0.2816741168498993,-0.18433411916097,scPLAD,,
PPA1,-0.2987017035484314,-0.17853822310765585,scPLAD,,
PPIH,-0.1664637327194214,-0.09550371766090389,scPLAD,,
PPIL4,0.016825333237648,0.0781608323256174,scPLAD,,
PRMT1,-0.2924379706382751,-0.17096261183420816,scPLAD,,
PSMG1,-0.0962090492248535,-0.12255158027013137,scPLAD,,
PSMG4,-0.1121364384889602,-0.060328423976898166,scPLAD,,
PTBP1,-0.2119744420051574,-0.0935690402984619,scPLAD,,
PTMA,-0.7850799560546875,-0.45435015360514325,scPLAD,,
RABGGTB,-0.1101802885532379,-0.008679340283075933,scPLAD,,
RAC3,-0.1184614449739456,-0.026131550470987964,scPLAD,,
RFC2,-0.079305499792099,-0.05342232684294377,scPLAD,,
RPL10A,0.2854187488555908,0.19767045974731445,scPLAD,,
RPL18A,0.2900631427764892,0.21443915367126462,scPLAD,,
RPL24,0.1225755214691162,0.05650568008422846,scPLAD,,
RPL26,0.4413900375366211,0.39819057782491046,scPLAD,,
RPL26L1,-0.0907804518938064,-0.0828114698330561,scPLAD,,
RPL3,0.2333827018737793,0.28377731641133624,scPLAD,,
RPL34,0.4061062335968017,0.3852095603942871,scPLAD,,
RPL35A,0.2577985525131225,0.20859269301096597,scPLAD,,
RPL36A,0.3736292123794555,0.3493550618489583,scPLAD,,
RPS11,0.3714439868927002,0.35176650683085126,scPLAD,,
RPS14,0.3571133613586426,0.1558290322621663,scPLAD,,
RPS17,-0.1524415016174316,-0.09803247451782222,scPLAD,,
RPS24,0.320296049118042,0.22589055697123206,scPLAD,,
RPS26,-0.4086424112319946,0.0010110934575399,scPLAD,,
RPS27,0.6032743453979492,0.43543283144632977,scPLAD,,
RPS28,0.1628379821777343,0.2496109803517659,scPLAD,,
RPS3,0.2593514919281006,0.16297483444213864,scPLAD,,
RPS3A,0.4385180473327636,0.2356173197428385,scPLAD,,
RPSA,-0.0693881511688232,0.07792019844055173,scPLAD,,
RRP1,-0.1898796558380127,-0.13161706924438474,scPLAD,,
RRP9,-0.1408366858959198,-0.07277089854081466,scPLAD,,
SF3B5,-0.1175527870655059,-0.11630108952522274,scPLAD,,
SFPQ,-0.3378534913063049,-0.2899529139200846,scPLAD,,
SLBP,-0.1931931376457214,-0.08269820610682167,scPLAD,,
SMC4,-0.2263346910476684,-0.07154817382494603,scPLAD,,
SNRNP25,-0.2623534798622131,-0.16754951079686478,scPLAD,,
SOD1,-0.2704701423645019,-0.27912108103434247,scPLAD,,
SOD2,-0.1149569749832153,0.005278607209523503,scPLAD,,
SRSF2,-0.4037136435508728,-0.31007899840672803,scPLAD,,
SRSF7,-0.3789342045783996,-0.35715611775716144,scPLAD,,
SS18L2,-0.0746344625949859,-0.04689752062161757,scPLAD,,
SSBP1,-0.2103965878486633,-0.2717216610908508,scPLAD,,
SURF6,-0.1201101243495941,-0.06128101050853727,scPLAD,,
TAF7,0.0272469818592071,0.11300211151440936,scPLAD,,
TBCA,-0.2063144445419311,-0.20797141393025712,scPLAD,,
TCP1,-0.3670440316200256,-0.2664475043614705,scPLAD,,
TIMM10,-0.165490835905075,-0.16304780046145118,scPLAD,,
TIMM13,-0.3337957262992859,-0.3075781265894571,scPLAD,,
TIMM8A,-0.1378533989191055,-0.057676826914151436,scPLAD,,
TKT,-0.2809394598007202,-0.21173854668935135,scPLAD,,
TLN1,0.1462950110435485,0.024879395961761433,scPLAD,,
TOMM40,-0.3699575662612915,-0.23012216885884604,scPLAD,,
TPR,-0.1049856543540954,0.013269603252410866,scPLAD,,
TRMT10C,-0.2452229559421539,-0.12280594309171038,scPLAD,,
TUBA1B,-0.5655295848846436,-0.5922074317932129,scPLAD,,
TUBB,-0.4659929275512695,-0.26344958941141766,scPLAD,,
TXNL4A,-0.1975266635417938,-0.1662810643513997,scPLAD,,
UBL5,-0.2464082241058349,-0.07064521312713616,scPLAD,,
UQCRB,0.0194421410560607,-0.006986995538075767,scPLAD,,
UQCRQ,-0.2401919066905975,-0.12365218003590896,scPLAD,,
UXT,0.1049078553915023,0.011790206034978204,scPLAD,,
WDR43,-0.2276438474655151,-0.14439382155736283,scPLAD,,
WDR83OS,0.1083514690399169,0.010650734106699632,scPLAD,,
XRCC2,-0.0868347436189651,-0.0059882203737894645,scPLAD,,
YARS,0.0621298551559448,0.10698964198430376,scPLAD,,
ZCRB1,0.0660401880741119,-0.08361983795960741,scPLAD,,
ABCE1,-0.1924236416816711,-0.0861709713935852,STATE,HSPA9,True
ACTB,0.1027898788452148,-0.289036750793457,STATE,HSPA9,False
ACTR2,0.1119261384010315,0.0047727227210998,STATE,HSPA9,True
AHCTF1,-0.1804357767105102,-0.1500559151172638,STATE,HSPA9,True
ANKRD11,0.1385015547275543,0.3048266470432281,STATE,HSPA9,True
ARL2,-0.1413856297731399,-0.0507795214653015,STATE,HSPA9,True
BRIX1,-0.2387047111988067,-0.1505497694015503,STATE,HSPA9,True
BRK1,0.17326420545578,-0.0341094732284545,STATE,HSPA9,False
C1QBP,-0.4707027077674866,-0.1697427034378051,STATE,HSPA9,True
C9orf16,0.1971931457519531,-0.1436046361923217,STATE,HSPA9,False
CCNB1,-0.2308844178915023,-0.2637951970100403,STATE,HSPA9,True
CD3EAP,-0.156135007739067,-0.1182200610637664,STATE,HSPA9,True
CDC45,-0.2309212386608123,-0.2934226095676422,STATE,HSPA9,True
CHORDC1,-0.1210301220417022,-0.0136527419090271,STATE,HSPA9,True
CKAP5,-0.1256924271583557,-0.1734930425882339,STATE,HSPA9,True
CSNK1A1,0.0817016065120697,0.2057837545871734,STATE,HSPA9,True
CYC1,-0.1073193550109863,-0.1306005120277404,STATE,HSPA9,True
CYCS,-0.4689418077468872,0.0063765048980712,STATE,HSPA9,False
DBF4,-0.1206339448690414,-0.1279559433460235,STATE,HSPA9,True
DCTN3,0.0337474048137664,0.0316830873489379,STATE,HSPA9,True
DDX10,-0.1263922303915023,-0.0088814198970794,STATE,HSPA9,True
DDX21,-0.3656920194625854,-0.1004858016967773,STATE,HSPA9,True
DDX46,-0.2273799180984497,-0.079111635684967,STATE,HSPA9,True
DKC1,-0.2009246945381164,-0.0270471572875976,STATE,HSPA9,True
DNMT1,-0.1318629682064056,-0.2739880084991455,STATE,HSPA9,True
DTYMK,-0.2273951172828674,-0.2879104912281036,STATE,HSPA9,True
DYNLL1,0.0356010198593139,0.0861291885375976,STATE,HSPA9,True
EBNA1BP2,-0.3186070621013641,-0.183093637228012,STATE,HSPA9,True
EEF1G,0.124297022819519,0.1017998456954956,STATE,HSPA9,True
EIF1,0.5982657670974731,0.4647141695022583,STATE,HSPA9,True
EIF1AX,-0.3205889463424682,-0.1213680505752563,STATE,HSPA9,True
EIF3E,0.1988536119461059,0.0089010000228881,STATE,HSPA9,True
EIF3F,0.1389347612857818,0.0590322315692901,STATE,HSPA9,True
EIF3H,0.1683911085128784,0.1963257193565368,STATE,HSPA9,True
EIF4G2,-0.2552317380905151,-0.0146788954734802,STATE,HSPA9,True
EIF5A,-0.4995614886283874,-0.2285636663436889,STATE,HSPA9,True
ETF1,-0.1980260610580444,-0.0875953435897827,STATE,HSPA9,True
EXOSC7,-0.1828846931457519,-0.1184799969196319,STATE,HSPA9,True
FBL,-0.1095378994941711,-0.1271462440490722,STATE,HSPA9,True
FEN1,-0.1482233703136444,-0.1334390044212341,STATE,HSPA9,True
FNBP4,-0.1069046556949615,0.0583510100841522,STATE,HSPA9,False
GAPDH,-0.4666345119476318,-0.1933314800262451,STATE,HSPA9,True
GAR1,-0.1830818504095077,-0.0732532441616058,STATE,HSPA9,True
GINS2,-0.1557228714227676,-0.1983838081359863,STATE,HSPA9,True
GNL2,-0.1434955298900604,-0.1838396489620208,STATE,HSPA9,True
GTF3A,-0.215792179107666,-0.0931033492088317,STATE,HSPA9,True
GTF3C6,-0.1399949193000793,-0.0183952450752258,STATE,HSPA9,True
H2AFZ,-0.3316941261291504,-0.6614282131195068,STATE,HSPA9,True
HMGA1,-0.3113118410110473,-0.1999353170394897,STATE,HSPA9,True
HNRNPH1,-0.1233172118663787,-0.0556697845458984,STATE,HSPA9,True
HSPA8,-0.6474519968032837,-0.3317362070083618,STATE,HSPA9,True
HSPD1,-0.5267658233642578,-0.478230357170105,STATE,HSPA9,True
HUWE1,-0.0653626024723053,-0.018383651971817,STATE,HSPA9,True
IARS2,-0.197273388504982,-0.129838153719902,STATE,HSPA9,True
LRPPRC,-0.2521158456802368,-0.1618130207061767,STATE,HSPA9,True
LSM3,-0.2791666984558105,-0.3619484603404999,STATE,HSPA9,True
LSM7,-0.1104836463928222,-0.2302408218383789,STATE,HSPA9,True
MAD2L1,-0.2341208457946777,-0.2531199157238006,STATE,HSPA9,True
MARS,0.1468127369880676,0.1443428695201873,STATE,HSPA9,True
MAT2A,-0.1739121675491333,-0.1396912038326263,STATE,HSPA9,True
MCM2,-0.1238094344735145,-0.1273393929004669,STATE,HSPA9,True
MCM3,-0.306746244430542,-0.3474136590957641,STATE,HSPA9,True
MCM4,-0.2703868150711059,-0.2428541332483291,STATE,HSPA9,True
MCM5,-0.0907108187675476,-0.1998533308506012,STATE,HSPA9,True
MCM6,-0.1661283522844314,-0.1834018677473068,STATE,HSPA9,True
MCM7,-0.2421647906303405,-0.2394454777240753,STATE,HSPA9,True
MDN1,-0.2111759483814239,-0.2146084755659103,STATE,HSPA9,True
MRPL16,-0.1406106352806091,-0.127655953168869,STATE,HSPA9,True
MRPL20,-0.155751883983612,-0.1536219120025634,STATE,HSPA9,True
MRPL3,-0.2522516846656799,-0.0725384950637817,STATE,HSPA9,True
MRPL41,-0.1546835899353027,-0.1850611567497253,STATE,HSPA9,True
MRPL50,-0.0865635871887207,-0.0639776885509491,STATE,HSPA9,True
MRPL54,-0.0458153486251831,-0.0696450769901275,STATE,HSPA9,True
MRPS24,-0.184052288532257,-0.2148329317569732,STATE,HSPA9,True
MRPS34,-0.3367723226547241,-0.2046184539794922,STATE,HSPA9,True
MRPS6,-0.1002242565155029,-0.1845732927322387,STATE,HSPA9,True
NAA50,-0.2283392548561096,-0.083129346370697,STATE,HSPA9,True
NASP,-0.3496089577674866,-0.4776852130889892,STATE,HSPA9,True
NCL,-0.7674384117126465,-0.3857424259185791,STATE,HSPA9,True
NDUFA8,-0.1249938011169433,-0.1092451810836792,STATE,HSPA9,True
NDUFB4,-0.076531320810318,-0.0709570050239563,STATE,HSPA9,True
NHP2,-0.1508384048938751,-0.1567518711090088,STATE,HSPA9,True
NIP7,-0.1880832761526107,-0.0049041807651519,STATE,HSPA9,True
NOL8,-0.097207099199295,-0.0365988314151763,STATE,HSPA9,True
NOLC1,-0.3326078355312347,-0.1199508607387542,STATE,HSPA9,True
NOP16,-0.2201404571533203,-0.0758920907974243,STATE,HSPA9,True
OPA1,-0.1277290135622024,-0.072521299123764,STATE,HSPA9,True
PCNA,-0.2221130728721618,-0.2126985192298889,STATE,HSPA9,True
PDCD5,-0.1917878985404968,-0.1568474173545837,STATE,HSPA9,True
PHB,-0.4662811160087585,-0.314764142036438,STATE,HSPA9,True
PNISR,0.1772201657295227,0.1581970453262329,STATE,HSPA9,True
POLR3K,-0.2816741168498993,-0.2105807363986969,STATE,HSPA9,True
PPA1,-0.2987017035484314,-0.2414342164993286,STATE,HSPA9,True
PPIH,-0.1664637327194214,-0.2209354043006897,STATE,HSPA9,True
PPIL4,0.016825333237648,0.0636241286993026,STATE,HSPA9,True
PRMT1,-0.2924379706382751,-0.1848463416099548,STATE,HSPA9,True
PSMG1,-0.0962090492248535,-0.2045334577560424,STATE,HSPA9,True
PSMG4,-0.1121364384889602,-0.0414111912250518,STATE,HSPA9,True
PTBP1,-0.2119744420051574,-0.1329523622989654,STATE,HSPA9,True
PTMA,-0.7850799560546875,-0.511359453201294,STATE,HSPA9,True
RABGGTB,-0.1101802885532379,-0.0460436344146728,STATE,HSPA9,True
RAC3,-0.1184614449739456,-0.0501509010791778,STATE,HSPA9,True
RFC2,-0.079305499792099,-0.1091924756765365,STATE,HSPA9,True
RPL10A,0.2854187488555908,-0.0163102149963378,STATE,HSPA9,False
RPL18A,0.2900631427764892,0.110783576965332,STATE,HSPA9,True
RPL24,0.1225755214691162,0.0385346412658691,STATE,HSPA9,True
RPL26,0.4413900375366211,0.3424251079559326,STATE,HSPA9,True
RPL26L1,-0.0907804518938064,-0.0176107287406921,STATE,HSPA9,True
RPL3,0.2333827018737793,-0.1123874187469482,STATE,HSPA9,False
RPL34,0.4061062335968017,0.1357994079589843,STATE,HSPA9,True
RPL35A,0.2577985525131225,0.0683296918869018,STATE,HSPA9,True
RPL36A,0.3736292123794555,0.0875921249389648,STATE,HSPA9,True
RPS11,0.3714439868927002,0.1537206172943115,STATE,HSPA9,True
RPS14,0.3571133613586426,0.0444574356079101,STATE,HSPA9,True
RPS17,-0.1524415016174316,-0.0260467529296875,STATE,HSPA9,True
RPS24,0.320296049118042,0.0595788955688476,STATE,HSPA9,True
RPS26,-0.4086424112319946,0.0124167203903198,STATE,HSPA9,False
RPS27,0.6032743453979492,0.2412929534912109,STATE,HSPA9,True
RPS28,0.1628379821777343,0.0439417362213134,STATE,HSPA9,True
RPS3,0.2593514919281006,-0.1016929149627685,STATE,HSPA9,False
RPS3A,0.4385180473327636,0.0679340362548828,STATE,HSPA9,True
RPSA,-0.0693881511688232,-0.129544973373413,STATE,HSPA9,True
RRP1,-0.1898796558380127,-0.1218075156211853,STATE,HSPA9,True
RRP9,-0.1408366858959198,-0.0655563473701477,STATE,HSPA9,True
SF3B5,-0.1175527870655059,-0.056217610836029,STATE,HSPA9,True
SFPQ,-0.3378534913063049,-0.3389310836791992,STATE,HSPA9,True
SLBP,-0.1931931376457214,-0.1805413961410522,STATE,HSPA9,True
SMC4,-0.2263346910476684,-0.2730631232261657,STATE,HSPA9,True
SNRNP25,-0.2623534798622131,-0.3119830787181854,STATE,HSPA9,True
SOD1,-0.2704701423645019,-0.0988230109214782,STATE,HSPA9,True
SOD2,-0.1149569749832153,-0.0561451762914657,STATE,HSPA9,True
SRSF2,-0.4037136435508728,-0.3116034865379333,STATE,HSPA9,True
SRSF7,-0.3789342045783996,-0.3369207382202148,STATE,HSPA9,True
SS18L2,-0.0746344625949859,-0.0881323218345642,STATE,HSPA9,True
SSBP1,-0.2103965878486633,-0.0579306483268737,STATE,HSPA9,True
SURF6,-0.1201101243495941,-0.0476274192333221,STATE,HSPA9,True
TAF7,0.0272469818592071,0.1079515516757965,STATE,HSPA9,True
TBCA,-0.2063144445419311,0.000625729560852,STATE,HSPA9,False
TCP1,-0.3670440316200256,-0.134181797504425,STATE,HSPA9,True
TIMM10,-0.165490835905075,-0.129633754491806,STATE,HSPA9,True
TIMM13,-0.3337957262992859,-0.2782541513442993,STATE,HSPA9,True
TIMM8A,-0.1378533989191055,-0.1200061738491058,STATE,HSPA9,True
TKT,-0.2809394598007202,-0.3114001154899597,STATE,HSPA9,True
TLN1,0.1462950110435485,-0.0706423074007034,STATE,HSPA9,False
TOMM40,-0.3699575662612915,-0.1522483229637146,STATE,HSPA9,True
TPR,-0.1049856543540954,-0.1031378507614135,STATE,HSPA9,True
TRMT10C,-0.2452229559421539,-0.1542994678020477,STATE,HSPA9,True
TUBA1B,-0.5655295848846436,-0.8277252912521362,STATE,HSPA9,True
TUBB,-0.4659929275512695,-0.4315661191940307,STATE,HSPA9,True
TXNL4A,-0.1975266635417938,-0.1535387933254242,STATE,HSPA9,True
UBL5,-0.2464082241058349,-0.1076113581657409,STATE,HSPA9,True
UQCRB,0.0194421410560607,0.0071490406990051,STATE,HSPA9,True
UQCRQ,-0.2401919066905975,-0.1957591772079467,STATE,HSPA9,True
UXT,0.1049078553915023,0.1364910751581192,STATE,HSPA9,True
WDR43,-0.2276438474655151,-0.0759460926055908,STATE,HSPA9,True
WDR83OS,0.1083514690399169,0.0422110557556152,STATE,HSPA9,True
XRCC2,-0.0868347436189651,-0.1457586139440536,STATE,HSPA9,True
YARS,0.0621298551559448,-0.0756869316101074,STATE,HSPA9,False
ZCRB1,0.0660401880741119,0.0130075216293334,STATE,HSPA9,True
ABCE1,-0.1924236416816711,-0.2941872477531433,TxPert,HSPA9,True
ACTB,0.1027898788452148,-1.9806634187698364,TxPert,HSPA9,False
ACTR2,0.1119261384010315,0.2925893068313598,TxPert,HSPA9,True
AHCTF1,-0.1804357767105102,-0.3446219265460968,TxPert,HSPA9,True
ANKRD11,0.1385015547275543,0.8471556901931763,TxPert,HSPA9,True
ARL2,-0.1413856297731399,0.4408864974975586,TxPert,HSPA9,False
BRIX1,-0.2387047111988067,-0.4862878918647766,TxPert,HSPA9,True
BRK1,0.17326420545578,-0.6655921339988708,TxPert,HSPA9,False
C1QBP,-0.4707027077674866,-1.0169546604156494,TxPert,HSPA9,True
C9orf16,0.1971931457519531,-0.4622420966625213,TxPert,HSPA9,False
CCNB1,-0.2308844178915023,-0.1672223210334777,TxPert,HSPA9,True
CD3EAP,-0.156135007739067,-0.2335365414619445,TxPert,HSPA9,True
CDC45,-0.2309212386608123,-0.4927873015403747,TxPert,HSPA9,True
CHORDC1,-0.1210301220417022,-0.0583680272102355,TxPert,HSPA9,True
CKAP5,-0.1256924271583557,0.3454611897468567,TxPert,HSPA9,False
CSNK1A1,0.0817016065120697,-0.2248430252075195,TxPert,HSPA9,False
CYC1,-0.1073193550109863,-0.6041723489761353,TxPert,HSPA9,True
CYCS,-0.4689418077468872,-1.014352798461914,TxPert,HSPA9,True
DBF4,-0.1206339448690414,-0.2180529832839965,TxPert,HSPA9,True
DCTN3,0.0337474048137664,-0.0830810070037841,TxPert,HSPA9,False
DDX10,-0.1263922303915023,0.1510910987854004,TxPert,HSPA9,False
DDX21,-0.3656920194625854,-0.6779041290283203,TxPert,HSPA9,True
DDX46,-0.2273799180984497,-0.4737226665019989,TxPert,HSPA9,True
DKC1,-0.2009246945381164,-0.484083741903305,TxPert,HSPA9,True
DNMT1,-0.1318629682064056,0.3577181100845337,TxPert,HSPA9,False
DTYMK,-0.2273951172828674,-0.4212314486503601,TxPert,HSPA9,True
DYNLL1,0.0356010198593139,-1.0521937608718872,TxPert,HSPA9,False
EBNA1BP2,-0.3186070621013641,-0.3669142723083496,TxPert,HSPA9,True
EEF1G,0.124297022819519,-1.609828233718872,TxPert,HSPA9,False
EIF1,0.5982657670974731,-1.5275893211364746,TxPert,HSPA9,False
EIF1AX,-0.3205889463424682,-0.8813075423240662,TxPert,HSPA9,True
EIF3E,0.1988536119461059,-1.1604877710342407,TxPert,HSPA9,False
EIF3F,0.1389347612857818,-0.0635519921779632,TxPert,HSPA9,False
EIF3H,0.1683911085128784,-0.7610134482383728,TxPert,HSPA9,False
EIF4G2,-0.2552317380905151,0.1502684950828552,TxPert,HSPA9,False
EIF5A,-0.4995614886283874,-1.208229660987854,TxPert,HSPA9,True
ETF1,-0.1980260610580444,-0.4945665597915649,TxPert,HSPA9,True
EXOSC7,-0.1828846931457519,-0.3539272248744964,TxPert,HSPA9,True
FBL,-0.1095378994941711,-0.5721355676651001,TxPert,HSPA9,True
FEN1,-0.1482233703136444,0.188305526971817,TxPert,HSPA9,False
FNBP4,-0.1069046556949615,0.4978147745132446,TxPert,HSPA9,False
GAPDH,-0.4666345119476318,-1.7401795387268066,TxPert,HSPA9,True
GAR1,-0.1830818504095077,-0.2730662524700165,TxPert,HSPA9,True
GINS2,-0.1557228714227676,-0.0185291469097137,TxPert,HSPA9,True
GNL2,-0.1434955298900604,0.0376154482364654,TxPert,HSPA9,False
GTF3A,-0.215792179107666,-0.6737619042396545,TxPert,HSPA9,True
GTF3C6,-0.1399949193000793,-0.4974755346775055,TxPert,HSPA9,True
H2AFZ,-0.3316941261291504,-1.764641284942627,TxPert,HSPA9,True
HMGA1,-0.3113118410110473,-1.5645947456359863,TxPert,HSPA9,True
HNRNPH1,-0.1233172118663787,-0.5707821846008301,TxPert,HSPA9,True
HSPA8,-0.6474519968032837,-1.0900452136993408,TxPert,HSPA9,True
HSPD1,-0.5267658233642578,-1.497964859008789,TxPert,HSPA9,True
HUWE1,-0.0653626024723053,-0.2899806201457977,TxPert,HSPA9,True
IARS2,-0.197273388504982,-0.2617280185222626,TxPert,HSPA9,True
LRPPRC,-0.2521158456802368,-0.694661021232605,TxPert,HSPA9,True
LSM3,-0.2791666984558105,-0.7767416834831238,TxPert,HSPA9,True
LSM7,-0.1104836463928222,-0.915865123271942,TxPert,HSPA9,True
MAD2L1,-0.2341208457946777,-0.2053984701633453,TxPert,HSPA9,True
MARS,0.1468127369880676,-0.1120932400226593,TxPert,HSPA9,False
MAT2A,-0.1739121675491333,-0.2690137326717376,TxPert,HSPA9,True
MCM2,-0.1238094344735145,0.248060405254364,TxPert,HSPA9,False
MCM3,-0.306746244430542,-0.3846912384033203,TxPert,HSPA9,True
MCM4,-0.2703868150711059,-0.3186483383178711,TxPert,HSPA9,True
MCM5,-0.0907108187675476,-0.2887647449970245,TxPert,HSPA9,True
MCM6,-0.1661283522844314,2.8212733268737797,TxPert,HSPA9,False
MCM7,-0.2421647906303405,-0.3468661606311798,TxPert,HSPA9,True
MDN1,-0.2111759483814239,-0.4274204075336456,TxPert,HSPA9,True
MRPL16,-0.1406106352806091,0.0095242261886596,TxPert,HSPA9,False
MRPL20,-0.155751883983612,-0.4750040769577026,TxPert,HSPA9,True
MRPL3,-0.2522516846656799,-0.5892610549926758,TxPert,HSPA9,True
MRPL41,-0.1546835899353027,-0.5945240259170532,TxPert,HSPA9,True
MRPL50,-0.0865635871887207,-0.1189367026090622,TxPert,HSPA9,True
MRPL54,-0.0458153486251831,-0.3162498474121094,TxPert,HSPA9,True
MRPS24,-0.184052288532257,-0.5233064293861389,TxPert,HSPA9,True
MRPS34,-0.3367723226547241,-0.8234649896621704,TxPert,HSPA9,True
MRPS6,-0.1002242565155029,-0.4040381014347076,TxPert,HSPA9,True
NAA50,-0.2283392548561096,-0.3106439709663391,TxPert,HSPA9,True
NASP,-0.3496089577674866,-1.0293978452682495,TxPert,HSPA9,True
NCL,-0.7674384117126465,-2.0594372749328613,TxPert,HSPA9,True
NDUFA8,-0.1249938011169433,-0.4253768622875213,TxPert,HSPA9,True
NDUFB4,-0.076531320810318,1.0080938339233398,TxPert,HSPA9,False
NHP2,-0.1508384048938751,-0.4426137804985046,TxPert,HSPA9,True
NIP7,-0.1880832761526107,-0.2345785945653915,TxPert,HSPA9,True
NOL8,-0.097207099199295,-0.0374160706996917,TxPert,HSPA9,True
NOLC1,-0.3326078355312347,0.0778817534446716,TxPert,HSPA9,False
NOP16,-0.2201404571533203,-0.2752547860145569,TxPert,HSPA9,True
OPA1,-0.1277290135622024,-0.2655835151672363,TxPert,HSPA9,True
PCNA,-0.2221130728721618,-0.4649955332279205,TxPert,HSPA9,True
PDCD5,-0.1917878985404968,-0.7302395701408386,TxPert,HSPA9,True
PHB,-0.4662811160087585,-0.9433709383010864,TxPert,HSPA9,True
PNISR,0.1772201657295227,-0.4882156550884247,TxPert,HSPA9,False
POLR3K,-0.2816741168498993,-0.4248342514038086,TxPert,HSPA9,True
PPA1,-0.2987017035484314,-0.9186462163925172,TxPert,HSPA9,True
PPIH,-0.1664637327194214,-0.3615540862083435,TxPert,HSPA9,True
PPIL4,0.016825333237648,-0.1326041221618652,TxPert,HSPA9,False
PRMT1,-0.2924379706382751,-0.5501353144645691,TxPert,HSPA9,True
PSMG1,-0.0962090492248535,-0.5989068746566772,TxPert,HSPA9,True
PSMG4,-0.1121364384889602,-0.2738008499145508,TxPert,HSPA9,True
PTBP1,-0.2119744420051574,-0.4702727794647217,TxPert,HSPA9,True
PTMA,-0.7850799560546875,-2.5323402881622314,TxPert,HSPA9,True
RABGGTB,-0.1101802885532379,-0.1655910313129425,TxPert,HSPA9,True
RAC3,-0.1184614449739456,-0.0774475783109664,TxPert,HSPA9,True
RFC2,-0.079305499792099,0.0245301723480224,TxPert,HSPA9,False
RPL10A,0.2854187488555908,-2.1556615829467773,TxPert,HSPA9,False
RPL18A,0.2900631427764892,-2.724912166595459,TxPert,HSPA9,False
RPL24,0.1225755214691162,-2.095393657684326,TxPert,HSPA9,False
RPL26,0.4413900375366211,-1.7446949481964111,TxPert,HSPA9,False
RPL26L1,-0.0907804518938064,-0.2951865792274475,TxPert,HSPA9,True
RPL3,0.2333827018737793,-2.5351874828338623,TxPert,HSPA9,False
RPL34,0.4061062335968017,-2.205388069152832,TxPert,HSPA9,False
RPL35A,0.2577985525131225,-1.6513464450836182,TxPert,HSPA9,False
RPL36A,0.3736292123794555,-1.566418170928955,TxPert,HSPA9,False
RPS11,0.3714439868927002,-1.945261120796204,TxPert,HSPA9,False
RPS14,0.3571133613586426,-2.500375509262085,TxPert,HSPA9,False
RPS17,-0.1524415016174316,-1.2531477212905884,TxPert,HSPA9,True
RPS24,0.320296049118042,-2.1371846199035645,TxPert,HSPA9,False
RPS26,-0.4086424112319946,-1.1686760187149048,TxPert,HSPA9,True
RPS27,0.6032743453979492,-2.1441829204559326,TxPert,HSPA9,False
RPS28,0.1628379821777343,-2.1484005451202397,TxPert,HSPA9,False
RPS3,0.2593514919281006,-2.4865922927856445,TxPert,HSPA9,False
RPS3A,0.4385180473327636,-1.48615562915802,TxPert,HSPA9,False
RPSA,-0.0693881511688232,-2.6711814403533936,TxPert,HSPA9,True
RRP1,-0.1898796558380127,-0.21251180768013,TxPert,HSPA9,True
RRP9,-0.1408366858959198,-0.2083781659603119,TxPert,HSPA9,True
SF3B5,-0.1175527870655059,-0.54566890001297,TxPert,HSPA9,True
SFPQ,-0.3378534913063049,-1.1812537908554075,TxPert,HSPA9,True
SLBP,-0.1931931376457214,-0.3589889407157898,TxPert,HSPA9,True
SMC4,-0.2263346910476684,-0.4652187824249267,TxPert,HSPA9,True
SNRNP25,-0.2623534798622131,-0.4838431179523468,TxPert,HSPA9,True
SOD1,-0.2704701423645019,-0.8546639084815979,TxPert,HSPA9,True
SOD2,-0.1149569749832153,0.0610333532094955,TxPert,HSPA9,False
SRSF2,-0.4037136435508728,-0.79317307472229,TxPert,HSPA9,True
SRSF7,-0.3789342045783996,-0.8996655941009521,TxPert,HSPA9,True
SS18L2,-0.0746344625949859,-0.3168514370918274,TxPert,HSPA9,True
SSBP1,-0.2103965878486633,-0.9193573594093324,TxPert,HSPA9,True
SURF6,-0.1201101243495941,-0.1273459047079086,TxPert,HSPA9,True
TAF7,0.0272469818592071,-0.1218693405389785,TxPert,HSPA9,False
TBCA,-0.2063144445419311,-0.5731112957000732,TxPert,HSPA9,True
TCP1,-0.3670440316200256,-0.8505411744117737,TxPert,HSPA9,True
TIMM10,-0.165490835905075,0.4682101607322693,TxPert,HSPA9,False
TIMM13,-0.3337957262992859,-1.0887597799301147,TxPert,HSPA9,True
TIMM8A,-0.1378533989191055,-0.2482074499130249,TxPert,HSPA9,True
TKT,-0.2809394598007202,-0.829753041267395,TxPert,HSPA9,True
TLN1,0.1462950110435485,-0.1872750520706176,TxPert,HSPA9,False
TOMM40,-0.3699575662612915,-0.8122260570526123,TxPert,HSPA9,True
TPR,-0.1049856543540954,-0.7149186730384827,TxPert,HSPA9,True
TRMT10C,-0.2452229559421539,-0.4861372411251068,TxPert,HSPA9,True
TUBA1B,-0.5655295848846436,-1.5022814273834229,TxPert,HSPA9,True
TUBB,-0.4659929275512695,-1.5127791166305542,TxPert,HSPA9,True
TXNL4A,-0.1975266635417938,-0.5276638865470886,TxPert,HSPA9,True
UBL5,-0.2464082241058349,-0.6773877143859863,TxPert,HSPA9,True
UQCRB,0.0194421410560607,-0.8729446530342102,TxPert,HSPA9,False
UQCRQ,-0.2401919066905975,-0.6380109786987305,TxPert,HSPA9,True
UXT,0.1049078553915023,-0.1002260595560073,TxPert,HSPA9,False
WDR43,-0.2276438474655151,0.2555087804794311,TxPert,HSPA9,False
WDR83OS,0.1083514690399169,-0.4496324360370636,TxPert,HSPA9,False
XRCC2,-0.0868347436189651,-0.1928001940250396,TxPert,HSPA9,True
YARS,0.0621298551559448,-0.5524430871009827,TxPert,HSPA9,False
ZCRB1,0.0660401880741119,0.0716492831707,TxPert,HSPA9,True
