model,context,condition,gene_set,top_k,n_true_cells,n_pred_cells,n_corr_pairs,csa_pearson,csa_spearman
direct_source_expression,K562,AAMP,top_true_de,100,76,39,4950,0.15899788820827568,0.12221247092660491
direct_source_expression,K562,AARS,top_true_de,100,38,161,4950,0.2566315469910172,0.24195594807523815
direct_source_expression,K562,ABCE1,top_true_de,100,177,112,4851,0.5703027370334467,0.47766760945568837
direct_source_expression,K562,ABCF1,top_true_de,100,159,239,4950,0.5551139951665077,0.5031978056481899
direct_source_expression,K562,ABT1,top_true_de,100,92,275,4950,0.5335563851710875,0.4933672148495893
direct_source_expression,K562,ACTB,top_true_de,100,140,400,4950,0.3255129379170529,0.2715033906368389
direct_source_expression,K562,ACTR6,top_true_de,100,104,254,4950,0.1427063020704686,0.11322362294061464
direct_source_expression,K562,AHCTF1,top_true_de,100,161,144,4851,0.3722052625486082,0.31537129868663444
direct_source_expression,K562,AKIRIN2,top_true_de,100,144,167,4851,0.2464358260064658,0.2298014644200964
direct_source_expression,K562,ALDOA,top_true_de,100,77,145,4950,0.3059782813118779,0.28470261792109813
direct_source_expression,K562,ALG13,top_true_de,100,167,171,4950,0.21593788348114565,0.17319637701221632
direct_source_expression,K562,ANAPC2,top_true_de,100,237,30,4950,0.37983865448959164,0.3472436048752464
direct_source_expression,K562,AP2S1,top_true_de,100,96,23,4950,0.18975049958466447,0.17098348431045063
direct_source_expression,K562,ARGLU1,top_true_de,100,367,181,4851,0.3603992609919967,0.2565404331806842
direct_source_expression,K562,ARL2,top_true_de,100,70,306,4851,0.22759350504865844,0.20035912581093837
direct_source_expression,K562,ATF4,top_true_de,100,52,41,4851,0.15254298010549533,0.08402511860786058
direct_source_expression,K562,ATP6V0B,top_true_de,100,134,179,4950,0.4004041621206993,0.3789743346487872
direct_source_expression,K562,ATP6V1A,top_true_de,100,89,145,4950,0.27880066130294995,0.24013485768545606
direct_source_expression,K562,ATR,top_true_de,100,133,373,4851,0.5238324177100854,0.501185194279277
direct_source_expression,K562,ATRIP,top_true_de,100,183,166,4950,0.4579446614928715,0.4378623699739459
direct_source_expression,K562,BCAS2,top_true_de,100,197,33,4950,0.33148549477081096,0.28708477405063487
direct_source_expression,K562,BDP1,top_true_de,100,277,116,4851,0.5445120648771992,0.5153821946372701
direct_source_expression,K562,BGLAP,top_true_de,100,236,59,4950,0.2868126646028856,0.25828760103451504
direct_source_expression,K562,BNIP1,top_true_de,100,107,166,4950,0.3839121812322292,0.38406557667790736
direct_source_expression,K562,BRD8,top_true_de,100,68,53,4851,0.13605868341512248,0.11045701491918045
direct_source_expression,K562,BRIX1,top_true_de,100,95,253,4851,0.30981021421602595,0.30879596639164986
direct_source_expression,K562,BUB3,top_true_de,100,246,35,4950,0.23644057818202593,0.2074399773004229
direct_source_expression,K562,BYSL,top_true_de,100,87,141,4950,0.4976871378643574,0.4653973586098051
direct_source_expression,K562,CCDC59,top_true_de,100,100,331,4851,0.589756026164358,0.5448837628696473
direct_source_expression,K562,CCDC84,top_true_de,100,77,97,4950,0.21919203167993975,0.20411918582943991
direct_source_expression,K562,CCNH,top_true_de,100,75,377,4950,0.517368251528787,0.4300178481609346
direct_source_expression,K562,CCNK,top_true_de,100,211,273,4950,0.6185336992091515,0.49513795856273485
direct_source_expression,K562,CCT4,top_true_de,100,217,182,4950,0.26457948555849387,0.23068798334456092
direct_source_expression,K562,CCT7,top_true_de,100,141,192,4950,0.19934410763601998,0.16584501197204413
direct_source_expression,K562,CD3EAP,top_true_de,100,85,298,4851,0.2803928055723315,0.22098146926793874
direct_source_expression,K562,CDC123,top_true_de,100,96,114,4950,0.35657615556603345,0.2951446179700554
direct_source_expression,K562,CDC5L,top_true_de,100,77,112,4950,0.4980220758003915,0.4818027064640766
direct_source_expression,K562,CDC6,top_true_de,100,153,144,4851,0.46269830664773975,0.4508793543153758
direct_source_expression,K562,CDC73,top_true_de,100,140,132,4950,0.49498165178935344,0.48524336301247045
direct_source_expression,K562,CENPE,top_true_de,100,171,34,4851,0.29108378818277103,0.26469649615537255
direct_source_expression,K562,CENPK,top_true_de,100,93,97,4950,0.31101426537861443,0.2909214060413209
direct_source_expression,K562,CEP192,top_true_de,100,184,106,4851,0.48105707354266086,0.4631571259795202
direct_source_expression,K562,CHCHD4,top_true_de,100,132,354,4950,0.5164361005477158,0.4590728310709215
direct_source_expression,K562,CHD4,top_true_de,100,33,203,4950,0.06069686088947765,0.043009916167276965
direct_source_expression,K562,CHEK1,top_true_de,100,205,127,4851,0.377066087954083,0.34344056302921183
direct_source_expression,K562,CHMP1A,top_true_de,100,71,40,4950,0.28557567550371693,0.24469487671935874
direct_source_expression,K562,CHMP2A,top_true_de,100,61,21,4753,0.20846715605386548,0.1680695840532871
direct_source_expression,K562,CINP,top_true_de,100,73,101,4950,0.1432712115264874,0.1311540874160458
direct_source_expression,K562,CKAP5,top_true_de,100,159,83,4851,0.40601982009542653,0.35635654903403535
direct_source_expression,K562,CLNS1A,top_true_de,100,46,124,4950,0.23419209420911183,0.1975569611256485
direct_source_expression,K562,CLP1,top_true_de,100,51,52,4950,0.3095577308807655,0.30586470309898517
direct_source_expression,K562,CMTR1,top_true_de,100,138,222,4950,0.7632592106858801,0.7595207341046636
direct_source_expression,K562,CNOT2,top_true_de,100,64,241,4950,0.28855436925596906,0.2614317945630151
direct_source_expression,K562,CNOT3,top_true_de,100,303,208,4950,0.4004133277009391,0.3920876151770428
direct_source_expression,K562,COPB1,top_true_de,100,56,34,4753,0.28299570087677806,0.27149410760739073
direct_source_expression,K562,COPS2,top_true_de,100,44,166,4950,0.09992534225859728,0.08877976331386368
direct_source_expression,K562,COPS4,top_true_de,100,253,173,4950,0.18373550167443037,0.16084658738958282
direct_source_expression,K562,COX11,top_true_de,100,103,445,4950,0.36957610556760584,0.30503685086706184
direct_source_expression,K562,COX17,top_true_de,100,129,71,4851,0.28167222295940236,0.21804048460826347
direct_source_expression,K562,COX7C,top_true_de,100,154,146,4950,0.3674999517461398,0.3070587695540521
direct_source_expression,K562,CPSF1,top_true_de,100,48,229,4950,0.22531533104458434,0.20641624924078394
direct_source_expression,K562,CPSF3,top_true_de,100,575,699,4950,0.3711243256742535,0.3811065009897128
direct_source_expression,K562,CPSF4,top_true_de,100,57,203,4950,0.2477540798540616,0.23026040256695296
direct_source_expression,K562,CPSF6,top_true_de,100,43,106,4950,0.2620894061086895,0.23700495049195763
direct_source_expression,K562,CSE1L,top_true_de,100,373,507,4851,0.4469778332715448,0.41368503784682475
direct_source_expression,K562,CSNK1A1,top_true_de,100,131,109,4851,0.3699467858217171,0.3177323834497289
direct_source_expression,K562,CSNK2B,top_true_de,100,103,295,4950,0.27187243864378596,0.20746028751078519
direct_source_expression,K562,CSTF3,top_true_de,100,59,174,4950,0.3547971740784467,0.33713191869147957
direct_source_expression,K562,CTR9,top_true_de,100,197,38,4950,0.32829077502414084,0.3015361952932378
direct_source_expression,K562,CUL2,top_true_de,100,84,201,4950,0.29629163231006794,0.22821804544520252
direct_source_expression,K562,CUL7,top_true_de,100,33,89,4950,0.4938196879328845,0.4749230947150873
direct_source_expression,K562,CWC15,top_true_de,100,144,127,4950,0.6191881159383583,0.5803768598905322
direct_source_expression,K562,CWC22,top_true_de,100,28,31,4950,0.4109167099737242,0.3947997186043362
direct_source_expression,K562,CWF19L2,top_true_de,100,187,183,4950,0.3083301026669481,0.2892941918316415
direct_source_expression,K562,CXXC1,top_true_de,100,115,241,4950,0.33062789555888633,0.2595665663870992
direct_source_expression,K562,CYCS,top_true_de,100,162,71,4950,0.3797741302535782,0.28781146613707115
direct_source_expression,K562,DAD1,top_true_de,100,71,108,4950,0.19216464385694215,0.14848250717758882
direct_source_expression,K562,DAP3,top_true_de,100,141,147,4950,0.4150051405830621,0.35154644662855394
direct_source_expression,K562,DARS,top_true_de,100,60,101,4950,0.4091446359715328,0.3883451646002608
direct_source_expression,K562,DDB1,top_true_de,100,85,218,4950,0.34415533724170605,0.3238327525595481
direct_source_expression,K562,DDX10,top_true_de,100,97,245,4851,0.47016007625777456,0.4293345109352842
direct_source_expression,K562,DDX18,top_true_de,100,112,140,4950,0.3883628575773131,0.36050645520613295
direct_source_expression,K562,DDX23,top_true_de,100,126,367,4851,0.6486675643807925,0.6420871064564874
direct_source_expression,K562,DDX41,top_true_de,100,259,61,4950,0.5988262234218249,0.5670283580363609
direct_source_expression,K562,DDX46,top_true_de,100,132,297,4950,0.32319962088444076,0.31076045892051224
direct_source_expression,K562,DDX47,top_true_de,100,313,93,4950,0.5463134594691879,0.5093844567371753
direct_source_expression,K562,DDX5,top_true_de,100,130,437,4950,0.24259221056560062,0.19328423380221524
direct_source_expression,K562,DDX52,top_true_de,100,106,339,4950,0.44134602237042214,0.4337146172129403
direct_source_expression,K562,DDX55,top_true_de,100,150,595,4950,0.36047766693102595,0.28191196359443194
direct_source_expression,K562,DDX59,top_true_de,100,152,90,4950,0.299717586186761,0.2079383170696428
direct_source_expression,K562,DENR,top_true_de,100,228,176,4950,0.38850549413641605,0.27767519312288025
direct_source_expression,K562,DHX16,top_true_de,100,305,220,4950,0.6317695853027966,0.6368770794037015
direct_source_expression,K562,DHX33,top_true_de,100,127,187,4950,0.5539717852190106,0.5070198272800291
direct_source_expression,K562,DHX36,top_true_de,100,248,216,4851,0.5559482671630277,0.48403300863764165
direct_source_expression,K562,DHX37,top_true_de,100,202,290,4950,0.5591963110955454,0.544837379215644
direct_source_expression,K562,DIS3,top_true_de,100,40,49,4851,0.4259423741335169,0.39947333964487364
direct_source_expression,K562,DKC1,top_true_de,100,51,153,4851,0.43028922499766015,0.3871471116325159
direct_source_expression,K562,DLD,top_true_de,100,283,216,4950,0.5015782064734114,0.516409623855967
direct_source_expression,K562,DMAP1,top_true_de,100,71,100,4950,0.29327335619861566,0.2721496110303365
direct_source_expression,K562,DNAJC17,top_true_de,100,30,212,4950,0.389197278604596,0.3935171251740733
direct_source_expression,K562,DNAJC8,top_true_de,100,260,340,4950,0.20432430275364083,0.19338128304975968
direct_source_expression,K562,DNM1L,top_true_de,100,144,78,4950,0.3702634080300964,0.308468535764083
direct_source_expression,K562,DNMT1,top_true_de,100,146,337,4851,0.17477763690850576,0.12838735016208558
direct_source_expression,K562,DNTTIP2,top_true_de,100,235,117,4950,0.47464261120311996,0.44517192911134434
direct_source_expression,K562,DR1,top_true_de,100,103,115,4851,0.2596151019762252,0.21152737250975898
direct_source_expression,K562,DSN1,top_true_de,100,234,64,4950,0.45491986642131493,0.39127186639826056
direct_source_expression,K562,DTL,top_true_de,100,87,132,4851,0.6128159919611542,0.6137810096096069
direct_source_expression,K562,DUT,top_true_de,100,46,77,4950,0.1762008314629967,0.1703500936781999
direct_source_expression,K562,DYNC1H1,top_true_de,100,217,61,4851,0.4828450839818363,0.4672455969317049
direct_source_expression,K562,DYNC1I2,top_true_de,100,239,137,4950,0.5282273536483556,0.5154013168578881
direct_source_expression,K562,EBNA1BP2,top_true_de,100,68,120,4851,0.31346592309890536,0.2691050635669741
direct_source_expression,K562,ECD,top_true_de,100,69,81,4950,0.3379479601480346,0.3345703214215254
direct_source_expression,K562,EEF2,top_true_de,100,196,214,4950,0.4583443923868716,0.40395002049926954
direct_source_expression,K562,EIF1AX,top_true_de,100,95,119,4950,0.7277480296142087,0.7284751885177839
direct_source_expression,K562,EIF2B1,top_true_de,100,162,526,4950,0.4073578547709761,0.37150452766371933
direct_source_expression,K562,EIF2B5,top_true_de,100,412,351,4950,0.5076683751940201,0.5137761489948308
direct_source_expression,K562,EIF2S1,top_true_de,100,208,172,4950,0.29927659943325907,0.29745147966459673
direct_source_expression,K562,EIF2S2,top_true_de,100,76,117,4950,0.3776103014904274,0.3616733940880763
direct_source_expression,K562,EIF2S3,top_true_de,100,46,134,4851,0.4125608668827262,0.41562312200574425
direct_source_expression,K562,EIF3B,top_true_de,100,23,338,4950,0.2802432530480736,0.22586019535840363
direct_source_expression,K562,EIF3CL,top_true_de,100,44,337,4950,0.35365989630197553,0.2796244320246929
direct_source_expression,K562,EIF3D,top_true_de,100,144,97,4950,0.5544873295327668,0.5130752383232172
direct_source_expression,K562,EIF3E,top_true_de,100,171,104,4950,0.42847349470981,0.3742386580835916
direct_source_expression,K562,EIF3I,top_true_de,100,44,216,4950,0.3410323879729913,0.2848882621146421
direct_source_expression,K562,EIF3J,top_true_de,100,72,189,4950,0.2426095652199927,0.17643567366641896
direct_source_expression,K562,EIF3M,top_true_de,100,209,153,4950,0.5387571871160315,0.4699016067584358
direct_source_expression,K562,EIF4E,top_true_de,100,324,170,4950,0.3834672037031905,0.31424550070042506
direct_source_expression,K562,EIF4G2,top_true_de,100,205,304,4950,0.527048916094811,0.458565355016534
direct_source_expression,K562,EIF5,top_true_de,100,94,61,4950,0.1487667910681412,0.11969765567523735
direct_source_expression,K562,EIF6,top_true_de,100,107,263,4950,0.3170529729308724,0.2621376690820578
direct_source_expression,K562,ERCC2,top_true_de,100,116,237,4950,0.22241436742395632,0.20052324082856965
direct_source_expression,K562,ESF1,top_true_de,100,121,317,4851,0.6007763737536049,0.5562563133733094
direct_source_expression,K562,ETF1,top_true_de,100,40,196,4851,0.47638184392701927,0.46251482959937157
direct_source_expression,K562,EXOC7,top_true_de,100,32,187,4950,0.41201015347367886,0.3912312292569163
direct_source_expression,K562,EXOSC10,top_true_de,100,77,82,4950,0.45391089436361565,0.42518275781510356
direct_source_expression,K562,EXOSC2,top_true_de,100,209,270,4950,0.6894027070114812,0.6522924629776816
direct_source_expression,K562,EXOSC3,top_true_de,100,44,253,4950,0.6202706309932551,0.5710269737520786
direct_source_expression,K562,EXOSC7,top_true_de,100,84,155,4851,0.3415072356406417,0.27875734075542974
direct_source_expression,K562,FAM136A,top_true_de,100,40,1227,4950,0.502511561696017,0.5287489902993406
direct_source_expression,K562,FAM32A,top_true_de,100,332,124,4851,0.5858521474706241,0.573696174102936
direct_source_expression,K562,FARSA,top_true_de,100,128,230,4950,0.5673927484416533,0.5471261652276217
direct_source_expression,K562,FBL,top_true_de,100,124,69,4950,0.2653115909375288,0.21316800513805845
direct_source_expression,K562,FBXO5,top_true_de,100,233,29,4851,0.19919934787838475,0.15769407764264662
direct_source_expression,K562,FTSJ3,top_true_de,100,153,110,4950,0.619119853473279,0.6151136843287499
direct_source_expression,K562,GARS,top_true_de,100,148,251,4851,0.21172838270110395,0.1612605082859215
direct_source_expression,K562,GBF1,top_true_de,100,155,93,4950,0.6181862586401059,0.6117345166229036
direct_source_expression,K562,GFER,top_true_de,100,198,220,4950,0.2817433772051267,0.24548730666454083
direct_source_expression,K562,GFM1,top_true_de,100,230,3739,4950,0.4304049713458688,0.39014690290087617
direct_source_expression,K562,GINS2,top_true_de,100,130,272,4851,0.5131015945502605,0.5205026648126985
direct_source_expression,K562,GINS3,top_true_de,100,98,69,4950,0.3279016068030824,0.26791085169547707
direct_source_expression,K562,GLE1,top_true_de,100,54,205,4950,0.3620607713717568,0.3403768513818145
direct_source_expression,K562,GMPS,top_true_de,100,94,64,4950,0.21862637177251795,0.17396691659899666
direct_source_expression,K562,GNL3,top_true_de,100,29,255,4851,0.14603838180500633,0.10593856514830452
direct_source_expression,K562,GNL3L,top_true_de,100,66,128,4950,0.20549348910831372,0.18133029852105362
direct_source_expression,K562,GPN1,top_true_de,100,76,104,4950,0.4469769697536407,0.4346454750916581
direct_source_expression,K562,GPN2,top_true_de,100,42,90,4950,0.27259938895347885,0.2460057205766743
direct_source_expression,K562,GPN3,top_true_de,100,250,293,4950,0.46292543093929256,0.4335667812099615
direct_source_expression,K562,GRB2,top_true_de,100,53,112,4950,0.3894377320743356,0.29871380532914765
direct_source_expression,K562,GRSF1,top_true_de,100,146,279,4950,0.3395557155181621,0.2863482269891959
direct_source_expression,K562,GTF2B,top_true_de,100,34,67,4851,0.22691339436233537,0.22724022874285071
direct_source_expression,K562,GTF2E1,top_true_de,100,176,164,4950,0.3229964853348478,0.27608488260728015
direct_source_expression,K562,GTF2F2,top_true_de,100,52,245,4950,0.15365419205317013,0.13539783592661053
direct_source_expression,K562,HARS2,top_true_de,100,62,27,4950,0.24420044707497965,0.21061322275740113
direct_source_expression,K562,HAUS5,top_true_de,100,153,117,4950,0.3271001227241366,0.3074412313716418
direct_source_expression,K562,HBS1L,top_true_de,100,120,92,4851,0.439231217236752,0.45876692606360286
direct_source_expression,K562,HDAC7,top_true_de,100,148,130,4950,0.42882916655192405,0.4292502346826176
direct_source_expression,K562,HEATR1,top_true_de,100,216,77,4950,0.39779745077029494,0.3225168418597431
direct_source_expression,K562,HGS,top_true_de,100,96,115,4950,0.4872319977991621,0.4388978927983606
direct_source_expression,K562,HMGCS1,top_true_de,100,216,441,4851,0.41539387395951105,0.421771016980499
direct_source_expression,K562,HNRNPH1,top_true_de,100,92,234,4851,0.21406647759122,0.18694826347678917
direct_source_expression,K562,HNRNPM,top_true_de,100,128,102,4950,0.2735513771724032,0.2125178979424989
direct_source_expression,K562,HSCB,top_true_de,100,85,546,4950,0.3068355063182832,0.27326461675553493
direct_source_expression,K562,HSPA5,top_true_de,100,202,155,4950,0.8562491522369953,0.8141672216100623
direct_source_expression,K562,HSPA8,top_true_de,100,146,49,4950,0.292004797029436,0.28483274322592994
direct_source_expression,K562,HSPA9,top_true_de,100,374,239,4950,0.5639472032956436,0.5020113841770946
direct_source_expression,K562,HSPE1,top_true_de,100,25,331,4950,0.36692813715872513,0.32885496464765657
direct_source_expression,K562,IARS,top_true_de,100,45,118,4950,0.23190682516708136,0.19496379809581002
direct_source_expression,K562,ICE1,top_true_de,100,319,144,4950,0.7232702772928976,0.7113334396354155
direct_source_expression,K562,IGBP1,top_true_de,100,245,187,4851,0.690356467646901,0.6847181998605399
direct_source_expression,K562,IK,top_true_de,100,123,191,4851,0.5125067486406522,0.5056619756483409
direct_source_expression,K562,ILF2,top_true_de,100,53,176,4950,0.1584348623987958,0.13786302239966822
direct_source_expression,K562,IMPDH2,top_true_de,100,70,182,4851,0.133831765350264,0.10991050865358047
direct_source_expression,K562,INO80B,top_true_de,100,115,249,4950,0.18201787295250507,0.12750313177394185
direct_source_expression,K562,INTS3,top_true_de,100,103,223,4950,0.2707599747635946,0.24931212459742833
direct_source_expression,K562,INTS4,top_true_de,100,47,174,4950,0.39386849827922993,0.3746147677476167
direct_source_expression,K562,INTS9,top_true_de,100,222,258,4950,0.58233097864859,0.5839311136584414
direct_source_expression,K562,IPO9,top_true_de,100,173,285,4851,0.21155128016814095,0.17881553368022368
direct_source_expression,K562,ISCU,top_true_de,100,32,99,4851,0.35025625901036983,0.3204970976307273
direct_source_expression,K562,ISG20L2,top_true_de,100,72,148,4950,0.24875791234244118,0.22529217690791203
direct_source_expression,K562,KANSL1,top_true_de,100,41,123,4851,0.23546465130221594,0.18666401121757736
direct_source_expression,K562,KARS,top_true_de,100,45,65,4950,0.16287840937847836,0.15296157605158656
direct_source_expression,K562,KAT8,top_true_de,100,254,177,4950,0.3623824077961789,0.2835933356937356
direct_source_expression,K562,KIF20A,top_true_de,100,95,35,4950,0.10726345827499693,0.10174768991126291
direct_source_expression,K562,KPNB1,top_true_de,100,214,226,4950,0.5783151811064304,0.5721478382241497
direct_source_expression,K562,KRI1,top_true_de,100,51,271,4950,0.3794846858581546,0.3672301872456999
direct_source_expression,K562,KRR1,top_true_de,100,398,118,4950,0.492947628454581,0.45227799207276154
direct_source_expression,K562,LAS1L,top_true_de,100,75,269,4950,0.30504346022995316,0.26797592389546576
direct_source_expression,K562,LETM1,top_true_de,100,110,372,4950,0.4337855787581062,0.40085150997962454
direct_source_expression,K562,LSG1,top_true_de,100,106,304,4950,0.3096915676890273,0.25651896441627886
direct_source_expression,K562,LSM3,top_true_de,100,64,193,4950,0.3180202635339653,0.2685745940123136
direct_source_expression,K562,LSM4,top_true_de,100,68,144,4950,0.43462363998144254,0.4235285135857391
direct_source_expression,K562,LSM5,top_true_de,100,139,219,4950,0.4606585095701488,0.4671448280117109
direct_source_expression,K562,LSM6,top_true_de,100,423,149,4851,0.55268862420006,0.5124419273199243
direct_source_expression,K562,LSM7,top_true_de,100,126,173,4950,0.6021179082338743,0.5850968938706903
direct_source_expression,K562,MAD2L1,top_true_de,100,103,232,4851,0.2944572605792357,0.2599341091005886
direct_source_expression,K562,MAK16,top_true_de,100,183,88,4950,0.29288558568732614,0.25073740437659026
direct_source_expression,K562,MARS,top_true_de,100,81,147,4851,0.5038191775825225,0.4568536286891562
direct_source_expression,K562,MAX,top_true_de,100,161,201,4950,0.28453084505353304,0.21441971469312104
direct_source_expression,K562,MCM2,top_true_de,100,114,192,4851,0.35890895366975994,0.3165407382403912
direct_source_expression,K562,MCM3,top_true_de,100,104,595,4851,0.20028075727844982,0.1375926752494301
direct_source_expression,K562,MCM3AP,top_true_de,100,100,151,4950,0.3003948391767177,0.2568694977651549
direct_source_expression,K562,MCM4,top_true_de,100,69,94,4851,0.1676315386851934,0.15958124742057278
direct_source_expression,K562,MCM6,top_true_de,100,84,567,4851,0.3366351127563595,0.2774971969223008
direct_source_expression,K562,MED10,top_true_de,100,454,41,4851,0.33291374721131073,0.31142019290380135
direct_source_expression,K562,MED11,top_true_de,100,227,211,4950,0.520588355087727,0.507981225123448
direct_source_expression,K562,MED17,top_true_de,100,143,63,4950,0.44531376137243894,0.43449112428009146
direct_source_expression,K562,MED19,top_true_de,100,526,562,4950,0.5143120018142503,0.5140190210431559
direct_source_expression,K562,MED22,top_true_de,100,279,86,4950,0.5012815282551342,0.5034652542373268
direct_source_expression,K562,MED26,top_true_de,100,99,113,4950,0.20721467444404423,0.1987979521697939
direct_source_expression,K562,MED28,top_true_de,100,66,34,4851,0.37717026747115434,0.3668181679159951
direct_source_expression,K562,MED29,top_true_de,100,86,103,4950,0.42373877328213677,0.41390493009539864
direct_source_expression,K562,MED30,top_true_de,100,283,128,4950,0.47830863833727216,0.4523911878984632
direct_source_expression,K562,MED4,top_true_de,100,56,383,4950,0.5150532232490199,0.5153461198163724
direct_source_expression,K562,METAP2,top_true_de,100,131,97,4950,0.13956834242763158,0.11457167759735754
direct_source_expression,K562,MICOS10,top_true_de,100,83,189,4950,0.37028514837979,0.28981622867664775
direct_source_expression,K562,MIOS,top_true_de,100,160,322,4950,0.5191926122753221,0.463801949690309
direct_source_expression,K562,MNAT1,top_true_de,100,79,284,4950,0.2951000910730471,0.26293246929876846
direct_source_expression,K562,MPHOSPH10,top_true_de,100,38,243,4851,0.4020770138842777,0.3781263694278203
direct_source_expression,K562,MRGBP,top_true_de,100,68,309,4950,0.1945531751241074,0.1474647523367582
direct_source_expression,K562,MRPL13,top_true_de,100,72,50,4950,0.30174170313273463,0.24977862157874364
direct_source_expression,K562,MRPL14,top_true_de,100,188,119,4950,0.4131656652160331,0.3142673685997695
direct_source_expression,K562,MRPL17,top_true_de,100,96,96,4950,0.3530945814597583,0.25472866727395904
direct_source_expression,K562,MRPL18,top_true_de,100,128,97,4950,0.2613718987743371,0.2017415855246339
direct_source_expression,K562,MRPL3,top_true_de,100,146,197,4851,0.34289085721922896,0.2690102936469314
direct_source_expression,K562,MRPL36,top_true_de,100,160,3057,4950,0.2935742353470436,0.268202047918014
direct_source_expression,K562,MRPL37,top_true_de,100,100,103,4950,0.2926262352613677,0.21880749927267465
direct_source_expression,K562,MRPL38,top_true_de,100,132,428,4950,0.25390113737524245,0.2231157201186258
direct_source_expression,K562,MRPL41,top_true_de,100,66,189,4950,0.2437562864930827,0.1924260131650863
direct_source_expression,K562,MRPL43,top_true_de,100,90,68,4950,0.29485574574005635,0.24327333671953086
direct_source_expression,K562,MRPL51,top_true_de,100,100,76,4950,0.21320793294734405,0.1657029805965357
direct_source_expression,K562,MRPL54,top_true_de,100,112,48,4851,0.29800913230847115,0.2199157543244855
direct_source_expression,K562,MRPS11,top_true_de,100,90,92,4851,0.43758773617986046,0.3298729615011865
direct_source_expression,K562,MRPS14,top_true_de,100,82,56,4950,0.2398773247398043,0.17820422490066185
direct_source_expression,K562,MRPS2,top_true_de,100,93,77,4950,0.336968144455018,0.2552380391893904
direct_source_expression,K562,MRPS21,top_true_de,100,126,255,4950,0.3722994338054334,0.32356961274551105
direct_source_expression,K562,MRPS22,top_true_de,100,142,68,4851,0.3767493447492441,0.27181243703511676
direct_source_expression,K562,MRPS23,top_true_de,100,108,104,4950,0.35370769430632537,0.32166070932131646
direct_source_expression,K562,MRPS35,top_true_de,100,182,130,4950,0.4698227160942746,0.41287092835269196
direct_source_expression,K562,MRPS7,top_true_de,100,101,116,4950,0.3449784321261729,0.26615570337366706
direct_source_expression,K562,MRPS9,top_true_de,100,69,137,4950,0.3517422950447718,0.2763229259582745
direct_source_expression,K562,MTBP,top_true_de,100,183,362,4950,0.4290618982270723,0.37734554909660184
direct_source_expression,K562,MYBBP1A,top_true_de,100,106,195,4950,0.2656365185598141,0.21284083712391447
direct_source_expression,K562,MYBL2,top_true_de,100,81,1006,4851,0.3800825234606519,0.36947359860923895
direct_source_expression,K562,MZT1,top_true_de,100,381,52,4950,0.3865844361772546,0.24308368432628893
direct_source_expression,K562,NAA10,top_true_de,100,113,202,4851,0.43250178774752546,0.3413993617513901
direct_source_expression,K562,NAA20,top_true_de,100,158,227,4950,0.24578100435060382,0.20924342862358897
direct_source_expression,K562,NACA,top_true_de,100,315,136,4950,0.32863051219286843,0.30070743213382084
direct_source_expression,K562,NAT10,top_true_de,100,28,32,4950,0.2770492709832603,0.2597695017792167
direct_source_expression,K562,NCAPH,top_true_de,100,64,36,4950,0.1551730351701319,0.14809151161077547
direct_source_expression,K562,NCBP1,top_true_de,100,53,73,4950,0.515996084816343,0.5213329212096308
direct_source_expression,K562,NCBP2,top_true_de,100,765,101,4950,0.6725321845719553,0.6806863545311079
direct_source_expression,K562,NDC80,top_true_de,100,171,94,4851,0.5381532528048786,0.5328058914072487
direct_source_expression,K562,NDUFA2,top_true_de,100,111,60,4851,0.44752668514697747,0.4441832156433062
direct_source_expression,K562,NDUFA8,top_true_de,100,85,47,4851,0.190772149011064,0.14531814865529036
direct_source_expression,K562,NDUFB4,top_true_de,100,147,154,4851,0.3310482917124071,0.2168626049291205
direct_source_expression,K562,NDUFB8,top_true_de,100,174,112,4950,0.3773690862166492,0.32896897028562444
direct_source_expression,K562,NELFA,top_true_de,100,82,229,4851,0.38111516083084446,0.3071690718317165
direct_source_expression,K562,NELFCD,top_true_de,100,174,275,4950,0.35392019790480983,0.28966363600362355
direct_source_expression,K562,NFRKB,top_true_de,100,223,383,4950,0.3131929131636456,0.27246596456314204
direct_source_expression,K562,NFS1,top_true_de,100,75,167,4950,0.3184551568561595,0.28662849267544155
direct_source_expression,K562,NOC3L,top_true_de,100,73,294,4950,0.24203574203174752,0.19273936727594168
direct_source_expression,K562,NOL11,top_true_de,100,219,221,4950,0.4303154456237925,0.3882523187582299
direct_source_expression,K562,NOL12,top_true_de,100,83,212,4950,0.28505438281844564,0.247630707777887
direct_source_expression,K562,NOL8,top_true_de,100,70,350,4851,0.19627993915752528,0.16853537024075388
direct_source_expression,K562,NRBP1,top_true_de,100,62,274,4950,0.3514555058592741,0.3037351228146281
direct_source_expression,K562,NRDE2,top_true_de,100,495,97,4950,0.5536507429871279,0.5383544130199399
direct_source_expression,K562,NRF1,top_true_de,100,71,54,4950,0.12382247639097799,0.10377367685366838
direct_source_expression,K562,NSRP1,top_true_de,100,188,40,4851,0.6719861900589422,0.6423645309286262
direct_source_expression,K562,NUBP1,top_true_de,100,144,90,4950,0.32432820878505303,0.2948973599745392
direct_source_expression,K562,NUF2,top_true_de,100,404,81,4851,0.4378096890373415,0.3452379554803832
direct_source_expression,K562,NUMA1,top_true_de,100,203,30,4851,0.25678463556454845,0.211755128173774
direct_source_expression,K562,NUP133,top_true_de,100,70,339,4950,0.34923714789063376,0.31405657105350016
direct_source_expression,K562,NUP160,top_true_de,100,234,117,4950,0.46766617953494793,0.46441434951371496
direct_source_expression,K562,NUP54,top_true_de,100,266,137,4950,0.4659934111546908,0.4291786285788953
direct_source_expression,K562,NUP85,top_true_de,100,107,245,4950,0.4953825134552707,0.45981998256709655
direct_source_expression,K562,NUTF2,top_true_de,100,44,135,4950,0.492153948218521,0.48460039235552693
direct_source_expression,K562,OGFOD1,top_true_de,100,101,172,4950,0.34370955697879996,0.3265834596435789
direct_source_expression,K562,OPA1,top_true_de,100,53,99,4851,0.28711830115813847,0.21913632729883292
direct_source_expression,K562,ORC1,top_true_de,100,477,155,4851,0.5720273270187323,0.5852546334793032
direct_source_expression,K562,OXA1L,top_true_de,100,305,49,4950,0.516195682262127,0.42213773428258117
direct_source_expression,K562,PABPN1,top_true_de,100,93,106,4950,0.4024198543554731,0.3712082846832245
direct_source_expression,K562,PAF1,top_true_de,100,229,147,4950,0.498656779727736,0.4918437306160386
direct_source_expression,K562,PAM16,top_true_de,100,43,196,4851,0.37893010522149045,0.33419144452903665
direct_source_expression,K562,PAXBP1,top_true_de,100,114,332,4950,0.25972019395043633,0.24400314586588723
direct_source_expression,K562,PCID2,top_true_de,100,208,294,4950,0.12473817318593369,0.12356384190556531
direct_source_expression,K562,PDAP1,top_true_de,100,38,133,4950,0.20179675300288824,0.16906102184874605
direct_source_expression,K562,PDCD2,top_true_de,100,59,165,4950,0.4547200165391237,0.4183814702972034
direct_source_expression,K562,PDCD7,top_true_de,100,80,95,4950,0.37802190557052345,0.33482373201149307
direct_source_expression,K562,PDRG1,top_true_de,100,111,108,4851,0.35557225529724035,0.33106409782215707
direct_source_expression,K562,PELP1,top_true_de,100,60,307,4950,0.2593017766399232,0.2266475687507085
direct_source_expression,K562,PET117,top_true_de,100,80,352,4950,0.3997290684885982,0.29105444488941656
direct_source_expression,K562,PFDN2,top_true_de,100,77,133,4851,0.28506594165339055,0.26962140676496815
direct_source_expression,K562,PGAM1,top_true_de,100,145,262,4950,0.23344801671266094,0.19889200803064158
direct_source_expression,K562,PGD,top_true_de,100,98,107,4851,0.1809919121913356,0.15135296981222385
direct_source_expression,K562,PHAX,top_true_de,100,304,320,4851,0.6169297398981771,0.6067138986763526
direct_source_expression,K562,PHB2,top_true_de,100,292,133,4950,0.32092545865803,0.29984241491103214
direct_source_expression,K562,PMPCB,top_true_de,100,471,493,4950,0.7061188824458876,0.6764440645730696
direct_source_expression,K562,PNN,top_true_de,100,64,278,4950,0.17014811650742767,0.13911436301277108
direct_source_expression,K562,PNO1,top_true_de,100,114,157,4950,0.45752212739036413,0.43478642388123895
direct_source_expression,K562,POLA1,top_true_de,100,195,110,4950,0.35142670862385644,0.3416501398366333
direct_source_expression,K562,POLA2,top_true_de,100,212,68,4950,0.36269499450127024,0.3599849387780504
direct_source_expression,K562,POLD2,top_true_de,100,63,196,4950,0.1888621423883163,0.18858804490995718
direct_source_expression,K562,POLD3,top_true_de,100,65,119,4950,0.21761285163646832,0.19981177261910624
direct_source_expression,K562,POLR1B,top_true_de,100,174,48,4950,0.44931932280472686,0.40799048891570877
direct_source_expression,K562,POLR1C,top_true_de,100,161,177,4950,0.46973992865047765,0.4257337643706291
direct_source_expression,K562,POLR2A,top_true_de,100,264,20,4851,0.27858820555763136,0.24394921466493916
direct_source_expression,K562,POLR2D,top_true_de,100,182,67,4950,0.6972744117712927,0.6688849149631634
direct_source_expression,K562,POLR2F,top_true_de,100,209,145,4950,0.5244705450413261,0.507108726462158
direct_source_expression,K562,POLR2G,top_true_de,100,131,39,4851,0.40203443438376146,0.34063401256895404
direct_source_expression,K562,POLR2H,top_true_de,100,80,36,4950,0.4209273578760092,0.38719139325587176
direct_source_expression,K562,POLR2I,top_true_de,100,179,355,4950,0.47531369615551683,0.4957847640789866
direct_source_expression,K562,POLR2L,top_true_de,100,43,25,4851,0.4187011648785055,0.394935490410311
direct_source_expression,K562,POLR3D,top_true_de,100,108,121,4950,0.31957110658465415,0.27168395393861533
direct_source_expression,K562,POLR3E,top_true_de,100,192,165,4950,0.26818233619677884,0.2139136182382742
direct_source_expression,K562,POLR3F,top_true_de,100,156,129,4950,0.3625422217352718,0.2744680112387348
direct_source_expression,K562,POLRMT,top_true_de,100,208,460,4950,0.7229105527332762,0.6582086207417108
direct_source_expression,K562,POP4,top_true_de,100,116,245,4950,0.5720219571551238,0.5740043820663253
direct_source_expression,K562,POP5,top_true_de,100,50,318,4950,0.4231184227717793,0.38336719675619674
direct_source_expression,K562,POP7,top_true_de,100,196,225,4950,0.5486124791772842,0.4666044472616544
direct_source_expression,K562,PPARGC1B,top_true_de,100,129,77,4950,0.19824434298730395,0.13531951001356549
direct_source_expression,K562,PPIE,top_true_de,100,39,66,4950,0.2813417996192052,0.25331361220326826
direct_source_expression,K562,PPIH,top_true_de,100,93,137,4851,0.3062272297434597,0.26432499429708123
direct_source_expression,K562,PPIL4,top_true_de,100,69,191,4851,0.23271594146816213,0.24078987306052474
direct_source_expression,K562,PPP1R11,top_true_de,100,69,180,4950,0.15273376013959125,0.12840703581568014
direct_source_expression,K562,PPP1R8,top_true_de,100,64,293,4950,0.2515360263840266,0.1914071524877622
direct_source_expression,K562,PPP2R1A,top_true_de,100,301,806,4950,0.2917543046731614,0.22608382147865685
direct_source_expression,K562,PPP4R2,top_true_de,100,162,143,4851,0.24875089173254533,0.21466218708246956
direct_source_expression,K562,PRIM2,top_true_de,100,149,65,4950,0.33433057124197174,0.3424658164891918
direct_source_expression,K562,PRMT1,top_true_de,100,44,109,4950,0.23097220638172689,0.20295988540152204
direct_source_expression,K562,PRMT5,top_true_de,100,92,405,4950,0.18161523301804383,0.1584044675556884
direct_source_expression,K562,PRPF18,top_true_de,100,256,156,4950,0.6413683247779239,0.6351714399466442
direct_source_expression,K562,PRRC2A,top_true_de,100,82,288,4950,0.4624713388706278,0.34636673025956166
direct_source_expression,K562,PSMA2,top_true_de,100,38,44,4950,0.12598985775259783,0.11202040140205015
direct_source_expression,K562,PSMA3,top_true_de,100,194,73,4950,0.3882392418408178,0.38236528485102556
direct_source_expression,K562,PSMA6,top_true_de,100,18,40,4950,0.20317172720343382,0.1923494354967259
direct_source_expression,K562,PSMA7,top_true_de,100,22,25,4950,0.18634826975471408,0.1765682057511148
direct_source_expression,K562,PSMB2,top_true_de,100,46,118,4950,0.4441305028616167,0.41701925752985675
direct_source_expression,K562,PSMB3,top_true_de,100,19,72,4950,0.15524840475868423,0.14515181521985682
direct_source_expression,K562,PSMB6,top_true_de,100,77,171,4950,0.672996952463843,0.6596988372739473
direct_source_expression,K562,PSMC1,top_true_de,100,177,125,4950,0.6616697152706474,0.6397816562599297
direct_source_expression,K562,PSMC2,top_true_de,100,279,76,4950,0.631916661821129,0.622697194199735
direct_source_expression,K562,PSMC4,top_true_de,100,149,73,4950,0.43391168751382714,0.40456280509480796
direct_source_expression,K562,PSMC6,top_true_de,100,65,27,4851,0.4534111232163623,0.44856398320138585
direct_source_expression,K562,PSMD1,top_true_de,100,87,41,4950,0.4485068832266357,0.4121833914066306
direct_source_expression,K562,PSMD11,top_true_de,100,40,40,4950,0.5851764105388424,0.5743207520229349
direct_source_expression,K562,PSMD12,top_true_de,100,116,43,4950,0.6652044340617052,0.6512410503207212
direct_source_expression,K562,PSMD4,top_true_de,100,285,104,4950,0.46481216039121215,0.41115200668826757
direct_source_expression,K562,PSMD6,top_true_de,100,282,52,4950,0.6898557837790873,0.6954961731565716
direct_source_expression,K562,PTCD1,top_true_de,100,246,189,4950,0.36741895438064137,0.2996236297564933
direct_source_expression,K562,QARS,top_true_de,100,376,249,4851,0.53949037030007,0.52888342612662
direct_source_expression,K562,RABGGTA,top_true_de,100,114,597,4950,0.31144452497500014,0.28140959613461414
direct_source_expression,K562,RAD21,top_true_de,100,62,50,4851,0.5527668437634257,0.5372936045730405
direct_source_expression,K562,RAE1,top_true_de,100,51,66,4950,0.19281411996095793,0.16826213903052634
direct_source_expression,K562,RAN,top_true_de,100,79,106,4950,0.3212134503909488,0.2796517284859702
direct_source_expression,K562,RARS2,top_true_de,100,139,402,4851,0.4192635182799765,0.3907019296135486
direct_source_expression,K562,RBBP4,top_true_de,100,65,118,4950,0.23704118148569012,0.21408857013962435
direct_source_expression,K562,RBM17,top_true_de,100,50,72,4950,0.22378549700100622,0.13926418599922472
direct_source_expression,K562,RBM25,top_true_de,100,53,88,4950,0.4325800551836377,0.3797934419965601
direct_source_expression,K562,RBM28,top_true_de,100,55,213,4950,0.17125414059995306,0.14852229235883244
direct_source_expression,K562,RBM39,top_true_de,100,49,91,4950,0.4891179173805842,0.48053553023676915
direct_source_expression,K562,RBM42,top_true_de,100,68,129,4851,0.22663128651598502,0.18332781466447556
direct_source_expression,K562,RBM48,top_true_de,100,55,190,4950,0.1856184593348995,0.16172570711949405
direct_source_expression,K562,RBM8A,top_true_de,100,17,24,4950,0.4198654878565077,0.3979882006024253
direct_source_expression,K562,RBMX,top_true_de,100,110,23,4851,0.20234182171666848,0.18130990104759787
direct_source_expression,K562,RCL1,top_true_de,100,104,337,4950,0.47786728160170006,0.47228775515855936
direct_source_expression,K562,REXO2,top_true_de,100,65,27,4950,0.08354682708231058,0.06189948281428664
direct_source_expression,K562,RFC2,top_true_de,100,85,167,4851,0.4382318349869202,0.42346516259406447
direct_source_expression,K562,RFC4,top_true_de,100,58,102,4851,0.2992656485592949,0.2809240902912189
direct_source_expression,K562,RFC5,top_true_de,100,101,90,4950,0.19787728761271547,0.18118641897289614
direct_source_expression,K562,RINT1,top_true_de,100,143,233,4950,0.21418122208010854,0.18845559919864052
direct_source_expression,K562,RIOK2,top_true_de,100,161,86,4950,0.4008264878564728,0.38238605750030435
direct_source_expression,K562,RMI1,top_true_de,100,195,35,4851,0.2246055151152111,0.18946823178695132
direct_source_expression,K562,RNASEH2C,top_true_de,100,89,478,4851,0.28170273007743135,0.2590425516085311
direct_source_expression,K562,RNF113A,top_true_de,100,170,149,4950,0.7031288117458714,0.6957293784110705
direct_source_expression,K562,RNF20,top_true_de,100,118,302,4950,0.43739739835445063,0.37841003836656273
direct_source_expression,K562,RNMT,top_true_de,100,106,194,4950,0.6759823564879455,0.6302476951927278
direct_source_expression,K562,RNPS1,top_true_de,100,51,71,4950,0.09549594770901967,0.08279486648824404
direct_source_expression,K562,RPA1,top_true_de,100,337,98,4950,0.5220271197637163,0.5021805930897087
direct_source_expression,K562,RPAP1,top_true_de,100,88,198,4950,0.3223623639329264,0.31940963305601816
direct_source_expression,K562,RPAP2,top_true_de,100,373,51,4950,0.5022573985143682,0.4650440718002854
direct_source_expression,K562,RPL10,top_true_de,100,215,189,4950,0.4089515612170384,0.39038775195208375
direct_source_expression,K562,RPL11,top_true_de,100,315,121,4950,0.3069985319686911,0.26740644451792195
direct_source_expression,K562,RPL12,top_true_de,100,185,194,4950,0.4998988317410829,0.4775705204105049
direct_source_expression,K562,RPL14,top_true_de,100,189,123,4950,0.322844205676068,0.27706336753898475
direct_source_expression,K562,RPL17,top_true_de,100,134,176,4950,0.3269934240470659,0.2998521146514051
direct_source_expression,K562,RPL18,top_true_de,100,229,175,4950,0.3127086278708527,0.28693052583837436
direct_source_expression,K562,RPL19,top_true_de,100,226,47,4950,0.45004588442633475,0.44162799532975766
direct_source_expression,K562,RPL21,top_true_de,100,214,94,4950,0.3677554576590925,0.334703243324221
direct_source_expression,K562,RPL23A,top_true_de,100,84,160,4950,0.2720112673627447,0.2324360763563279
direct_source_expression,K562,RPL26,top_true_de,100,194,259,4950,0.4134200164655964,0.36702452589786355
direct_source_expression,K562,RPL32,top_true_de,100,158,245,4950,0.3963328913988376,0.37289012891742546
direct_source_expression,K562,RPL34,top_true_de,100,249,114,4950,0.4131154244012621,0.3799244809991656
direct_source_expression,K562,RPL35,top_true_de,100,36,209,4950,0.30472019387149757,0.3017951852275322
direct_source_expression,K562,RPL35A,top_true_de,100,97,367,4950,0.38775146296364477,0.3667600980024712
direct_source_expression,K562,RPL37A,top_true_de,100,295,197,4950,0.32705750423498237,0.29986964003759425
direct_source_expression,K562,RPL38,top_true_de,100,169,90,4950,0.28105479822095836,0.24786686545851108
direct_source_expression,K562,RPL39,top_true_de,100,31,225,4950,0.16612787878893923,0.13330697001126043
direct_source_expression,K562,RPL4,top_true_de,100,257,189,4950,0.38875846150210697,0.3687968226498781
direct_source_expression,K562,RPL5,top_true_de,100,154,152,4950,0.3211083759884919,0.29272005152196795
direct_source_expression,K562,RPL7,top_true_de,100,237,344,4950,0.4130338671095733,0.3828136836907199
direct_source_expression,K562,RPL9,top_true_de,100,180,144,4950,0.4482148851136545,0.4270983193109479
direct_source_expression,K562,RPLP0,top_true_de,100,136,233,4950,0.31650061270861085,0.29791881821746197
direct_source_expression,K562,RPLP1,top_true_de,100,96,22,4950,0.16813491244410167,0.12835549039922478
direct_source_expression,K562,RPP30,top_true_de,100,97,249,4950,0.5269781030474363,0.49343227992600036
direct_source_expression,K562,RPP38,top_true_de,100,49,43,4950,0.39555638896073453,0.34208151164375905
direct_source_expression,K562,RPS10,top_true_de,100,93,112,4950,0.5343623425262236,0.5073105462228628
direct_source_expression,K562,RPS11,top_true_de,100,233,98,4950,0.4645445949626533,0.41986917260227946
direct_source_expression,K562,RPS15,top_true_de,100,18,187,4950,0.34410953701100494,0.3370213826315875
direct_source_expression,K562,RPS15A,top_true_de,100,257,120,4950,0.4417681075780085,0.40158887763763484
direct_source_expression,K562,RPS19BP1,top_true_de,100,50,184,4950,0.34048723895653255,0.3221593460052108
direct_source_expression,K562,RPS2,top_true_de,100,50,234,4950,0.41434957788114135,0.3808542990334219
direct_source_expression,K562,RPS20,top_true_de,100,179,161,4950,0.4867595956868628,0.4691551423906894
direct_source_expression,K562,RPS24,top_true_de,100,213,165,4950,0.4391003872882067,0.4141391555055817
direct_source_expression,K562,RPS27,top_true_de,100,161,206,4950,0.5089140376287841,0.4941391069267396
direct_source_expression,K562,RPS27A,top_true_de,100,88,344,4950,0.4111990730468936,0.38430249964843716
direct_source_expression,K562,RPS28,top_true_de,100,262,85,4950,0.3507387361917085,0.33149875761528225
direct_source_expression,K562,RPS29,top_true_de,100,211,190,4950,0.5515222868441076,0.542169859094904
direct_source_expression,K562,RPS3,top_true_de,100,252,164,4950,0.48169519507707004,0.4582534674722299
direct_source_expression,K562,RPS3A,top_true_de,100,120,192,4950,0.4381979826442853,0.42265933411588547
direct_source_expression,K562,RPS4X,top_true_de,100,175,133,4950,0.40206776166901986,0.37221781307805674
direct_source_expression,K562,RPS6,top_true_de,100,165,230,4950,0.42346638979668483,0.3687713138108398
direct_source_expression,K562,RPSA,top_true_de,100,191,103,4950,0.3770883990966896,0.36188003631298127
direct_source_expression,K562,RPTOR,top_true_de,100,81,108,4950,0.3715506135172717,0.29149253373558487
direct_source_expression,K562,RRN3,top_true_de,100,38,188,4950,0.35650892744213597,0.33962322979728915
direct_source_expression,K562,RRP1,top_true_de,100,90,133,4851,0.33962884610032457,0.27619613230439494
direct_source_expression,K562,RRP12,top_true_de,100,191,217,4950,0.5296307822806731,0.49779655521518984
direct_source_expression,K562,RRP7A,top_true_de,100,40,178,4950,0.33536004963020827,0.3250479625846252
direct_source_expression,K562,RSL1D1,top_true_de,100,124,334,4950,0.2506986020259543,0.20058913174529663
direct_source_expression,K562,RSL24D1,top_true_de,100,116,81,4851,0.24471672930329044,0.19858556070938618
direct_source_expression,K562,RTF1,top_true_de,100,53,99,4950,0.3892864525658368,0.3660775140205952
direct_source_expression,K562,RUVBL1,top_true_de,100,171,159,4950,0.49377089782736266,0.4627884033008595
direct_source_expression,K562,SAMM50,top_true_de,100,94,114,4950,0.5875926628807391,0.5740474964318016
direct_source_expression,K562,SAP18,top_true_de,100,40,81,4851,0.5123122653827072,0.4784123660567003
direct_source_expression,K562,SARS2,top_true_de,100,150,222,4950,0.19927336274548105,0.13186419769351737
direct_source_expression,K562,SART3,top_true_de,100,142,740,4950,0.5800889267657692,0.5406997446062604
direct_source_expression,K562,SBNO1,top_true_de,100,127,274,4851,0.4192293428238687,0.33030393339329306
direct_source_expression,K562,SCAF1,top_true_de,100,158,217,4950,0.6226904604758421,0.6109284602630395
direct_source_expression,K562,SCFD1,top_true_de,100,103,108,4950,0.35044124346374356,0.3316470574423177
direct_source_expression,K562,SDAD1,top_true_de,100,210,228,4950,0.3271123014732745,0.254708653582517
direct_source_expression,K562,SDC1,top_true_de,100,170,137,4950,0.2871689583646326,0.22928309817036877
direct_source_expression,K562,SDE2,top_true_de,100,134,77,4851,0.3226499605122315,0.27847944776119793
direct_source_expression,K562,SDHC,top_true_de,100,91,143,4950,0.17788621000118046,0.15138294731290527
direct_source_expression,K562,SEC61A1,top_true_de,100,129,207,4851,0.6725910360629858,0.6727312490155136
direct_source_expression,K562,SEC61G,top_true_de,100,74,167,4950,0.3858503859703302,0.35291306612019324
direct_source_expression,K562,SETD1A,top_true_de,100,60,218,4950,0.3646985493829883,0.3536357124102716
direct_source_expression,K562,SETDB1,top_true_de,100,123,308,4950,0.16670166413139376,0.1430973616696044
direct_source_expression,K562,SF1,top_true_de,100,18,56,4950,0.2448488120076401,0.2171137173074518
direct_source_expression,K562,SF3A2,top_true_de,100,236,363,4950,0.6066496284748784,0.6156815610002584
direct_source_expression,K562,SF3B5,top_true_de,100,55,156,4950,0.6298143014979392,0.6000588481718834
direct_source_expression,K562,SFPQ,top_true_de,100,185,128,4950,0.36914313247590974,0.37204425324250806
direct_source_expression,K562,SFSWAP,top_true_de,100,145,110,4851,0.3027150063347036,0.24904737248747344
direct_source_expression,K562,SKA3,top_true_de,100,109,120,4950,0.22485819063092582,0.14627318764259079
direct_source_expression,K562,SLBP,top_true_de,100,63,157,4851,0.25921991348369783,0.23884569275325046
direct_source_expression,K562,SLC39A9,top_true_de,100,724,184,4950,0.3658514158383606,0.3527004301961942
direct_source_expression,K562,SLC7A6OS,top_true_de,100,36,206,4950,0.26850236031883473,0.278010554141783
direct_source_expression,K562,SLU7,top_true_de,100,195,406,4950,0.7500861380465073,0.7417103471277715
direct_source_expression,K562,SMC1A,top_true_de,100,156,201,4851,0.5014288847410296,0.48948865354755405
direct_source_expression,K562,SMC3,top_true_de,100,42,21,4851,0.253001675512575,0.22491420356050829
direct_source_expression,K562,SMC4,top_true_de,100,169,64,4851,0.3377400136755234,0.32471490916823575
direct_source_expression,K562,SMG5,top_true_de,100,82,822,4950,0.5129145856780054,0.4623551444382233
direct_source_expression,K562,SMN2,top_true_de,100,319,870,4950,0.7657183579688304,0.7147989800278466
direct_source_expression,K562,SMU1,top_true_de,100,101,77,4851,0.20393615180853777,0.19682698463559217
direct_source_expression,K562,SNAPC1,top_true_de,100,96,147,4950,0.5122415000128242,0.511366691654965
direct_source_expression,K562,SNIP1,top_true_de,100,43,113,4950,0.40312205027636744,0.38524177987153896
direct_source_expression,K562,SNRNP200,top_true_de,100,92,207,4950,0.6034513961786432,0.5972908988638755
direct_source_expression,K562,SNRNP70,top_true_de,100,85,96,4851,0.3920015964600452,0.38373301784146746
direct_source_expression,K562,SNRPB,top_true_de,100,120,97,4950,0.697886359791067,0.620195507701999
direct_source_expression,K562,SNRPC,top_true_de,100,28,218,4950,0.3300347566404117,0.3341874589026922
direct_source_expression,K562,SNRPD1,top_true_de,100,113,88,4950,0.523397469387893,0.48397800270383545
direct_source_expression,K562,SNRPD3,top_true_de,100,120,89,4950,0.6085969265238838,0.5591386145650866
direct_source_expression,K562,SNRPF,top_true_de,100,92,86,4950,0.6649620189615991,0.6356244651542758
direct_source_expression,K562,SNW1,top_true_de,100,115,88,4950,0.6116574255507459,0.6106928933446685
direct_source_expression,K562,SPC24,top_true_de,100,95,69,4950,0.3901682012733825,0.36690452784700306
direct_source_expression,K562,SPCS3,top_true_de,100,115,277,4851,0.3684996462411869,0.3283170578671091
direct_source_expression,K562,SRBD1,top_true_de,100,143,189,4950,0.559519132120898,0.5523654248120122
direct_source_expression,K562,SRRM1,top_true_de,100,136,151,4950,0.27667041459145214,0.21341894345082305
direct_source_expression,K562,SRRM2,top_true_de,100,146,135,4950,0.19409644722080557,0.14277935388376406
direct_source_expression,K562,SRSF1,top_true_de,100,117,90,4950,0.3235806926153622,0.2878946197580611
direct_source_expression,K562,SRSF10,top_true_de,100,120,172,4950,0.1783803521577083,0.1604520525919343
direct_source_expression,K562,SRSF3,top_true_de,100,15,25,4950,0.2690031361338017,0.2668281796914104
direct_source_expression,K562,SRSF7,top_true_de,100,100,189,4950,0.22203755748517934,0.17231443347633207
direct_source_expression,K562,SS18L2,top_true_de,100,130,34,4851,0.22163891472762076,0.1863608430490041
direct_source_expression,K562,SSBP1,top_true_de,100,115,38,4950,0.5146588274839778,0.45155347426052944
direct_source_expression,K562,SSU72,top_true_de,100,55,627,4950,0.31997914496230373,0.29970943829530244
direct_source_expression,K562,STARD7,top_true_de,100,98,23,4950,0.27418594242551725,0.20956871710155445
direct_source_expression,K562,STRAP,top_true_de,100,91,197,4950,0.22148220886805983,0.16841867094305915
direct_source_expression,K562,SUGP1,top_true_de,100,146,122,4950,0.3680681395830135,0.29776998422104045
direct_source_expression,K562,SUPT16H,top_true_de,100,82,114,4950,0.4672452650872282,0.4626534466273555
direct_source_expression,K562,SUPT5H,top_true_de,100,367,77,4950,0.5508198725294509,0.5461562063279315
direct_source_expression,K562,SUPV3L1,top_true_de,100,74,96,4950,0.369109775411618,0.300306407064352
direct_source_expression,K562,SURF6,top_true_de,100,113,224,4851,0.43063612721857936,0.34014774066836473
direct_source_expression,K562,TADA3,top_true_de,100,139,185,4851,0.43336312725513676,0.3884314030123238
direct_source_expression,K562,TAF10,top_true_de,100,38,187,4950,0.385837946902998,0.3678689373807557
direct_source_expression,K562,TAF1C,top_true_de,100,128,127,4950,0.4250592086939845,0.3440784024321417
direct_source_expression,K562,TAF6,top_true_de,100,111,211,4950,0.4555390806183501,0.4096681238080814
direct_source_expression,K562,TAF7,top_true_de,100,84,177,4851,0.39145528604455426,0.3505359963700208
direct_source_expression,K562,TBCB,top_true_de,100,97,122,4851,0.22853830942691564,0.20245449179578345
direct_source_expression,K562,TBL3,top_true_de,100,70,47,4950,0.3820720402099384,0.3622909893741239
direct_source_expression,K562,TCERG1,top_true_de,100,93,154,4950,0.1389377082335407,0.11169640921734206
direct_source_expression,K562,TCOF1,top_true_de,100,86,177,4950,0.3874419742628187,0.3441812076293758
direct_source_expression,K562,TELO2,top_true_de,100,73,143,4950,0.2907950550289399,0.2672593182013678
direct_source_expression,K562,TERF2,top_true_de,100,47,223,4851,0.41454829055357245,0.4204050631564786
direct_source_expression,K562,THAP11,top_true_de,100,60,392,4950,0.10453805396875093,0.07552323040910061
direct_source_expression,K562,THOC6,top_true_de,100,115,156,4950,0.15043600843194083,0.12057508840344416
direct_source_expression,K562,THOC7,top_true_de,100,104,430,4950,0.3313189747541983,0.334499928601593
direct_source_expression,K562,TIMM13,top_true_de,100,162,222,4950,0.27783911160249253,0.20312356265820442
direct_source_expression,K562,TIMM23B,top_true_de,100,480,847,4950,0.6942466167142775,0.6812936652508443
direct_source_expression,K562,TIMM44,top_true_de,100,38,188,4950,0.31463727695515975,0.3312041539480969
direct_source_expression,K562,TIMM9,top_true_de,100,183,68,4950,0.36004438549085965,0.315360392646258
direct_source_expression,K562,TMX2,top_true_de,100,94,404,4950,0.3531029778771117,0.38127295505654335
direct_source_expression,K562,TOMM22,top_true_de,100,89,261,4950,0.6206346278970684,0.5930340959025517
direct_source_expression,K562,TOP1,top_true_de,100,91,165,4851,0.33056932244373893,0.27775503124215595
direct_source_expression,K562,TPR,top_true_de,100,68,206,4950,0.23703694383194276,0.23071943641340417
direct_source_expression,K562,TPX2,top_true_de,100,212,120,4851,0.4471362580616712,0.42764699253886723
direct_source_expression,K562,TRA2B,top_true_de,100,139,207,4950,0.23918011695446798,0.17537155502037366
direct_source_expression,K562,TREX2,top_true_de,100,275,384,4950,0.42928118153014416,0.3888496639885711
direct_source_expression,K562,TRMT10C,top_true_de,100,67,74,4851,0.38263643947028053,0.2816695725390802
direct_source_expression,K562,TRMT112,top_true_de,100,150,332,4950,0.5765745522913118,0.5521100977817763
direct_source_expression,K562,TRMT5,top_true_de,100,93,177,4950,0.49499732294595694,0.484403829300444
direct_source_expression,K562,TSEN2,top_true_de,100,168,256,4950,0.6308648171640584,0.5789527266116196
direct_source_expression,K562,TSG101,top_true_de,100,83,84,4950,0.6144544693818521,0.5932948169651567
direct_source_expression,K562,TSR1,top_true_de,100,109,599,4950,0.6327716358036687,0.5878321706918732
direct_source_expression,K562,TTI1,top_true_de,100,146,236,4950,0.22625805247115274,0.1894025506244374
direct_source_expression,K562,TTK,top_true_de,100,185,148,4950,0.5079495677485708,0.45870422698641067
direct_source_expression,K562,TUBGCP2,top_true_de,100,226,211,4950,0.2994996404207676,0.26899368863015427
direct_source_expression,K562,TXNL4A,top_true_de,100,66,46,4950,0.15791461924606434,0.13734098416952192
direct_source_expression,K562,U2AF1,top_true_de,100,141,113,4950,0.6711016377840995,0.6748345618530458
direct_source_expression,K562,U2SURP,top_true_de,100,263,104,4950,0.5592734256019847,0.5088069593772183
direct_source_expression,K562,UBA1,top_true_de,100,251,95,4950,0.15728534876516756,0.13669799580257283
direct_source_expression,K562,UBA3,top_true_de,100,94,92,4851,0.16089644860026958,0.13027261578717517
direct_source_expression,K562,UBA52,top_true_de,100,44,393,4950,0.3231098477716405,0.31466340775850626
direct_source_expression,K562,UBAP1,top_true_de,100,102,101,4950,0.4566162100212521,0.44123636625922524
direct_source_expression,K562,UBL5,top_true_de,100,198,213,4950,0.6467831749716016,0.6481440798789914
direct_source_expression,K562,UBQLN4,top_true_de,100,145,184,4950,0.42725291094090584,0.3955587698391189
direct_source_expression,K562,UFM1,top_true_de,100,119,133,4851,0.24050432066233943,0.18610680610228952
direct_source_expression,K562,UPF1,top_true_de,100,115,78,4950,0.25446317420749565,0.19178631717721872
direct_source_expression,K562,UPF2,top_true_de,100,133,189,4851,0.34951639115760663,0.2696581031771112
direct_source_expression,K562,UQCC2,top_true_de,100,83,30,4950,0.20699449961011454,0.15544602269987134
direct_source_expression,K562,UQCRB,top_true_de,100,93,175,4950,0.28792898841428005,0.20839268695149676
direct_source_expression,K562,UQCRFS1,top_true_de,100,114,92,4950,0.2827604663947947,0.2315502213826756
direct_source_expression,K562,UQCRQ,top_true_de,100,148,168,4950,0.4395166012068757,0.35004743406092176
direct_source_expression,K562,USP36,top_true_de,100,151,42,4950,0.4958992642590479,0.3701317374718687
direct_source_expression,K562,USP39,top_true_de,100,166,157,4950,0.639588626263393,0.6355734443101645
direct_source_expression,K562,USPL1,top_true_de,100,96,68,4950,0.2611335135577049,0.213751281005701
direct_source_expression,K562,UTP20,top_true_de,100,92,211,4950,0.4930321617070122,0.46892285380212173
direct_source_expression,K562,UTP23,top_true_de,100,160,308,4950,0.5620373029313445,0.528794780755492
direct_source_expression,K562,UXT,top_true_de,100,206,155,4851,0.32927594581436925,0.28890671021346687
direct_source_expression,K562,VPS54,top_true_de,100,306,230,4950,0.5603027776755499,0.5279497616907886
direct_source_expression,K562,WAC,top_true_de,100,93,162,4950,0.24815548757923062,0.1444711272969019
direct_source_expression,K562,WBP11,top_true_de,100,205,148,4950,0.5269775639372275,0.5286241833388652
direct_source_expression,K562,WDHD1,top_true_de,100,175,153,4950,0.20093515732035655,0.18141760172497035
direct_source_expression,K562,WDR12,top_true_de,100,174,250,4950,0.24768882556023075,0.21314647808211745
direct_source_expression,K562,WDR24,top_true_de,100,78,44,4950,0.2889226126917711,0.2686893118101706
direct_source_expression,K562,WDR33,top_true_de,100,79,113,4950,0.44540232849681416,0.4300374449252063
direct_source_expression,K562,WDR61,top_true_de,100,98,117,4950,0.16103451488241938,0.15255758490246854
direct_source_expression,K562,WDR82,top_true_de,100,86,34,4851,0.1385475849920341,0.11360477644870946
direct_source_expression,K562,WDTC1,top_true_de,100,107,70,4950,0.1973000301797563,0.15153060898610848
direct_source_expression,K562,XRCC5,top_true_de,100,77,163,4950,0.4704595513069757,0.4295019450131114
direct_source_expression,K562,XRN2,top_true_de,100,57,75,4950,0.13792442539458646,0.1102599309762179
direct_source_expression,K562,YEATS2,top_true_de,100,233,213,4950,0.5702136061415779,0.4366458197268825
direct_source_expression,K562,YTHDC1,top_true_de,100,157,233,4851,0.6588806255151521,0.6124817180592672
direct_source_expression,K562,ZBTB17,top_true_de,100,158,800,4950,0.30377811152130674,0.2006367991652235
direct_source_expression,K562,ZC3H18,top_true_de,100,23,105,4950,0.08881070230288607,0.06851516521938138
direct_source_expression,K562,ZCRB1,top_true_de,100,141,215,4851,0.20649928928334418,0.15342547292808761
direct_source_expression,K562,ZFC3H1,top_true_de,100,105,204,4851,0.198786664444879,0.16673394536699168
direct_source_expression,K562,ZMAT2,top_true_de,100,348,398,4950,0.5522700205536415,0.5538014441760087
direct_source_expression,K562,ZMAT5,top_true_de,100,98,115,4950,0.2468539092915032,0.20426319805423132
direct_source_expression,K562,ZNF236,top_true_de,100,85,766,4950,0.5026679768601036,0.46364975099070493
direct_source_expression,K562,ZNF574,top_true_de,100,266,216,4950,0.33566375674405335,0.25676203097784944
direct_source_expression,K562,ZNHIT6,top_true_de,100,116,132,4950,0.5985627259797401,0.5405836756042348
