model,condition,n_test_cells,n_pred_cells,pra_all_genes,pra_top100_true_de,pra_nonzero_genes,true_range_mean,pred_range_mean,range_width_ratio
Scouter_GenePTv1_official40_fixed2000,SMG5,82,2000,0.09582302123127587,0.12875568614726124,0.09582302123127587,0.38149078354790816,0.04200416508887895,0.11010531787211794
Scouter_GenePTv1_official40_fixed2000,HNRNPH1,92,2000,0.08629331830680396,0.1667206487030402,0.08629331830680396,0.41041749200284494,0.043463513515880334,0.10590073109401424
Scouter_GenePTv1_official40_fixed2000,RPL10A,195,2000,0.08939109663608277,0.17118890586337734,0.08939109663608277,0.42782846406906827,0.043011520689213656,0.1005344975759372
Scouter_GenePTv1_official40_fixed2000,EIF3E,171,2000,0.09802384720868844,0.17621652366157609,0.09802384720868844,0.36944826282262805,0.042794891131212945,0.11583459520396447
Scouter_GenePTv1_official40_fixed2000,MRPS14,82,2000,0.08081064324859692,0.17000024143455097,0.08082680861031899,0.4038558368173243,0.040665432231901215,0.1006929392068338
Scouter_GenePTv1_official40_fixed2000,EIF3M,209,2000,0.09429398686869367,0.20646961346605988,0.09429398686869367,0.38692214115023627,0.042554206222281794,0.10998131302583039
Scouter_GenePTv1_official40_fixed2000,RPL13,243,2000,0.08840155300275135,0.16705666143187303,0.08840155300275135,0.42533058647215377,0.04208727978635115,0.09895192148281434
Scouter_GenePTv1_official40_fixed2000,SNAPC3,201,2000,0.08958667203816856,0.15931847908225666,0.08958667203816856,0.4018548103570938,0.04218274086486083,0.10497010046408467
Scouter_GenePTv1_official40_fixed2000,NBAS,94,2000,0.09033360673479623,0.15679478196352664,0.09035167707021027,0.39591013105601075,0.0434032804814633,0.10962912029910063
Scouter_GenePTv1_official40_fixed2000,ELP5,167,2000,0.09688895537497307,0.18414749107826522,0.09688895537497307,0.3807664372265339,0.04322044840777293,0.11350907813066646
Scouter_GenePTv1_official40_fixed2000,RPS6,165,2000,0.08371283367524758,0.19802608614426156,0.0837295795911658,0.4537977815216778,0.042998513839226225,0.09475258505565512
Scouter_GenePTv1_official40_fixed2000,SEC13,43,2000,0.08288246755381723,0.16492528945568377,0.08304856468318361,0.39594405584692977,0.041775442341606836,0.10550844410876217
Scouter_GenePTv1_official40_fixed2000,SFSWAP,145,2000,0.09156074576406813,0.1585142945349703,0.09157906157638339,0.4034101789718865,0.04411929323017598,0.10936583764187134
Scouter_GenePTv1_official40_fixed2000,SLU7,195,2000,0.07867953726786105,0.11265354764527405,0.07869527632312567,0.43211616158425803,0.043541859969223155,0.10076424543332084
Scouter_GenePTv1_official40_fixed2000,POLA1,195,2000,0.09855555032388125,0.17047667421047247,0.09857526537695663,0.40227915850728746,0.04388190824213438,0.10908322298906074
Scouter_GenePTv1_official40_fixed2000,GFER,198,2000,0.09620716987704084,0.1771669495264625,0.09620716987704084,0.39187819671720275,0.04283878984235577,0.10931659150229348
Scouter_GenePTv1_official40_fixed2000,C1QBP,189,2000,0.09276627491860728,0.18361458597060107,0.09276627491860728,0.40718417822301406,0.04393875281761401,0.10790878940895621
Scouter_GenePTv1_official40_fixed2000,SNRNP200,92,2000,0.08080943965956068,0.153765086139056,0.08080943965956068,0.444089154725969,0.04486127870320344,0.1010186292901014
Scouter_GenePTv1_official40_fixed2000,NUDC,106,2000,0.0889459565323742,0.16228053376141205,0.0889459565323742,0.40351078696548937,0.043094906690421056,0.10679988494609424
Scouter_GenePTv1_official40_fixed2000,PCF11,393,2000,0.0796062117101514,0.13861138405461398,0.07962213613737888,0.42466914366424097,0.04272604165879545,0.10061018392820738
Scouter_GenePTv1_official40_fixed2000,PSMA3,194,2000,0.09026462402493499,0.170740784272041,0.0902826805610472,0.4287904135641457,0.046451027846043,0.10833037608428321
Scouter_GenePTv1_official40_fixed2000,RPS26,73,2000,0.0851976541163958,0.18454139201288305,0.08521469705580695,0.43635624497950076,0.04260393806389767,0.09763567630283913
Scouter_GenePTv1_official40_fixed2000,GRPEL1,96,2000,0.08428495511269134,0.1654068258501539,0.08428495511269134,0.42280182600915434,0.04248714013382211,0.10048948825497106
Scouter_GenePTv1_official40_fixed2000,PHF5A,197,2000,0.09096523829389098,0.1813663897597165,0.09096523829389098,0.4156125013226272,0.04448929368034937,0.10704512609297678
Scouter_GenePTv1_official40_fixed2000,ZNHIT6,116,2000,0.09373331962482338,0.19042759032575077,0.09373331962482338,0.40017355703115465,0.043414044120977636,0.10848803543687764
Scouter_GenePTv1_official40_fixed2000,SRBD1,143,2000,0.09707943567584135,0.1664100139039611,0.09707943567584135,0.40210668924808496,0.04213880854581483,0.10479509201068234
Scouter_GenePTv1_official40_fixed2000,MFAP1,164,2000,0.08041063190179175,0.1445571791074442,0.08041063190179175,0.44429291168153306,0.04332047075064388,0.0975043009613729
Scouter_GenePTv1_official40_fixed2000,RPS19,410,2000,0.08616354141583502,0.18849570843080987,0.08616354141583502,0.4482168412372471,0.04319451420127444,0.09636967927921794
Scouter_GenePTv1_official40_fixed2000,ARGLU1,367,2000,0.0891050794943116,0.1592879000351087,0.0891050794943116,0.3896749870151283,0.04003220518159448,0.10273229098155433
Scouter_GenePTv1_official40_fixed2000,GTF2E2,69,2000,0.08863580366496746,0.17545136241470302,0.08865353437184183,0.4099177398693562,0.04205109007256106,0.10258421375010732
Scouter_GenePTv1_official40_fixed2000,DYNLRB1,192,2000,0.0900966081654709,0.16134180435618398,0.09011463109168921,0.41925717369586235,0.04369966795435874,0.10423117278309861
Scouter_GenePTv1_official40_fixed2000,TSR2,486,2000,0.07946361874779544,0.10114071187536056,0.07946361874779544,0.4412906879067421,0.04082744616200799,0.0925182569124447
Scouter_GenePTv1_official40_fixed2000,COG2,332,2000,0.08875987198769293,0.14690039772325003,0.08877762751319555,0.3958159868058564,0.040558152195522564,0.10246718809451229
Scouter_GenePTv1_official40_fixed2000,SFPQ,185,2000,0.07373616908219999,0.11212907845401605,0.07373616908219999,0.418454413588643,0.04413015932573938,0.10545989440685433
Scouter_GenePTv1_official40_fixed2000,MRPL18,128,2000,0.08892263161685544,0.17983911952675957,0.08892263161685544,0.38681069228515025,0.04085011963199824,0.10560752169127997
Scouter_GenePTv1_official40_fixed2000,NAA15,107,2000,0.0846836073891847,0.16334526378204875,0.0846836073891847,0.4090786804240943,0.04061516610949999,0.09928448257080809
Scouter_GenePTv1_official40_fixed2000,DONSON,688,2000,0.08826181305050519,0.12038835883855561,0.08826181305050519,0.40910893021762385,0.04231998513412895,0.10344429313037501
Scouter_GenePTv1_official40_fixed2000,RARS2,139,2000,0.08958780277008929,0.16059363472459734,0.08960572391487227,0.3878871930593253,0.04067679792657961,0.10486759451138251
Scouter_GenePTv1_official40_fixed2000,RPF1,108,2000,0.09424254324712888,0.18335825057399432,0.09424254324712888,0.3953925149862468,0.04206835434564157,0.10639643313212577
Scouter_GenePTv1_official40_fixed2000,ZBTB17,158,2000,0.0879765466509973,0.15807390544898137,0.08799414548009331,0.40444411405295144,0.041980367333260375,0.10379769376440276
Scouter_GenePTv1_official40_fixed2000,DPH2,161,2000,0.09119812146277398,0.16577325804673063,0.09119812146277398,0.3851872683763504,0.04230131392660318,0.10982012205832077
Scouter_GenePTv1_official40_fixed2000,TAF10,38,2000,0.08277981794838121,0.18967451776555191,0.08321252306833657,0.43234997107416423,0.04277124271071983,0.09892736112640875
Scouter_GenePTv1_official40_fixed2000,XPO1,139,2000,0.07923077295267478,0.1483151841823011,0.07923077295267478,0.4357036053001881,0.042844210148472346,0.09833338224415199
Scouter_GenePTv1_official40_fixed2000,NUP54,266,2000,0.08873890442149172,0.18056068459129154,0.08873890442149172,0.40148584032952783,0.04227535457572901,0.10529724656804376
Scouter_GenePTv1_official40_fixed2000,SSRP1,440,2000,0.07914795568587243,0.1456453417886952,0.07914795568587243,0.4384930168442429,0.043646290033080154,0.0995370219389686
Scouter_GenePTv1_official40_fixed2000,SON,238,2000,0.07916582343700007,0.10319453750656157,0.07916582343700007,0.45008554987072946,0.04214051592647099,0.09362778921095426
Scouter_GenePTv1_official40_fixed2000,BGLAP,236,2000,0.08356340731354023,0.13642571124498035,0.08356340731354023,0.42116946936249733,0.040142771749430116,0.0953126323640359
Scouter_GenePTv1_official40_fixed2000,PSMD7,175,2000,0.07969953983262851,0.16831571394524678,0.07969953983262851,0.4897535171383619,0.04884457959123888,0.09973298176460021
Scouter_GenePTv1_official40_fixed2000,SUGT1,94,2000,0.1010866505084377,0.16328068810466678,0.1010866505084377,0.378224865693152,0.0446591721439641,0.11807571371956878
Scouter_GenePTv1_official40_fixed2000,CENPE,171,2000,0.09489099347629908,0.16459868845560904,0.09490997547139333,0.4030740082383156,0.04380457106548595,0.1086762457598711
Scouter_GenePTv1_official40_fixed2000,MZT1,381,2000,0.09204396227274533,0.16489710980239852,0.09204396227274533,0.3956963139593601,0.04158769812163082,0.10510003657729729
Scouter_GenePTv1_official40_fixed2000,NFRKB,223,2000,0.08616123970307776,0.1637628961036407,0.08616123970307776,0.4081166417750716,0.04189346822143067,0.10265072017820956
Scouter_GenePTv1_official40_fixed2000,RPS14,156,2000,0.09015387403389767,0.18505979078434895,0.09015387403389767,0.4271428500935435,0.043176883763014345,0.10108300476697347
Scouter_GenePTv1_official40_fixed2000,SNRPG,325,2000,0.08915946175881015,0.16368790635523145,0.08915946175881015,0.42952218293607247,0.04417770846859087,0.10285314518117582
Scouter_GenePTv1_official40_fixed2000,MRPL38,132,2000,0.08404990937125623,0.16048321235484866,0.08404990937125623,0.39006533675611027,0.03945676550171804,0.10115424461529653
Scouter_GenePTv1_official40_fixed2000,MAGOH,149,2000,0.09115453442852586,0.1470640629153785,0.09115453442852586,0.413182499676347,0.04293710878661369,0.10391802116756363
Scouter_GenePTv1_official40_fixed2000,DNTTIP2,235,2000,0.08379277046738384,0.11553932097186881,0.08379277046738384,0.43496005176007746,0.04229315115461127,0.09723456214225948
Scouter_GenePTv1_official40_fixed2000,U2AF1,141,2000,0.08928740082316212,0.15348409670124033,0.08928740082316212,0.420098631221056,0.04433942008193583,0.10554525944920735
Scouter_GenePTv1_official40_fixed2000,NOL6,107,2000,0.08946742704050913,0.20103162821780585,0.08946742704050913,0.4252839975506068,0.04308256319222041,0.1013030408558069
Scouter_GenePTv1_official40_fixed2000,SF3A2,236,2000,0.09281785452119576,0.16585195274737552,0.09281785452119576,0.42184059628397225,0.0452685770797066,0.10731204252355203
Scouter_GenePTv1_official40_fixed2000,TXN,81,2000,0.09520592871168576,0.1728859574877818,0.09520592871168576,0.3783483798742294,0.0408455861608917,0.10795760535539636
Scouter_GenePTv1_official40_fixed2000,ORC5,89,2000,0.09442817543690253,0.15711011643059158,0.0944470648498725,0.3805908186483384,0.04185818794249558,0.10998212461176271
Scouter_GenePTv1_official40_fixed2000,DDX49,41,2000,0.08313237100899601,0.19564190325025288,0.08338251856469008,0.38321426654458046,0.041768870845539506,0.10899612410624897
Scouter_GenePTv1_official40_fixed2000,ANKRD11,184,2000,0.0989319402643679,0.17713477704707623,0.09895173061049001,0.354242490489781,0.04121637250134722,0.1163507270989812
Scouter_GenePTv1_official40_fixed2000,CCDC86,235,2000,0.09481716055957613,0.18526175527712688,0.09483612778513316,0.3874881085300445,0.04166307903854875,0.10752092011646633
Scouter_GenePTv1_official40_fixed2000,RPS21,63,2000,0.08761929161822436,0.20751737728617356,0.08765435335956821,0.4056592321473361,0.043094200371719196,0.1062325121538025
Scouter_GenePTv1_official40_fixed2000,POLE,154,2000,0.09190562264227156,0.15203609567990925,0.09190562264227156,0.4110071186682584,0.04222392307780916,0.10273282415957781
Scouter_GenePTv1_official40_fixed2000,TRMT10C,67,2000,0.09269726265998815,0.17202246422409226,0.09273435640254916,0.37729951485425234,0.040350350682408324,0.10694514046365505
Scouter_GenePTv1_official40_fixed2000,VPS29,146,2000,0.0881052854231781,0.1585409600420563,0.08812291000517912,0.3999026525333524,0.044409099573164725,0.11104977219165414
Scouter_GenePTv1_official40_fixed2000,CWC15,144,2000,0.09193301969949737,0.13629631497333075,0.09195140998149366,0.3813647463910284,0.044224909112732864,0.11596485614257263
Scouter_GenePTv1_official40_fixed2000,CHMP6,620,2000,0.09710217697848701,0.16842603818106267,0.09712160129874675,0.4110805049903692,0.04608882781448309,0.11211630358000028
Scouter_GenePTv1_official40_fixed2000,RBX1,41,2000,0.08415985289031438,0.14935599164457977,0.08437923891148423,0.3988739547789097,0.04228257763138041,0.10600485708516237
Scouter_GenePTv1_official40_fixed2000,BRIX1,95,2000,0.07678686666573735,0.14348464091135885,0.07678686666573735,0.4378607983720304,0.040875824581392814,0.09335346712890204
Scouter_GenePTv1_official40_fixed2000,PTCD1,246,2000,0.09272626774745109,0.15411839694119633,0.09272626774745109,0.38484603805541995,0.042988993939915676,0.11170439233333383
Scouter_GenePTv1_official40_fixed2000,HIRA,228,2000,0.09754953108837959,0.1724839194417461,0.09754953108837959,0.38433348453447236,0.042942272318415346,0.11173179785027476
Scouter_GenePTv1_official40_fixed2000,POP4,116,2000,0.088500785903625,0.18999115193627308,0.088500785903625,0.4057025203838944,0.041718841735981414,0.10283111050972525
Scouter_GenePTv1_official40_fixed2000,DYNC1H1,217,2000,0.09145316664749115,0.1529930017841868,0.0914714609396791,0.4235296136718989,0.04297898767483422,0.10147811457016122
Scouter_GenePTv1_official40_fixed2000,POLR3B,109,2000,0.08889707058776022,0.17865384779834415,0.08889707058776022,0.3976063604837657,0.04307452967274003,0.1083346064609867
Scouter_GenePTv1_official40_fixed2000,DNAJC8,260,2000,0.09471471005567543,0.1531051617824265,0.09471471005567543,0.3950580470976233,0.04580170719758143,0.11593664873986688
Scouter_GenePTv1_official40_fixed2000,QARS,376,2000,0.07644331849552245,0.15336912810241593,0.07645861021756598,0.43227349219173195,0.040614048153376214,0.09395451709959805
Scouter_GenePTv1_official40_fixed2000,WBP11,205,2000,0.08611811825579649,0.1400227038844367,0.08611811825579649,0.4206666050851345,0.04231551341388841,0.10059156561621749
Scouter_GenePTv1_official40_fixed2000,MCM10,190,2000,0.09550410142864875,0.1545666174168695,0.09552320606986273,0.3967743424931168,0.0419522782502207,0.10573334185189927
Scouter_GenePTv1_official40_fixed2000,PSMD1,87,2000,0.09910960303816041,0.21412083186472614,0.09910960303816041,0.42615238853394993,0.04997928107582034,0.11728029983583135
Scouter_GenePTv1_official40_fixed2000,MED20,78,2000,0.08270718460521943,0.21434376300821306,0.08274028071750644,0.46188500939279786,0.04726551986391191,0.10233178795460393
Scouter_GenePTv1_official40_fixed2000,DERL2,122,2000,0.08197213499904762,0.13321980885193793,0.08198853270558874,0.41740469678282743,0.041552237265418526,0.09954903859538375
Scouter_GenePTv1_official40_fixed2000,VPS54,306,2000,0.09603525612491087,0.1743893255866559,0.09605446701831452,0.40096455988809465,0.04374557321435191,0.10910084456230354
Scouter_GenePTv1_official40_fixed2000,WDR12,174,2000,0.09320190307888156,0.17576082257798725,0.09320190307888156,0.39230426472738406,0.04204857203319204,0.10718356832183894
Scouter_GenePTv1_official40_fixed2000,OXA1L,305,2000,0.08528403214993206,0.18718611076340586,0.08528403214993206,0.40323427418053165,0.0412054193642363,0.10218729155923721
Scouter_GenePTv1_official40_fixed2000,SART3,142,2000,0.09048868264698572,0.16805275281956672,0.09048868264698572,0.3804519703149796,0.04387203485583886,0.11531556444920278
Scouter_GenePTv1_official40_fixed2000,TEX10,153,2000,0.09355302501770993,0.18292925856180875,0.09355302501770993,0.38262425104796904,0.04100121844170616,0.10715791604381797
Scouter_GenePTv1_official40_fixed2000,GTF2E1,176,2000,0.08790384136680911,0.17477386089113942,0.08790384136680911,0.4152714418709278,0.04268100715698675,0.10277857282193481
Scouter_GenePTv1_official40_fixed2000,DDX54,68,2000,0.09720859808215773,0.1834533534286868,0.09720859808215773,0.3821444989299775,0.04184392739478267,0.10949765446570886
Scouter_GenePTv1_official40_fixed2000,E4F1,130,2000,0.08698203718480002,0.14675103941226456,0.08698203718480002,0.3900539192762972,0.04386998544035713,0.1124715895613541
Scouter_GenePTv1_official40_fixed2000,RIOK1,290,2000,0.08653364428129057,0.19625729298050704,0.08653364428129057,0.42161439740747225,0.041754138602265164,0.09903394634688463
Scouter_GenePTv1_official40_fixed2000,EBNA1BP2,68,2000,0.10009938570839264,0.18851444674121662,0.10009938570839264,0.37901055185675625,0.04259303568677512,0.11237954815325908
Scouter_GenePTv1_official40_fixed2000,EIF5A,100,2000,0.09200917497731192,0.14744655890566977,0.09200917497731192,0.3910980868925156,0.04284207906660159,0.10954305174841023
Scouter_GenePTv1_official40_fixed2000,SF3B2,197,2000,0.08080023698621032,0.14343873239956348,0.08080023698621032,0.426313973632455,0.04426036534726621,0.1038210498518977
Scouter_GenePTv1_official40_fixed2000,ACTR8,242,2000,0.08349293267845335,0.150231302993672,0.08349293267845335,0.41060787721782926,0.041531461034726824,0.10114628171449178
Scouter_GenePTv1_official40_fixed2000,EXOSC2,209,2000,0.08508029397391614,0.14253087097183803,0.08508029397391614,0.45603166636049763,0.0449817491421802,0.09863733480351851
Scouter_GenePTv1_official40_fixed2000,ALG13,167,2000,0.09067829204352464,0.14054996689992086,0.09067829204352464,0.3905703111368418,0.041024697764797606,0.10503792926555734
Scouter_GenePTv1_official40_fixed2000,CPSF3,575,2000,0.0892132181827463,0.1616793449332645,0.0892132181827463,0.4123911485430599,0.0432709355738503,0.10492692357111277
Scouter_GenePTv1_official40_fixed2000,RBM42,68,2000,0.09338589884491288,0.1539060258181173,0.09340457976086508,0.3817841497942806,0.04177917791703716,0.10943140736784189
Scouter_GenePTv1_official40_fixed2000,CDC40,84,2000,0.09067531202448968,0.16083302674561534,0.0906934507146326,0.4008614837044478,0.0454327642797865,0.11333781117246383
Scouter_GenePTv1_official40_fixed2000,PPP1R11,69,2000,0.09321495802516047,0.16339533623732422,0.09330826629145193,0.37456660041272644,0.04151382230130956,0.11083161485100453
Scouter_GenePTv1_official40_fixed2000,SF3B3,215,2000,0.07952530554863585,0.1326933203070683,0.07952530554863585,0.438333100644946,0.04376518040521071,0.0998445687591712
Scouter_GenePTv1_official40_fixed2000,MRPL54,112,2000,0.08025266887665418,0.15681139477649098,0.08026872262117841,0.3913589224676789,0.039361434537542525,0.10057630290780002
Scouter_GenePTv1_official40_fixed2000,WDHD1,175,2000,0.0987679927043677,0.16695566153319452,0.0987679927043677,0.3795745830971002,0.042725333602982585,0.11256109966257115
Scouter_GenePTv1_official40_fixed2000,FCF1,225,2000,0.08674455643331025,0.17601028050729944,0.08676190881507327,0.421259555055499,0.041423284208852565,0.09833197307554367
Scouter_GenePTv1_official40_fixed2000,LSM4,68,2000,0.10564621248496306,0.19495310418754966,0.1056884878801151,0.37815804653540264,0.0450804191043391,0.11921052143475551
Scouter_GenePTv1_official40_fixed2000,IGBP1,245,2000,0.0868963429414588,0.15894249581874992,0.08691372568659612,0.4254176625394821,0.04326464242618299,0.10169921284162846
Scouter_GenePTv1_official40_fixed2000,SNRNP27,42,2000,0.08580218942780916,0.1614643936528806,0.08590527575871963,0.40170761471152294,0.043113878247365366,0.10732651210772164
Scouter_GenePTv1_official40_fixed2000,GFM1,230,2000,0.09275121574846748,0.1674829919607478,0.09275121574846748,0.38307359870493407,0.04132536313834135,0.10787838733670788
Scouter_GenePTv1_official40_fixed2000,POLR2E,93,2000,0.08473725763801679,0.18574631800247596,0.08473725763801679,0.42065539508044714,0.044234052933803766,0.10515508038068438
Scouter_GenePTv1_official40_fixed2000,SNRPD1,113,2000,0.08304095521053609,0.19201205244732736,0.08307418488448988,0.4292861458599567,0.04490052827456035,0.10459346909199643
Scouter_GenePTv1_official40_fixed2000,RFC3,211,2000,0.10059816518528769,0.19243047296499685,0.10059816518528769,0.38056783038526776,0.042295344212027276,0.11113746282189686
Scouter_GenePTv1_official40_fixed2000,MRPS26,111,2000,0.08632963393252968,0.1698402964229522,0.08632963393252968,0.38779180944263936,0.03995651640879922,0.10303599613376949
Scouter_GenePTv1_official40_fixed2000,RCC1,162,2000,0.09027630955125256,0.1648617858087486,0.09027630955125256,0.3908314470380545,0.04225032433432296,0.10810369424846251
Scouter_GenePTv1_official40_fixed2000,NEDD1,134,2000,0.10343190648667455,0.17565029443518682,0.10345259700607577,0.3803115476097167,0.04366577756558546,0.1148158048102134
Scouter_GenePTv1_official40_fixed2000,DDX5,130,2000,0.09566624578665117,0.16695820130782033,0.09566624578665117,0.37791422990828766,0.04364048259146513,0.1154772114489674
Scouter_GenePTv1_official40_fixed2000,EIF2S1,208,2000,0.0754121171555849,0.14381801142755732,0.0754121171555849,0.46984952216625225,0.04259888265982271,0.09066494642107988
Scouter_GenePTv1_official40_fixed2000,CUL1,181,2000,0.08660125619754212,0.15381174506976328,0.08661857991352483,0.3957018044650555,0.04190249759852654,0.10589412549238375
Scouter_GenePTv1_official40_fixed2000,KRI1,51,2000,0.08990144685955342,0.1290645182249136,0.0899554201116204,0.3904192550241947,0.04378131622068118,0.1121392311877028
Scouter_GenePTv1_official40_fixed2000,ZNF335,140,2000,0.09335324849320038,0.14456908829539367,0.09339060473509442,0.38620040850520143,0.04259758050424047,0.11029915676714047
Scouter_GenePTv1_official40_fixed2000,GPKOW,105,2000,0.0852909930644681,0.13795710426523375,0.08530805467540319,0.3850659518569709,0.042210108671897624,0.10961786512716014
Scouter_GenePTv1_official40_fixed2000,POLR2F,209,2000,0.07742679844423729,0.17650755883401423,0.07742679844423729,0.461185621571541,0.043754670563777916,0.09487431430740598
Scouter_GenePTv1_official40_fixed2000,USP36,151,2000,0.08762611732718796,0.17714913413305322,0.08762611732718796,0.39073276099860665,0.04198183656803333,0.10744385852443136
Scouter_GenePTv1_official40_fixed2000,NARS,149,2000,0.08044762545310936,0.14671489192539577,0.08044762545310936,0.43066397282719626,0.04352362278180896,0.1010616734097144
Scouter_GenePTv1_official40_fixed2000,MRPL3,146,2000,0.08560158664809132,0.17761801621623133,0.08560158664809132,0.38563380681946874,0.039122285471335054,0.10144931218428344
Scouter_GenePTv1_official40_fixed2000,RPL8,290,2000,0.08993049885579414,0.18100532699497948,0.08993049885579414,0.42933022269099963,0.043018319364935165,0.10019867246548321
Scouter_GenePTv1_official40_fixed2000,FASTKD5,182,2000,0.0922185523548812,0.1774544178055008,0.0922185523548812,0.3866485766464473,0.042279313823438726,0.1093481659667854
Scouter_GenePTv1_official40_fixed2000,RNGTT,110,2000,0.08805271640731216,0.16698673596784222,0.08807033047340684,0.4005800670444967,0.04166873061512597,0.10402097608687957
Scouter_GenePTv1_official40_fixed2000,POLR3D,108,2000,0.09126619103887311,0.16041499634923428,0.09126619103887311,0.4054206292471289,0.04512534249554388,0.11130499566904684
Scouter_GenePTv1_official40_fixed2000,MED31,35,2000,0.08921177795779288,0.1980995182991353,0.08955207584600769,0.3954819790381194,0.043491334995594814,0.10997045681239054
Scouter_GenePTv1_official40_fixed2000,CSTF1,129,2000,0.08935113409572391,0.1484068367567182,0.08935113409572391,0.41169059572964906,0.042067824402716954,0.10218310502412156
Scouter_GenePTv1_official40_fixed2000,TSR1,109,2000,0.08467135618271093,0.180845782988086,0.08467135618271093,0.4158055421191454,0.04185504311541095,0.1006601352533594
Scouter_GenePTv1_official40_fixed2000,MRPL4,109,2000,0.0872883384989188,0.1685450862617931,0.0872883384989188,0.3848450504750014,0.03972661906358786,0.1032275664771548
Scouter_GenePTv1_official40_fixed2000,MCM3AP,100,2000,0.0891017353651246,0.17186816837728658,0.08911955927698,0.40281091850727807,0.04168804372604937,0.10349283193615275
Scouter_GenePTv1_official40_fixed2000,TRMT5,93,2000,0.08657866093732877,0.15368715755525927,0.08657866093732877,0.3844783583688735,0.04036360072459095,0.10498276117803744
Scouter_GenePTv1_official40_fixed2000,MRPS27,76,2000,0.08317816733853724,0.16415318505832022,0.08317816733853724,0.39133041698485616,0.03965042889650912,0.10132212105766958
Scouter_GenePTv1_official40_fixed2000,RBM39,49,2000,0.09634705543016109,0.1700045229057431,0.09640489836918259,0.38230898983240136,0.042180507380131176,0.1103309296893939
Scouter_GenePTv1_official40_fixed2000,HSPA8,146,2000,0.08408518994451443,0.1481087837870652,0.08410201034658375,0.4164020697578788,0.04588866624162998,0.11020277869004019
Scouter_GenePTv1_official40_fixed2000,SURF6,113,2000,0.0954362454354306,0.1808133397046108,0.09545533650273115,0.3791976215752959,0.042308971190776944,0.1115749879950814
Scouter_GenePTv1_official40_fixed2000,NUBP1,144,2000,0.09202072975355667,0.185345691891861,0.09202072975355667,0.39336254214435834,0.042143565685343935,0.10713669986022935
Scouter_GenePTv1_official40_fixed2000,HEATR1,216,2000,0.08035581005457335,0.1466894096275507,0.08035581005457335,0.4467696803882718,0.042011548290229406,0.0940340161699838
Scouter_GenePTv1_official40_fixed2000,PRPF4B,160,2000,0.09062795682965129,0.16016472235466017,0.09064608604686065,0.40052535546094176,0.04388927602901357,0.10957926716702177
Scouter_GenePTv1_official40_fixed2000,POLR1E,202,2000,0.09303140268175566,0.1773722220582637,0.09303140268175566,0.405557352411747,0.04384650894818362,0.10811419792120042
Scouter_GenePTv1_official40_fixed2000,MRPS24,132,2000,0.08464543571732674,0.17626674917320995,0.08464543571732674,0.3850849235774577,0.03941278948238819,0.10234830305159297
Scouter_GenePTv1_official40_fixed2000,EIF2B3,96,2000,0.08386397204282629,0.19266724452329675,0.08386397204282629,0.41269641089588405,0.04321092074455926,0.10470389021246349
Scouter_GenePTv1_official40_fixed2000,SRFBP1,73,2000,0.08626778682022798,0.1781129018878458,0.08628504382899378,0.40617923283964386,0.04136527777035255,0.10183995981961888
Scouter_GenePTv1_official40_fixed2000,PUF60,52,2000,0.08710189175140587,0.16161140223933632,0.08715418426196306,0.40443138744294643,0.044735966781167084,0.11061447519657035
Scouter_GenePTv1_official40_fixed2000,RPS23,98,2000,0.09076803912001886,0.1927020417157992,0.09076803912001886,0.4313142766678333,0.043661310647251095,0.10122852870133617
Scouter_GenePTv1_official40_fixed2000,SCFD1,103,2000,0.0892525848690871,0.1657357148810318,0.0892525848690871,0.41249498609542845,0.0442145178622997,0.1071880102324221
Scouter_GenePTv1_official40_fixed2000,MDN1,68,2000,0.09661608123865331,0.17919567797623231,0.09663540832031736,0.37792644962370403,0.04172986871723785,0.11041796004118813
Scouter_GenePTv1_official40_fixed2000,CHERP,54,2000,0.09309720835540974,0.17766771570413467,0.09313446214026586,0.37839213334739213,0.042720981910168196,0.11290134497044024
Scouter_GenePTv1_official40_fixed2000,SRRM1,136,2000,0.09411978920716481,0.17241863549362854,0.09411978920716481,0.3805520920947194,0.04118278519069428,0.10821851978745314
Scouter_GenePTv1_official40_fixed2000,POLR3F,156,2000,0.09214768209986801,0.1726135896066211,0.09214768209986801,0.3943236960954964,0.04320274309938309,0.109561617603889
Scouter_GenePTv1_official40_fixed2000,MRPL50,147,2000,0.08751574645103867,0.1854180627362806,0.087533253101659,0.38540745932281023,0.03929998580792803,0.1019699640927589
Scouter_GenePTv1_official40_fixed2000,RPP14,53,2000,0.08361087454026753,0.18901319432133082,0.08371132813402836,0.4053972483366729,0.0414810997042712,0.10232210221269458
Scouter_GenePTv1_official40_fixed2000,RPL9,180,2000,0.08982928444804482,0.1797150423008847,0.08982928444804482,0.43060480930507183,0.043437829372873535,0.10087631959850178
Scouter_GenePTv1_official40_fixed2000,PRPF8,91,2000,0.08375431925903173,0.1628549219403081,0.08375431925903173,0.41623979584276677,0.04404360247693113,0.10581304781207893
Scouter_GenePTv1_official40_fixed2000,HSPE1,25,2000,0.09264481243142186,0.188014156258168,0.09418952056874934,0.3773620851880313,0.044564846536887345,0.1180957152431583
Scouter_GenePTv1_official40_fixed2000,ECD,69,2000,0.09418714569906905,0.16784435110804136,0.09422483563332239,0.4045390599435569,0.04427412027297775,0.10944337287163655
Scouter_GenePTv1_official40_fixed2000,RPL10,215,2000,0.08847456463796746,0.15134718446164028,0.08847456463796746,0.4237436843380332,0.04204765504247975,0.09922898111360935
Scouter_GenePTv1_official40_fixed2000,AP2S1,96,2000,0.09602603118700237,0.17460934545228185,0.09602603118700237,0.39338545847535134,0.04344739784524544,0.11044484691728708
Scouter_GenePTv1_official40_fixed2000,TSEN2,168,2000,0.09528538356177826,0.15401714641528538,0.09528538356177826,0.3896761889471115,0.042316308268904694,0.10859351529100715
Scouter_GenePTv1_official40_fixed2000,PIAS4,173,2000,0.08712233946437668,0.15816375359461354,0.08712233946437668,0.4066700215795637,0.04132278658683645,0.10161256885916309
Scouter_GenePTv1_official40_fixed2000,MRPS11,90,2000,0.08687188334734934,0.18399980617094921,0.08688926119958926,0.3845503222423793,0.040134611883396294,0.10436764324026053
Scouter_GenePTv1_official40_fixed2000,BYSL,87,2000,0.08550552292990406,0.11458216995890198,0.08550552292990406,0.41071775851905357,0.04109194096396445,0.10004909481304351
Scouter_GenePTv1_official40_fixed2000,ZCRB1,141,2000,0.09142615159893136,0.17404825064638196,0.09144444048702877,0.3769913284927607,0.041773996491115545,0.11080890255497933
Scouter_GenePTv1_official40_fixed2000,GNL3L,66,2000,0.09743933148184825,0.19974538114128693,0.09745882324649754,0.37099476434737444,0.041812760550156244,0.1127044461036144
Scouter_GenePTv1_official40_fixed2000,CDC23,158,2000,0.10026051741707874,0.1720781444378633,0.10026051741707874,0.3877534061779083,0.04295941719869618,0.110790557623316
Scouter_GenePTv1_official40_fixed2000,DBR1,96,2000,0.08644001821716814,0.1355005135193615,0.08649191336518726,0.3718418888568878,0.0418434600711905,0.11253024524623285
Scouter_GenePTv1_official40_fixed2000,NSA2,71,2000,0.09268848042162615,0.182309502415894,0.09268848042162615,0.3700464540749788,0.041646100421351154,0.11254289518873181
Scouter_GenePTv1_official40_fixed2000,CTR9,197,2000,0.07507178628885154,0.15753835914717434,0.07510182701965942,0.4115042544400692,0.04555656715049409,0.1107073998673685
Scouter_GenePTv1_official40_fixed2000,DLD,283,2000,0.08801912386766901,0.12961030710687152,0.08801912386766901,0.4154760833856464,0.04179211043086718,0.10058848414191571
Scouter_GenePTv1_official40_fixed2000,RBM28,55,2000,0.09584409680171838,0.17680305004937807,0.09590163778438901,0.3757853031527997,0.04216901466767304,0.11221570719163927
Scouter_GenePTv1_official40_fixed2000,PSMB1,106,2000,0.09420633625195735,0.19819336034876375,0.09420633625195735,0.41836667069196704,0.046906151729077104,0.11211732170328577
Scouter_GenePTv1_official40_fixed2000,FTSJ3,153,2000,0.08452079098230501,0.1377406149146503,0.08452079098230501,0.42993221003770843,0.0439652377426019,0.10226085809234257
Scouter_GenePTv1_official40_fixed2000,WDR82,86,2000,0.07397241347094746,0.14260268940629658,0.07400201427665812,0.4568676806718111,0.04213559218544164,0.09222712186865838
Scouter_GenePTv1_official40_fixed2000,POLR3C,169,2000,0.0912638563684248,0.15406264914921688,0.091282112790983,0.3900292707487943,0.04296886306402274,0.1101683006504777
Scouter_GenePTv1_official40_fixed2000,DHX37,202,2000,0.08495078958051734,0.14211383324274632,0.08495078958051734,0.41630862156301734,0.04253345429673326,0.10216808173552101
Scouter_GenePTv1_official40_fixed2000,SAP18,40,2000,0.08117841604429211,0.14771609392813562,0.08145536428285381,0.4135916683629155,0.043131886601103474,0.10428615675206214
Scouter_GenePTv1_official40_fixed2000,GNL3,29,2000,0.09856916485284971,0.18018147890296266,0.09898490143889306,0.36504754338562484,0.0410361908301618,0.11241327451608052
Scouter_GenePTv1_official40_fixed2000,NDC80,171,2000,0.08255421865139231,0.14412185068696634,0.08257073279795189,0.44216696364283564,0.042811427308825666,0.0968218565853518
Scouter_GenePTv1_official40_fixed2000,TTC27,87,2000,0.09559298150042618,0.16127838146691176,0.09559298150042618,0.37574030791223056,0.04153174364447827,0.11053310402047326
Scouter_GenePTv1_official40_fixed2000,CDC123,96,2000,0.0958307166761226,0.1849761653182319,0.0958307166761226,0.3836771972879767,0.0430414839660097,0.1121814982710298
Scouter_GenePTv1_official40_fixed2000,WDR3,329,2000,0.08429769228379047,0.18775575846487308,0.08429769228379047,0.4293566391384601,0.04168463962963783,0.0970862794678539
Scouter_GenePTv1_official40_fixed2000,WDR43,47,2000,0.08482709589908206,0.1801198404402825,0.08487802271270968,0.43677089233398436,0.042111180784830365,0.09641480364145075
Scouter_GenePTv1_official40_fixed2000,RPL35A,97,2000,0.09540614443953462,0.18238619314053708,0.09540614443953462,0.4163474190413953,0.043838226491571416,0.10529241550141243
Scouter_GenePTv1_official40_fixed2000,NUTF2,44,2000,0.09569752305500438,0.16742001458212374,0.09583168741738872,0.3809490590411425,0.04190084272302688,0.10999066838118875
Scouter_GenePTv1_official40_fixed2000,SNRPE,128,2000,0.08718295287616151,0.16749330329738896,0.08718295287616151,0.42273856251239766,0.04478030758572394,0.10592907886211558
Scouter_GenePTv1_official40_fixed2000,CSTF3,59,2000,0.08635457551988122,0.14040746168175205,0.08649296426270155,0.39885917401194576,0.04204725151573658,0.10541878738456546
Scouter_GenePTv1_official40_fixed2000,WDR5,75,2000,0.08500825061709445,0.0956238857182719,0.08512742901771926,0.3923566677027942,0.0425415157062863,0.10842561914674745
Scouter_GenePTv1_official40_fixed2000,YEATS2,233,2000,0.09123927962325896,0.16847367924807774,0.09123927962325896,0.39950804406672724,0.04150269350052113,0.10388449764166509
Scouter_GenePTv1_official40_fixed2000,PSMA2,38,2000,0.10718384604435063,0.18805555250138753,0.10748480349413421,0.37912261931508795,0.046475652322201064,0.1225873865829709
Scouter_GenePTv1_official40_fixed2000,HNRNPM,128,2000,0.10132503524917974,0.18408357331904415,0.10132503524917974,0.3802914341174066,0.04336194892182248,0.11402294106946942
Scouter_GenePTv1_official40_fixed2000,RPL11,315,2000,0.09421139383944567,0.1852470827069698,0.09421139383944567,0.4132482476592065,0.043467032561344106,0.1051838253536935
Scouter_GenePTv1_official40_fixed2000,MED26,99,2000,0.09690648317956957,0.16654428060905374,0.09692586835324023,0.40058092333674433,0.04735594335400966,0.11821816620063733
Scouter_GenePTv1_official40_fixed2000,FAM50A,38,2000,0.09039335105073361,0.14641679316333633,0.0908110820280627,0.4186205775699022,0.04378440693312325,0.10459210137583602
Scouter_GenePTv1_official40_fixed2000,SMC4,169,2000,0.10108897308916265,0.17733316183353443,0.10110919492814827,0.3879091931909325,0.04232912464421242,0.10912121779017869
Scouter_GenePTv1_official40_fixed2000,THOC7,104,2000,0.09664233346461655,0.15392587564703805,0.0966616657977761,0.39571612247675664,0.04358007916875184,0.11012964999932527
Scouter_GenePTv1_official40_fixed2000,EIF3F,36,2000,0.09678002826001396,0.19388881633043206,0.09722727371912193,0.3636833945199847,0.042394807153190495,0.11657063981004628
Scouter_GenePTv1_official40_fixed2000,MRPL49,36,2000,0.08126883021959361,0.10620423451400592,0.08146434464674578,0.39463537437468765,0.039233631378486754,0.09941741904531368
Scouter_GenePTv1_official40_fixed2000,EIF3J,72,2000,0.08884510914172106,0.18896367641112644,0.08888066140628358,0.37715806921958916,0.042057488668290906,0.11151156765703055
Scouter_GenePTv1_official40_fixed2000,PSMD4,285,2000,0.09305355318294585,0.22499557848379736,0.09305355318294585,0.42791544993817804,0.04849358033278026,0.11332514216660049
Scouter_GenePTv1_official40_fixed2000,SCAF1,158,2000,0.08942615196113993,0.14502386965066577,0.08942615196113993,0.4160448087054492,0.04267273501128425,0.10256763957321538
Scouter_GenePTv1_official40_fixed2000,RNMT,106,2000,0.085702233607377,0.16901689472412687,0.08571937748287357,0.4146148759804666,0.0408587481152732,0.09854626424869402
Scouter_GenePTv1_official40_fixed2000,PPP4R2,162,2000,0.0926224133506097,0.1663871489903136,0.09264094153891747,0.38521898086726675,0.04226330089578405,0.10971240229001725
Scouter_GenePTv1_official40_fixed2000,ARPC4,188,2000,0.09102404563936162,0.14834181482400743,0.09102404563936162,0.40133394598633065,0.042264333972230096,0.1053096388725942
Scouter_GenePTv1_official40_fixed2000,DDOST,74,2000,0.08661165642941271,0.15261525702058934,0.08662898222585788,0.39358628580898053,0.041794942308086905,0.1061900344425896
Scouter_GenePTv1_official40_fixed2000,MRPL32,62,2000,0.08937505816035468,0.21226236928499198,0.08939293674770422,0.3622848050037026,0.039801336227925505,0.10986200519477675
Scouter_GenePTv1_official40_fixed2000,RNF40,185,2000,0.09852232371275733,0.17784422499463534,0.09852232371275733,0.3883173496520519,0.044546113280977594,0.11471574003514218
Scouter_GenePTv1_official40_fixed2000,HSD17B12,135,2000,0.08670734697077233,0.15738885661971677,0.08672469190915415,0.40394097258567824,0.042064823752641686,0.10413606335108494
Scouter_GenePTv1_official40_fixed2000,EXOSC10,77,2000,0.09439444248688914,0.20378971823789327,0.09441332515191952,0.4019757142454387,0.043807607557806195,0.10898072922199178
Scouter_GenePTv1_official40_fixed2000,NOP10,124,2000,0.08263834525097176,0.1749610026341223,0.08263834525097176,0.40511394730865957,0.04026942727823276,0.0994027150922158
Scouter_GenePTv1_official40_fixed2000,CPSF4,57,2000,0.08264746917548037,0.15135537792049866,0.08281309536621279,0.4164395392376184,0.04354558560098871,0.10456640268847714
Scouter_GenePTv1_official40_fixed2000,OGFOD1,101,2000,0.08853892784180148,0.1214520898403212,0.08853892784180148,0.39479487028419974,0.04161905446885387,0.10541943816215066
Scouter_GenePTv1_official40_fixed2000,RPL18,229,2000,0.09029569394114179,0.17557199319257685,0.09029569394114179,0.43552061226546773,0.043682634107200434,0.10029980642472097
Scouter_GenePTv1_official40_fixed2000,SPCS3,115,2000,0.09594939874984384,0.1332401251219505,0.09600700295161484,0.38958524303019065,0.04504652062954615,0.11562686287320866
Scouter_GenePTv1_official40_fixed2000,MED8,94,2000,0.08262286139659243,0.20565120837119405,0.08263938927444732,0.4508034167912603,0.04605974345479627,0.10217256728202233
Scouter_GenePTv1_official40_fixed2000,WDR70,29,2000,0.09767174004429224,0.14547734916123925,0.0987181524603722,0.3742403995311259,0.04238096788586235,0.11324530116606096
Scouter_GenePTv1_official40_fixed2000,NRBP1,62,2000,0.07999811161767062,0.18181548898390776,0.08004613930125137,0.4195340134969353,0.04197804459488486,0.10005873717937327
Scouter_GenePTv1_official40_fixed2000,PRELID1,122,2000,0.08948577777674853,0.16095271684428952,0.08948577777674853,0.3978088326850534,0.04367992052081973,0.1098012810021955
Scouter_GenePTv1_official40_fixed2000,SNRNP48,179,2000,0.08825996632048047,0.15519718648850944,0.08827762184484944,0.41368464905023594,0.042323121271238204,0.10230768858677615
Scouter_GenePTv1_official40_fixed2000,TAF6,111,2000,0.08331922487401576,0.1901138718744683,0.0833525659003759,0.4191126460015774,0.0438820949409809,0.10470238565359798
Scouter_GenePTv1_official40_fixed2000,TCP1,63,2000,0.0904801421988174,0.17292134521973496,0.09051634873831273,0.38947425870716584,0.04271727307114518,0.10967932031284724
Scouter_GenePTv1_official40_fixed2000,ATP6AP1,114,2000,0.09302025755644172,0.165119973475269,0.0930388653295076,0.40017465637311345,0.043263791059891234,0.10811226870506864
Scouter_GenePTv1_official40_fixed2000,ISCU,32,2000,0.08230176093002406,0.15018974213534153,0.08271533761811463,0.4011881546704472,0.04209042772739893,0.10491443026983055
Scouter_GenePTv1_official40_fixed2000,PAM16,43,2000,0.0823144343061826,0.17767003270846535,0.08247939309236733,0.40454139247655885,0.04344542903963012,0.1073942710774766
Scouter_GenePTv1_official40_fixed2000,DDX52,106,2000,0.08781893893622207,0.18821736587906737,0.08781893893622207,0.41426403286457064,0.04211572479224532,0.10166396412544451
Scouter_GenePTv1_official40_fixed2000,SIN3A,217,2000,0.08992835117953253,0.16851508971656126,0.08994634044762208,0.4003025824689865,0.04179915832920466,0.10441890488741479
Scouter_GenePTv1_official40_fixed2000,NCAPH,64,2000,0.10267154670031996,0.14304008216725062,0.10269208511734343,0.39462451404958976,0.04758461473092438,0.1205820009426093
Scouter_GenePTv1_official40_fixed2000,PDCD2,59,2000,0.08987943022438913,0.18746778312188211,0.0899153963829423,0.39636354262232787,0.042244577677082285,0.10658037904240586
Scouter_GenePTv1_official40_fixed2000,SPC25,181,2000,0.08629294685208933,0.1545456726589653,0.08631020889386809,0.48082008451223374,0.0464386956987728,0.09658226897917478
Scouter_GenePTv1_official40_fixed2000,XRCC6,26,2000,0.10709796965667678,0.16561837996387574,0.10822349399421664,0.3415882832482457,0.044358106750311564,0.12985839277013742
Scouter_GenePTv1_official40_fixed2000,WDTC1,107,2000,0.08377165052721106,0.14101490990866197,0.08380517259624956,0.4155483893543483,0.04109657647104935,0.09889720796639453
Scouter_GenePTv1_official40_fixed2000,RFC4,58,2000,0.10667243632815719,0.18874813597388326,0.1066937750831738,0.3667891052137316,0.04269204405787867,0.11639397759391416
Scouter_GenePTv1_official40_fixed2000,CNIH4,65,2000,0.08350295157229932,0.1509239966999448,0.08353636611874683,0.40202209824681284,0.042056308143234356,0.10461192874849258
Scouter_GenePTv1_official40_fixed2000,HAUS5,153,2000,0.09203970324921824,0.164131306943362,0.09203970324921824,0.39651135546475663,0.04177352290675278,0.10535264949540459
Scouter_GenePTv1_official40_fixed2000,PRPF3,129,2000,0.08865988375044101,0.1552519291708701,0.08867761927429586,0.42344210353672507,0.04342421728325776,0.10255053971973807
Scouter_GenePTv1_official40_fixed2000,SRP68,158,2000,0.08877643496733396,0.1593825739988109,0.08877643496733396,0.4101162459841372,0.04244076457460004,0.1034847167244246
Scouter_GenePTv1_official40_fixed2000,NDUFA8,85,2000,0.0931811409078457,0.17148661706853668,0.0931997808640185,0.38314693296849744,0.042363580506788574,0.11056745012388558
Scouter_GenePTv1_official40_fixed2000,PET117,80,2000,0.09447466200929255,0.16959285555040585,0.09449356072143683,0.3830434032230081,0.043793633020969586,0.11433072990990947
Scouter_GenePTv1_official40_fixed2000,VPS72,95,2000,0.10171446569784903,0.18162748228192221,0.10171446569784903,0.35674609929502027,0.04569289961942938,0.1280824049061807
Scouter_GenePTv1_official40_fixed2000,UQCRB,93,2000,0.0881936699766753,0.17780574988060283,0.0881936699766753,0.37724607856571674,0.04007882857997902,0.10624054110768398
Scouter_GenePTv1_official40_fixed2000,RBM19,37,2000,0.09128043142917937,0.1580652305680349,0.09148169114970874,0.40035696305871,0.04210485590367346,0.10516828414900377
Scouter_GenePTv1_official40_fixed2000,RPS5,127,2000,0.09049534294668175,0.19537490400393573,0.09049534294668175,0.43713574552655227,0.043650830028885985,0.0998564621562616
Scouter_GenePTv1_official40_fixed2000,SDC1,170,2000,0.0939684888700718,0.16908712273803606,0.0939684888700718,0.39047515947550526,0.04269344590011286,0.10933715953682696
Scouter_GenePTv1_official40_fixed2000,MTPAP,86,2000,0.08660298799820872,0.1563025121731436,0.08662031206062085,0.417055580304563,0.04369135141666979,0.10476145730300204
Scouter_GenePTv1_official40_fixed2000,ARIH1,57,2000,0.08968669293805745,0.16831303567898714,0.08970463386483041,0.40285821281254286,0.0417572943290067,0.10365258039783667
Scouter_GenePTv1_official40_fixed2000,DDX41,259,2000,0.08121348846735547,0.1451331148035893,0.08121348846735547,0.38105318818569195,0.04213134148358833,0.11056551075857185
Scouter_GenePTv1_official40_fixed2000,HSCB,85,2000,0.09756274099325057,0.18578304772406135,0.09756274099325057,0.37981300423085707,0.043975560993747796,0.11578213317097838
Scouter_GenePTv1_official40_fixed2000,HNRNPU,73,2000,0.09300156328501205,0.1709104924998957,0.09302016731847575,0.38688348429322234,0.043357492537796506,0.11206860250526865
Scouter_GenePTv1_official40_fixed2000,DAD1,71,2000,0.08464886998297774,0.13659523913927743,0.08464886998297774,0.38601252492964266,0.04120963998263237,0.10675725851789639
Scouter_GenePTv1_official40_fixed2000,MRPS18A,108,2000,0.09470170939369857,0.18020024586004119,0.09470170939369857,0.3771811355319619,0.04057280223160052,0.10756847926313545
Scouter_GenePTv1_official40_fixed2000,POLD2,63,2000,0.10197751336950413,0.1922600722765355,0.10197751336950413,0.3722164727893472,0.04212541784031782,0.1131745094269733
Scouter_GenePTv1_official40_fixed2000,HGS,96,2000,0.08677836250959094,0.17127871100410466,0.08681308774468882,0.41484148848131297,0.04244683729273267,0.10232061509787634
Scouter_GenePTv1_official40_fixed2000,UTP3,27,2000,0.08998125574278805,0.1973862048945003,0.09063381924132559,0.4071224688678981,0.042976632513152445,0.10556192483563988
Scouter_GenePTv1_official40_fixed2000,CENPC,116,2000,0.08809235282924614,0.14980881103618804,0.08810997482421098,0.42338170501440764,0.04281410823808984,0.1011241315337222
Scouter_GenePTv1_official40_fixed2000,RRP7A,40,2000,0.0815612681458397,0.18054313239421663,0.08170834316353406,0.4233204720458389,0.04131107493242016,0.09758817889644854
Scouter_GenePTv1_official40_fixed2000,NELFA,82,2000,0.08415603535454766,0.15627096932313037,0.08417286992853336,0.40472407275170097,0.04323227656523465,0.1068191353262211
Scouter_GenePTv1_official40_fixed2000,RRN3,38,2000,0.09145041404333144,0.15832824192055284,0.09179925119788342,0.41905848913639804,0.04241534856119077,0.10121581747799162
Scouter_GenePTv1_official40_fixed2000,PSMA6,18,2000,0.11476024899563551,0.20446805652322603,0.11755813255033347,0.3605193054908515,0.0465054250308266,0.12899565441454613
Scouter_GenePTv1_official40_fixed2000,TBL3,70,2000,0.08363264016009371,0.1973728724226868,0.08364937003410053,0.416927634537518,0.04233015546045267,0.10152878086893927
Scouter_GenePTv1_official40_fixed2000,CWC22,28,2000,0.09856519089136494,0.15081312411978573,0.09948041066952455,0.3897384508597851,0.04478531140472275,0.11491119276738514
Scouter_GenePTv1_official40_fixed2000,PWP2,51,2000,0.08486019964103464,0.18128570518284767,0.08492814215475844,0.4099537278234959,0.042717873294148605,0.10420169241764697
Scouter_GenePTv1_official40_fixed2000,PRPF31,23,2000,0.07941411333094504,0.17904801557364444,0.08258539239906931,0.37655879962921146,0.043765097365276895,0.11622380421366678
Scouter_GenePTv1_official40_fixed2000,EIF3G,52,2000,0.08961965327658576,0.17417072610115636,0.08965551548277888,0.3974837355518341,0.04177083342324245,0.10508815490115507
Scouter_GenePTv1_official40_fixed2000,PGPEP1,51,2000,0.07998451320459692,0.1381924065265155,0.08006457778237931,0.4043410049557686,0.04148656560885721,0.10260291208250413
Scouter_GenePTv1_official40_fixed2000,OPA1,53,2000,0.08775454959105446,0.17447959122032813,0.08782480943860535,0.3882281384438277,0.0415501607518131,0.1070251111836239
Scouter_GenePTv1_official40_fixed2000,EXOC7,32,2000,0.08493986954745747,0.17113308366445334,0.08552141517061766,0.40841202820271266,0.04634953914060258,0.11348720117206067
Scouter_GenePTv1_official40_fixed2000,BMS1,18,2000,0.09684285053768098,0.13470799336284675,0.09910238491371365,0.3849434697830678,0.04241794837800321,0.11019266621143328
