condition,n_test_cells,n_pred_cells,n_genes,mean_pearson,mean_spearman,perturbation_effect_pearson,perturbation_effect_spearman,r_squared,mse,wasserstein_1_pca50,mmd_pca50,energy_pca50,part
ACTR8+ctrl,242.0,2000.0,5000.0,0.9956370038182104,0.9771469222218766,0.2342715134118514,0.1839300661136169,0.9912722399458288,0.0011012295167101,0.7906772304081031,0.5312309515381702,0.3869830519000834,0
ALG13+ctrl,167.0,2000.0,5000.0,0.99824579692827,0.9783038414031124,0.2406146265323716,0.2037125684387264,0.9964929327834398,0.0004536077621806,0.8495881857500927,0.5078850482728502,0.3954399768857894,0
ANKRD11+ctrl,184.0,2000.0,5000.0,0.9955175153366174,0.9797320591647958,-0.239936429257737,-0.1500362637722531,0.9892371241003276,0.0014725352497842,0.7806289169267742,0.5202636564271939,0.389390776054526,0
AP2S1+ctrl,96.0,2000.0,5000.0,0.99605061417359,0.9703975484479024,0.4114137586700899,0.3043613743462831,0.9920214377343656,0.0010179261094255,1.0474044736841197,0.5061954702965302,0.5192485401940758,0
ARGLU1+ctrl,367.0,2000.0,5000.0,0.997179316942791,0.9840439154897566,-0.0795863514410429,-0.0160873600534248,0.9940126975998282,0.0007914374926697,0.6589031555036676,0.5492169708422922,0.3173706850659745,0
ARIH1+ctrl,57.0,2000.0,5000.0,0.9956413485933836,0.9590804329302351,0.4541335112182155,0.2878789658009769,0.9907538611441852,0.0011476387704077,1.2540503323944725,0.5145509122255599,0.592136428036402,0
ARPC4+ctrl,188.0,2000.0,5000.0,0.9979332846401868,0.9823986250879452,0.1650385108524259,0.1426718135091449,0.9957340499386192,0.0005449762435449,0.8196515416658637,0.508921362924207,0.3927125357307552,0
ATP6AP1+ctrl,114.0,2000.0,5000.0,0.9980765851308036,0.9761658850774916,0.7194762128165924,0.5001570252263075,0.996149769751355,0.0004892922800898,0.9860918500335544,0.5120519352367734,0.471240469983776,0
BGLAP+ctrl,236.0,2000.0,5000.0,0.9987097768405104,0.9865970012712368,0.7687266405876986,0.5437730069871224,0.9972935903351754,0.0003359283280236,0.8905166920034275,0.5112220865985033,0.4046135857667711,0
BMS1+ctrl,18.0,2000.0,5000.0,0.9887435683736812,0.9138447384230284,0.7297605758892182,0.4427007915320315,0.9772468935698272,0.0026341945525819,2.142683299550212,0.4985064922574262,1.042448994538708,0
BRIX1+ctrl,95.0,2000.0,5000.0,0.9926430389918262,0.961663825744713,0.5670790655666664,0.3975169987902204,0.9847192475572228,0.0018402714731864,1.160984807593988,0.5023438119214488,0.5164277504066292,0
BYSL+ctrl,87.0,2000.0,5000.0,0.9976680725658822,0.9759139095708222,0.8982750761045439,0.6585271463884999,0.9953191545791924,0.0005490100151993,1.1077698860225145,0.5104049615639176,0.5347710725964474,0
C1QBP+ctrl,189.0,2000.0,5000.0,0.9964882429970264,0.9821139254605566,0.5409341546331272,0.3815038717379353,0.9929144135676324,0.0008771666941577,0.8462858204108599,0.5176964518327152,0.4024742247104133,0
CCDC86+ctrl,235.0,2000.0,5000.0,0.99622006585795,0.980965355829701,0.8285084153641707,0.6716107127206657,0.9924345058389008,0.0009634317467963,0.7621455384986416,0.5179842232204473,0.3673257677491952,0
CDC123+ctrl,96.0,2000.0,5000.0,0.9971157193832642,0.972432964936657,0.3126706133117404,0.2378110100895628,0.9941404885612428,0.000764400210328,1.0132167059803272,0.527615246809712,0.4818989142168818,0
CDC23+ctrl,158.0,2000.0,5000.0,0.9977287269716272,0.98013700160548,0.5905148889458114,0.4116655707019027,0.9953905157744884,0.0005873508351014,0.8911421871842368,0.4737495274023804,0.3785705685396401,0
CDC40+ctrl,84.0,2000.0,5000.0,0.99728652943381,0.9663649557745976,0.7138180745499735,0.5645632919671802,0.9944314961321652,0.0007035553510959,1.1615088446077977,0.5158689053126443,0.5542023248203918,0
CENPC+ctrl,116.0,2000.0,5000.0,0.9978180151757706,0.9768692107942132,0.7178415152413962,0.5001303658092179,0.995581658091396,0.0005417930490163,1.1367689130017262,0.5060525094360994,0.5292070907587655,0
CENPE+ctrl,171.0,2000.0,5000.0,0.997911327526472,0.982358474285492,0.6050773945800598,0.4288449328909665,0.9958114069886506,0.0005257464959192,0.890797283491333,0.500964697034595,0.4067130001809526,0
CHERP+ctrl,54.0,2000.0,5000.0,0.9937112797020096,0.9521621776498944,0.5134956780006148,0.3575321457916089,0.987384787760675,0.0016526512296234,1.2229102547831712,0.5204173852508976,0.5966954766850437,0
CHMP6+ctrl,620.0,2000.0,5000.0,0.9986949134592622,0.991239677929377,0.8944671558885331,0.7995925712988932,0.9971366843674332,0.0003640741589185,0.6321617504725082,0.517567854766598,0.2947276729276361,0
CNIH4+ctrl,65.0,2000.0,5000.0,0.9946714013981636,0.9594069692633046,0.3469108985131329,0.2186912016911396,0.9893673323094844,0.0013479806182657,1.2567886240398023,0.5155659035603782,0.6257892085761156,0
COG2+ctrl,332.0,2000.0,5000.0,0.998667961756751,0.9889198727087948,0.4717860428429426,0.3455733230241078,0.997277163900435,0.0003517103265066,0.6852104718425902,0.5421807711137729,0.3304581297210699,0
CPSF3+ctrl,575.0,2000.0,5000.0,0.9958297141291012,0.9788002789035024,0.7308135605256956,0.5871301606832976,0.9916760120540856,0.0010558395815692,0.6304641448582741,0.5557771135159034,0.3238140691991627,0
CPSF4+ctrl,57.0,2000.0,5000.0,0.9873238084309068,0.929344052058873,0.4734316517832292,0.3217504357500174,0.9745821990072728,0.0032107045412836,1.4081792133409132,0.5086970844761588,0.6724098819659184,0
CSTF1+ctrl,129.0,2000.0,5000.0,0.9951208901083978,0.9683258426355132,0.4544250646534683,0.3179663653655482,0.9899812499061228,0.0012384319888373,1.032225680216082,0.4990974987902529,0.4772479050636031,0
CSTF3+ctrl,59.0,2000.0,5000.0,0.990201338769966,0.9393811786406748,0.3396567490884981,0.2346169639559401,0.9801573008298874,0.0024794294362872,1.3098034122352713,0.491236486323547,0.6356569012968103,0
CTR9+ctrl,197.0,2000.0,5000.0,0.9886919904683756,0.946751560916784,0.7655692694189794,0.6741594727750981,0.9753989689052104,0.0031989872763361,1.0090515735746903,0.5486573733682281,0.5176882490455553,0
CUL1+ctrl,181.0,2000.0,5000.0,0.99780251538765,0.9802322846812912,0.3321366442218186,0.1954802776752111,0.9954042630270123,0.0005946169210874,0.8415376233822347,0.5238283178218793,0.4088990116556112,0
CWC15+ctrl,144.0,2000.0,5000.0,0.9937133593271223,0.9682367541534695,0.8831853769406977,0.8014145488055177,0.9864543033763766,0.001808983716451,0.9954236269640114,0.5112227433141066,0.4944912338045534,0
CWC22+ctrl,28.0,2000.0,5000.0,0.9926270085031818,0.9272079821016046,0.6886936076150107,0.5337160348590689,0.9852733286097646,0.0018935075553973,1.7079508681291782,0.4613165521888003,0.7720906692884272,0
DAD1+ctrl,71.0,2000.0,5000.0,0.9942132130181516,0.9645909835116396,0.2367052295502784,0.203915203456184,0.988200208172202,0.0015352106280471,1.1478215787401562,0.5172927083740997,0.5723762624098908,0
DBR1+ctrl,96.0,2000.0,5000.0,0.9933455609919448,0.956037181876212,0.2026062041603152,0.0946648435739535,0.9855093182995917,0.001904804386981,1.10533357510165,0.5218563769335358,0.5739875396987266,0
DDOST+ctrl,74.0,2000.0,5000.0,0.9958013558496948,0.9649486635899462,0.3354585653117583,0.277491968294318,0.9913167422637345,0.0011283673168465,1.1935471904010304,0.527496673582105,0.6001467574827011,0
DDX41+ctrl,259.0,2000.0,5000.0,0.9836645773812004,0.9320548378901932,0.3477010048479044,0.2420424317195062,0.9645469561219217,0.0047450190360817,0.8777023375290048,0.5133773070898989,0.4718829670699624,1
DDX49+ctrl,41.0,2000.0,5000.0,0.9946572411901964,0.9526527813717204,0.5100703528888496,0.2506481341619875,0.9890849255025388,0.0013479503197273,1.4541813004284088,0.5209759467336343,0.7178610234293332,1
DDX5+ctrl,130.0,2000.0,5000.0,0.9958763795881976,0.9741267507730698,-0.0523100666445806,0.0353487629027988,0.99142696429044,0.0011367795151829,0.9215178641148282,0.5449678065343797,0.4745553431348346,1
DDX52+ctrl,106.0,2000.0,5000.0,0.997608571645958,0.9797015734280629,0.8731019630266167,0.6378237141348719,0.9952220623381436,0.0005614835813419,1.0230256337105408,0.5018683965187439,0.4663838214312521,1
DDX54+ctrl,68.0,2000.0,5000.0,0.9971653668141104,0.9696806041690412,0.7097081710259974,0.5222155257936874,0.9941230989061296,0.0007505432972353,1.0964080632091624,0.4824808832342874,0.5052327303909044,1
DERL2+ctrl,122.0,2000.0,5000.0,0.9960698060588838,0.9729314578932584,0.4611949255868316,0.3381487392785274,0.991959512233734,0.001000944759697,1.0680956557734738,0.5028600038262385,0.5060881213390364,1
DHX37+ctrl,202.0,2000.0,5000.0,0.9975346628712998,0.984769453374778,0.8334481284391321,0.6317453615258144,0.9949836651794612,0.00059488949442,0.840490792889025,0.5409772660829055,0.4098947909694947,1
DLD+ctrl,283.0,2000.0,5000.0,0.9856535591979452,0.9415621301810828,0.3729856424496447,0.2866725294395416,0.9702199120074512,0.0036801387977055,0.8483917584966346,0.5313632137278621,0.4668563966469765,1
DNAJC8+ctrl,260.0,2000.0,5000.0,0.9984924839503352,0.98685900721836,0.3181418961825928,0.2724708172675292,0.9968315293081104,0.000409882221934,0.7545627704889456,0.5317140845291821,0.3655877881875402,1
DNTTIP2+ctrl,235.0,2000.0,5000.0,0.9950943726943542,0.9830001511027822,0.954424991631126,0.8496320608944559,0.9884848175570368,0.0012963294813981,0.8237959568107739,0.5243694847968885,0.3955620719603113,1
DONSON+ctrl,688.0,2000.0,5000.0,0.9978986400893526,0.9912217843926608,0.8520217891265777,0.7360879052531825,0.9957891483791173,0.000528822589381,0.630686977352105,0.5318609914280896,0.2883023351559785,1
DPH2+ctrl,161.0,2000.0,5000.0,0.9976092308781336,0.9803343808773752,0.1197148194259222,0.0592912345707643,0.9951681150123476,0.0006284667200518,0.859611770396276,0.5239802945105237,0.4201412216859045,1
DYNC1H1+ctrl,217.0,2000.0,5000.0,0.9983844569548096,0.983401172424047,0.7949482954091017,0.6134443660712199,0.996648942353204,0.0004091569391713,0.9080397189873252,0.5001872539673013,0.3943765619671573,1
DYNLRB1+ctrl,192.0,2000.0,5000.0,0.9983636299600712,0.9833191461807655,0.6462099604856303,0.4599307731194609,0.996696054469794,0.0004095284894759,0.8952248952234302,0.5174225294250104,0.402333109769639,1
E4F1+ctrl,130.0,2000.0,5000.0,0.9953587002267356,0.9714823655299256,0.3329876013795209,0.2438692510784757,0.9903465397655964,0.0012733880717311,0.9708960468156006,0.515500115826265,0.4717489348991157,1
EBNA1BP2+ctrl,68.0,2000.0,5000.0,0.9971708002779744,0.9713079029483158,0.8534283018082502,0.6812213476332033,0.994337826501578,0.000716157411107,1.0835302420497683,0.4747514267955864,0.4876836017170382,1
ECD+ctrl,69.0,2000.0,5000.0,0.9950703920625932,0.958226602485054,0.5917444564947298,0.4421363739145112,0.9901556931436062,0.0012424591041627,1.232045168404278,0.5050084286756288,0.5839622249478147,1
EIF2B3+ctrl,96.0,2000.0,5000.0,0.9967479854007611,0.9726467255298692,0.940961548781636,0.7915148842075919,0.9934041448868812,0.0008485463224874,1.1158546030334755,0.5171529132945056,0.5274330181894313,1
EIF2S1+ctrl,208.0,2000.0,5000.0,0.9758527319693184,0.9435549987022,0.9267606047261132,0.8478724747468989,0.9514325931668282,0.0058921460133588,1.022164333086839,0.54366153962186,0.5697230212256251,1
EIF3E+ctrl,171.0,2000.0,5000.0,0.9892288469031438,0.9630818835152752,0.5428698008665321,0.4656713570172064,0.9763495363295078,0.0030894386294006,0.8764147322381693,0.5209088669921453,0.4608576161708808,1
EIF3F+ctrl,36.0,2000.0,5000.0,0.9925901896556476,0.9386765650991898,0.4997240080064211,0.3400589620105199,0.9850892778486012,0.0018958706226919,1.366513711764468,0.4532364244488863,0.6057900195282593,1
EIF3G+ctrl,52.0,2000.0,5000.0,0.9911302232212008,0.9499627308485048,0.7066941302102482,0.5087959143366808,0.9814796485006808,0.0022873716835618,1.1777515536905052,0.4808623657573067,0.5456030565460831,1
EIF3J+ctrl,72.0,2000.0,5000.0,0.9949001352032514,0.9649981854550876,0.3933376757769463,0.2323164179862323,0.9885887783020736,0.0014770997038963,1.1234623740266898,0.4945760559877743,0.5553828053845138,1
EIF3M+ctrl,209.0,2000.0,5000.0,0.9933341730656036,0.97203778644084,0.646893361149225,0.5343243700449747,0.9855474727228284,0.0018702333538146,0.8116604892796403,0.5277864922914776,0.4069422910799369,1
EIF5A+ctrl,100.0,2000.0,5000.0,0.9932502575736762,0.9609537133092112,0.4196837143108395,0.3288973852036824,0.986407141201198,0.0017526896297193,1.0574589792606237,0.501990664783608,0.5015692061853407,1
ELP5+ctrl,167.0,2000.0,5000.0,0.9982771993276924,0.9840826840109254,0.360250933606282,0.22376271853999,0.9964007320813836,0.0004734156887219,0.826982416550159,0.5094217343630213,0.3886593180362049,1
EXOC7+ctrl,32.0,2000.0,5000.0,0.9886448005325716,0.9180595456829526,0.3627773440404128,0.2478110697122326,0.975787565112114,0.0029152114883587,1.6132144093139758,0.4891806141885103,0.7157438873933901,1
EXOSC10+ctrl,77.0,2000.0,5000.0,0.995500638815358,0.9629753456870134,0.5729341267778667,0.3022268505603274,0.9907674109563231,0.0011242303686319,1.1867403906032865,0.5284050447821425,0.5909853992394265,1
EXOSC2+ctrl,209.0,2000.0,5000.0,0.9920739855272708,0.97319633344721,0.9427474702184856,0.8042396767681903,0.983026595786214,0.0019187403557834,0.960047458003622,0.5485780725746333,0.4911711662720825,1
FAM50A+ctrl,38.0,2000.0,5000.0,0.982680696045598,0.9138945865740052,0.333841265848952,0.2732504672565767,0.9641196765005589,0.0044388303341047,1.5644906206530904,0.5046124521943092,0.7502476739196401,1
FASTKD5+ctrl,182.0,2000.0,5000.0,0.995828140721274,0.9860240665769628,0.3645591512150423,0.2909438638437198,0.9916026033461094,0.0011167631964343,0.8224646630375813,0.5230192338810455,0.3910641982885126,1
FCF1+ctrl,225.0,2000.0,5000.0,0.9981558794707794,0.98834099642964,0.9620408755706495,0.8484585165827037,0.9961227606981992,0.0004500256496734,0.8031936814691601,0.5094711175000223,0.3715191362996996,1
FTSJ3+ctrl,153.0,2000.0,5000.0,0.987644259074178,0.9528951580084152,0.2420923689370151,0.1808528902507966,0.975308945402503,0.0030468734805963,1.0173499606697178,0.5176101475448829,0.5003463539356668,1
GFER+ctrl,198.0,2000.0,5000.0,0.9983826087808848,0.9845637392141792,0.7447799668078714,0.5425559441293872,0.9967624070122838,0.0004191442757625,0.7877919156942587,0.5221269730245831,0.3668546500687219,1
GFM1+ctrl,230.0,2000.0,5000.0,0.9986899236646146,0.9880983326119332,0.6738177132320624,0.5157515319879514,0.9970651620533316,0.0003849083539666,0.7549940354834148,0.5346259017054172,0.3592249478213136,2
GNL3+ctrl,29.0,2000.0,5000.0,0.9947866922144966,0.9441659061171638,0.7601821283859077,0.5684522218420888,0.9895091196522116,0.0013260791120435,1.544468742088807,0.4812953385633124,0.7300750821704493,2
GNL3L+ctrl,66.0,2000.0,5000.0,0.99752039691635,0.9685356852054274,0.7432531146763194,0.5351649560788181,0.994828412309289,0.0006724821288158,1.100887284988999,0.5029530561277846,0.5134207003207285,2
GPKOW+ctrl,105.0,2000.0,5000.0,0.99584107245692,0.9663153992518076,0.4846298661502961,0.3914569096986462,0.9910239214077592,0.0011698163230251,1.0609114284188903,0.5042430815354151,0.5127146326390123,2
GRPEL1+ctrl,96.0,2000.0,5000.0,0.9980636861621376,0.976604686264187,0.9199678609222892,0.7355940437934161,0.9961230256594718,0.0004935371472621,1.132016582358144,0.5120177999394434,0.537025006977821,2
GTF2E1+ctrl,176.0,2000.0,5000.0,0.9985363979740712,0.9835639675025584,0.7849753314269,0.597387992021857,0.9970609087031336,0.0003645398705374,0.8624941936882722,0.5252241180865382,0.4025572724444369,2
GTF2E2+ctrl,69.0,2000.0,5000.0,0.996844400820356,0.9658457779618308,0.7212942289339278,0.5320699431098765,0.993695519398898,0.0007824812665532,1.2021159112406825,0.506545217363341,0.5552804523958886,2
HAUS5+ctrl,153.0,2000.0,5000.0,0.9984898472587708,0.9820379468090868,0.6129489408151251,0.4074812979445906,0.9969782745465636,0.0003825507922604,0.899087788536843,0.4866148222024053,0.3949069258381989,2
HEATR1+ctrl,216.0,2000.0,5000.0,0.992627832197888,0.9749281462525244,0.8197494440899146,0.695309482181754,0.9848222518339752,0.0017438567611194,0.8996816989187145,0.5173555387120706,0.4352700990441529,2
HGS+ctrl,96.0,2000.0,5000.0,0.9935526191146582,0.9624801301703048,0.6390336089996714,0.5247346276705724,0.986901299096644,0.0016976361435814,1.1190236540167469,0.5158013389062838,0.535145279810079,2
HIRA+ctrl,228.0,2000.0,5000.0,0.99786259733283,0.9843068023078956,0.1608442486176796,0.1202023287018628,0.9953171745873988,0.0006090813363904,0.7446212978246664,0.5111007825457345,0.3562925276418946,2
HNRNPH1+ctrl,92.0,2000.0,5000.0,0.9933009115019316,0.9594115572474884,0.2695606656543334,0.218715677580627,0.9865185264497996,0.0016846968487658,1.1155322637910106,0.5051878850390645,0.5311185584774776,2
HNRNPM+ctrl,128.0,2000.0,5000.0,0.9961267429402578,0.9728847011147372,0.4124831211619573,0.3099327632773105,0.9921916252933444,0.0010033065537619,0.9312597765774978,0.5137331492694468,0.4564042095672843,2
HNRNPU+ctrl,73.0,2000.0,5000.0,0.9930429216503656,0.9554108917273654,0.2497891823997892,0.2370757802784108,0.9859940847381948,0.0018207559648354,1.1042659524187226,0.5118171905643415,0.525034274937114,2
HSCB+ctrl,85.0,2000.0,5000.0,0.9980017151671072,0.9740097364397654,0.5735702386336375,0.3742515453209361,0.9958838629536332,0.0005379548879013,1.082208494571561,0.5252373491264815,0.5408003696782933,2
HSD17B12+ctrl,135.0,2000.0,5000.0,0.9965922621802908,0.9734121631284864,0.6868187479610455,0.5193680309436509,0.9931876645423472,0.0008762692142676,0.97756879895788,0.5160035209886893,0.4748352028034878,2
HSPA8+ctrl,146.0,2000.0,5000.0,0.9848535436909176,0.9548815188581778,0.4884966943735873,0.4439895054662032,0.9691915288567544,0.0040131512598462,1.03077530169205,0.5069840437477472,0.524733848051465,2
HSPE1+ctrl,25.0,2000.0,5000.0,0.989103555025662,0.9266909181743088,0.7063232843874533,0.5097068160485055,0.978193547576666,0.0028840889056053,1.8741664421516084,0.4943453164878158,0.9268325474765482,2
IGBP1+ctrl,245.0,2000.0,5000.0,0.9953127494474818,0.97531830404414,0.6221623006755852,0.4564444991655986,0.9898237306624652,0.0012389506247354,0.8502834155193625,0.519707449582688,0.3850876950720457,2
ISCU+ctrl,32.0,2000.0,5000.0,0.9903777044410496,0.92436827436112,0.5758297596034022,0.3838238647018017,0.9804152436554432,0.0024333693937855,1.5942049917668526,0.4601343922216696,0.6965896390212326,2
KRI1+ctrl,51.0,2000.0,5000.0,0.9941839755819843,0.9600164902489828,0.7249523783812528,0.4551832401011785,0.9880576198920608,0.0014297649467389,1.1933811562516785,0.4957968989056722,0.559695151269759,2
LSM4+ctrl,68.0,2000.0,5000.0,0.9938612212775786,0.9602045419512266,0.841917167005944,0.7127936137917444,0.9875345723703504,0.0016528408980921,1.1677553237085845,0.5184953648375116,0.5828823782936593,2
MAGOH+ctrl,149.0,2000.0,5000.0,0.9931545955014116,0.9724914930436596,0.4878395255283154,0.4088308763470469,0.9860443221405149,0.0017643404261049,0.9363242812910672,0.5054102245910563,0.4606471972626923,2
MCM10+ctrl,190.0,2000.0,5000.0,0.9953821992645764,0.9814598553543944,0.7676721626352178,0.6572466484816398,0.9907506490126252,0.0011589777793973,0.8371693178735816,0.5057311961649479,0.4008688990335132,2
MCM3AP+ctrl,100.0,2000.0,5000.0,0.99596344384671,0.9703543107414608,0.5925228184099198,0.3685837415378876,0.991714196279645,0.0010391747744032,1.0298891537693888,0.5185851666966783,0.497529748498337,2
MDN1+ctrl,68.0,2000.0,5000.0,0.996533288040018,0.9651769440150776,0.6048258902770173,0.3970392405916853,0.9929850953631104,0.0009040181856657,1.1206006751372513,0.4880847452008353,0.5224563704080459,2
MED20+ctrl,78.0,2000.0,5000.0,0.9961116024896912,0.966148224292304,0.8869984126718913,0.7051556342222253,0.9921437697485088,0.0009084939417149,1.3816143168737214,0.5204701995238357,0.6645542254440122,2
MED26+ctrl,99.0,2000.0,5000.0,0.9945633634002304,0.9650851717554064,0.4865252378330063,0.2647224691743121,0.9882655832916498,0.0014840774086002,1.07187931347086,0.5205162092646145,0.5273677854559542,2
MED31+ctrl,35.0,2000.0,5000.0,0.9884511644078666,0.924859742619031,0.4931691852484278,0.3078974794838992,0.9758240412920712,0.0029949297152961,1.5663708549830009,0.4992748365914115,0.7657154884386621,2
MED8+ctrl,94.0,2000.0,5000.0,0.9958345922373348,0.9665674355266972,0.8510081213147107,0.6697791559113158,0.9916512854397296,0.0009716647113467,1.2255467227450083,0.5019139432142606,0.5672343052681686,2
MFAP1+ctrl,164.0,2000.0,5000.0,0.9931897787615132,0.9609438434528164,0.8336836967284681,0.7428663376099687,0.9860096275806428,0.0017130271064232,1.0259864529631018,0.510320708713532,0.4593243506160113,2
MRPL18+ctrl,128.0,2000.0,5000.0,0.9987277491614168,0.9803836463513456,0.8516888139032777,0.5918212459856645,0.9974128811154516,0.0003409866600654,0.9155624462474627,0.4983194058609666,0.4166841380168684,2
MRPL3+ctrl,146.0,2000.0,5000.0,0.9986188630107332,0.9820057958562318,0.7943995670852493,0.5401855987663173,0.9972388467285782,0.0003631619026034,0.8771903180766892,0.5110578950888497,0.4164305379931647,2
MRPL32+ctrl,62.0,2000.0,5000.0,0.9979499315136622,0.968336779437471,0.7247340997782606,0.4378717137653775,0.9957966059446336,0.0005637933947697,1.1435620056306426,0.5056424170812905,0.5540985688458119,2
MRPL38+ctrl,132.0,2000.0,5000.0,0.998524531912086,0.9811809601027868,0.7257799586048189,0.4578100404573639,0.997038448927924,0.0003840461708571,0.9168339974264592,0.5105289502001075,0.4267460939338303,3
MRPL4+ctrl,109.0,2000.0,5000.0,0.9983958012522376,0.9800008193835524,0.6370118240527733,0.4168665523406861,0.9967562940437348,0.0004249759951093,0.9738429713921996,0.5109637067906301,0.462404770630718,3
MRPL49+ctrl,36.0,2000.0,5000.0,0.989067238700606,0.9436749267419215,0.1500007443853585,0.1090376617401233,0.9756046868860722,0.0029325991307892,1.5688346850604529,0.5177970690410792,0.7826761708421349,3
MRPL50+ctrl,147.0,2000.0,5000.0,0.9988233747775476,0.9834640040425598,0.7443232026186163,0.4923938319628405,0.9974712294060736,0.0003353057399011,0.8672104871007792,0.5200927661194964,0.4107664301210206,3
MRPL54+ctrl,112.0,2000.0,5000.0,0.9984429981384314,0.976159635549813,0.627934670004698,0.4017150829902445,0.9968208849895746,0.0004141788950369,0.9782857189719404,0.4953687827835212,0.4498956911214447,3
MRPS11+ctrl,90.0,2000.0,5000.0,0.9979259152687362,0.973068375786735,0.7491129020172942,0.4978358447213298,0.9958028513938189,0.0005562133346771,1.0285250410742726,0.5127455303537571,0.4867870847427361,3
MRPS14+ctrl,82.0,2000.0,5000.0,0.9925992023378692,0.9667426598929082,0.6082726251413144,0.4519390946061034,0.9850497702136636,0.002004370912551,1.1570580754539588,0.5010176002998223,0.5591962775005621,3
MRPS18A+ctrl,108.0,2000.0,5000.0,0.9976353082091972,0.9781746366779378,0.6147028516822821,0.4575710706827697,0.9950798028148712,0.0006505525290689,0.9583088778547656,0.5207435491205571,0.4675464365128289,3
MRPS24+ctrl,132.0,2000.0,5000.0,0.998230284463183,0.9810634504820832,0.4494698509893362,0.2727159485537283,0.9963826527819036,0.0004782919904601,0.9102256133296466,0.5102585966115548,0.4225396250511573,3
MRPS26+ctrl,111.0,2000.0,5000.0,0.9983548007986496,0.9802499555939984,0.6068783355042316,0.3766472498130085,0.9966547708027064,0.0004401969654553,0.9671783644481567,0.5092939096659392,0.4560748036041087,3
MRPS27+ctrl,76.0,2000.0,5000.0,0.9961656748547842,0.9693133854357986,0.5772212874497067,0.4385929471858229,0.9922055527567863,0.0010155513100071,1.1210584008810336,0.4999661114438918,0.5076725358211516,3
MTPAP+ctrl,86.0,2000.0,5000.0,0.9763570760027556,0.970809549406981,0.4002105924675538,0.3745861402514059,0.9527044296264648,0.0061242771129065,1.238668683706548,0.5163676182406158,0.7227407557569384,3
MZT1+ctrl,381.0,2000.0,5000.0,0.99782721278586,0.9884439549209264,0.3156012137136804,0.2178121437521682,0.9954497651197016,0.0005822415631338,0.6477784164140422,0.5079118076212465,0.2920678201630304,3
NAA15+ctrl,107.0,2000.0,5000.0,0.996808734032014,0.9738829939953196,0.4113919910106786,0.2959347933698014,0.9935695263557136,0.0007967416391196,1.0409148335992129,0.517608621225003,0.4943734214835672,3
NARS+ctrl,149.0,2000.0,5000.0,0.9923035052137112,0.9678280310140328,0.8889252718368208,0.7287079122712946,0.9845619415864348,0.0019476901361364,0.9902209326424296,0.5053436426298681,0.48409736260281,3
NBAS+ctrl,94.0,2000.0,5000.0,0.9978336460751808,0.9740918838584316,0.627779532977195,0.4377149824791044,0.9955496531911194,0.0005763202090241,1.093253118022808,0.5228704277859106,0.5380342688352616,3
NCAPH+ctrl,64.0,2000.0,5000.0,0.9956819420197772,0.9601649216705966,0.5359505821669938,0.3690607867250039,0.9913004618138076,0.0010994772658699,1.147918451948287,0.4594338002437677,0.5006347363201725,3
NDC80+ctrl,171.0,2000.0,5000.0,0.9977599153491868,0.9807051876122072,0.8523938789783672,0.6842506932277159,0.994947331957519,0.0005986664537004,1.032924019480734,0.5130446491958098,0.4525883285087538,3
NDUFA8+ctrl,85.0,2000.0,5000.0,0.9970855446637008,0.9704150317766008,0.3409434524170913,0.1745976330250473,0.9939379207789898,0.0007882279815606,1.072543916011436,0.5182248703823977,0.5130668637601238,3
NEDD1+ctrl,134.0,2000.0,5000.0,0.997659302079213,0.980551157142046,0.5191033961272271,0.3779400057069529,0.9952843030914664,0.0006050785913999,0.8924494655314248,0.5037731627546367,0.4196424649699468,3
NELFA+ctrl,82.0,2000.0,5000.0,0.9916937592239264,0.9577361360674168,0.3718744160525203,0.2095409934056397,0.9834284950047733,0.0020455617027119,1.2061051738395812,0.5244950177587673,0.6167188044285714,3
NFRKB+ctrl,223.0,2000.0,5000.0,0.996797923425204,0.9811669192382249,0.3718002765356635,0.2192713206371654,0.9935344606637956,0.0008176242861394,0.8007088872638009,0.5394837873152184,0.3748616611133499,3
NOL6+ctrl,107.0,2000.0,5000.0,0.9949214511590612,0.9752238866003607,0.9303457021998686,0.7838525934341036,0.9886827496811748,0.0012941908392734,1.0656404079485715,0.51163607832745,0.5269462810194774,3
NOP10+ctrl,124.0,2000.0,5000.0,0.9970854329827888,0.9786178468567136,0.7184965109119725,0.4070112775959877,0.9941326091066004,0.0007207363483838,0.985960945932257,0.5186329074314139,0.4829522309970586,3
NRBP1+ctrl,62.0,2000.0,5000.0,0.9929239685907222,0.9504382099167704,0.301769334707358,0.2105197929479491,0.984913844615221,0.001822964104408,1.2628950379846773,0.503668207891772,0.5778145600479359,3
NSA2+ctrl,71.0,2000.0,5000.0,0.9967398284662516,0.9718954923071452,0.7397881442204237,0.5214241303929652,0.9933107672259212,0.0008720448643764,1.100972815028672,0.5137178937551239,0.5486466310976869,3
NUBP1+ctrl,144.0,2000.0,5000.0,0.9984453361968646,0.9826239423525408,0.6238417315715891,0.4257544017706122,0.9967080354690552,0.0004236569922806,0.8994864455940487,0.5203703254677479,0.4328057770911381,3
NUDC+ctrl,106.0,2000.0,5000.0,0.9967916281654168,0.9714558480961788,0.3122067160614864,0.2284672995711416,0.9935674881562592,0.0008114996858084,1.0588378371317868,0.5233155141842358,0.5179541336471524,3
NUP54+ctrl,266.0,2000.0,5000.0,0.9955493577405428,0.9791346755248862,0.7776537468761686,0.6345541408526243,0.9909643512219192,0.0011661427805415,0.7639456211857372,0.5233925824844659,0.3682532508635249,3
NUTF2+ctrl,44.0,2000.0,5000.0,0.9888919732139804,0.9422730808816292,0.7408781685287544,0.5628469160178766,0.9778657462447882,0.0028477438346942,1.3910296385681953,0.5021732340798101,0.701629653703462,3
OGFOD1+ctrl,101.0,2000.0,5000.0,0.992224767536608,0.9578078911033032,0.3211911697293276,0.204531398632891,0.984008064493537,0.0019988565124154,1.0505122383047554,0.5281567896814114,0.5375174055407025,3
OPA1+ctrl,53.0,2000.0,5000.0,0.9956318346957198,0.9606970546264496,0.4158069177133336,0.3145044102432727,0.9908007215708494,0.0012058381962372,1.2419610477543683,0.514066727678983,0.5964952247703873,3
ORC5+ctrl,89.0,2000.0,5000.0,0.9965927069517496,0.968950927821292,0.43850750816115,0.2105649481817586,0.9928171457722784,0.0009412198056129,1.0823169676881874,0.519059078313058,0.5499543926007908,3
OXA1L+ctrl,305.0,2000.0,5000.0,0.996718446502969,0.9846089838963596,0.864540874576243,0.703255681094618,0.9933310365304352,0.0008790041594937,0.7318361058042349,0.5425888708615237,0.3538613300814781,3
PAM16+ctrl,43.0,2000.0,5000.0,0.9944868621421968,0.9465935703187294,0.8591759248573625,0.6513555514138546,0.9889514343813062,0.0014349503041489,1.4627616545506124,0.4978958629921807,0.7016660942512734,4
PCF11+ctrl,393.0,2000.0,5000.0,0.9932610768282856,0.9686858786514349,0.5101380690248181,0.3655115118612327,0.9861788973212242,0.0016803475452514,0.7577848019723138,0.545896093015128,0.3610592210332579,4
PDCD2+ctrl,59.0,2000.0,5000.0,0.9922800303362376,0.9642666007432336,0.064294917053085,0.076514410216249,0.983709929510951,0.0019766784910359,1.2779683607965806,0.5185155442602802,0.6368791942380969,4
PET117+ctrl,80.0,2000.0,5000.0,0.9936535160651134,0.9692098362796544,-0.1951212794696394,-0.0743479014788378,0.9872138537466526,0.0016166682840916,1.0906305320241676,0.5264186927726516,0.5521345400667,4
PGPEP1+ctrl,51.0,2000.0,5000.0,0.9942978155951984,0.9497076314793368,0.568283786826089,0.4155170247405706,0.9885030770674348,0.001454947025486,1.242231570544459,0.4621865767700022,0.5258934228477904,4
PHF5A+ctrl,197.0,2000.0,5000.0,0.99293242931476,0.9617682338858116,0.7400800461674669,0.6274192367118275,0.9856234490871428,0.0018621152905257,0.9139057943790558,0.5397763351557282,0.4561825930087409,4
PIAS4+ctrl,173.0,2000.0,5000.0,0.9944152529415416,0.971088379570841,0.650800282107044,0.4404677054158507,0.9888525260612367,0.0014116095508659,0.8993255820359418,0.5011451311194988,0.4339612754853737,4
POLA1+ctrl,195.0,2000.0,5000.0,0.998866654862345,0.986824965496682,0.9210458832095886,0.7660824042136821,0.9977302991319448,0.000286348373731,0.820598723470463,0.4958751500978712,0.3740061988386348,4
POLD2+ctrl,63.0,2000.0,5000.0,0.9971230546673784,0.9694850976186716,0.8128846242033981,0.5992922455060729,0.9941544281318784,0.0007404283566879,1.0260166496765273,0.4822308516359604,0.4483259285629515,4
POLE+ctrl,154.0,2000.0,5000.0,0.9967876276478884,0.9787723698068944,0.8734885524159931,0.7164458391550282,0.9929060158319772,0.0008698572822777,0.8911028580479814,0.4794486070621602,0.4046739999006943,4
POLR1E+ctrl,202.0,2000.0,5000.0,0.9977991987541132,0.9856766917867236,0.7547156163986377,0.6020833158882327,0.9955246355384588,0.0005519323362748,0.8128282338774597,0.5218484391407135,0.3807558364772643,4
POLR2E+ctrl,93.0,2000.0,5000.0,0.996007602204412,0.9677378814687412,0.7443251675397439,0.495671277554851,0.9917283924296498,0.0010003641804396,1.1393815304101444,0.5111922863797775,0.5433022749573683,4
POLR2F+ctrl,209.0,2000.0,5000.0,0.9974145907408016,0.9821787252947212,0.9374867645767796,0.8302985955518709,0.9948313143104316,0.0005990256328176,0.954841167541703,0.5337990613177711,0.4439330448762106,4
POLR3B+ctrl,109.0,2000.0,5000.0,0.9974173885755184,0.9732308227692328,0.473628004786655,0.3182145265198554,0.9943400644697248,0.0007251968057042,1.046050030232981,0.5166326335611697,0.5040896973470265,4
POLR3C+ctrl,169.0,2000.0,5000.0,0.998405576719808,0.9823688215027528,0.3419743691243401,0.2301975595284766,0.9962435422930866,0.000489992138577,0.8618666498693731,0.5172855602049726,0.4126970031818876,4
POLR3D+ctrl,108.0,2000.0,5000.0,0.9977558068823223,0.9754804602426298,0.5512006058442128,0.3933660855549657,0.9951640479266644,0.0006172044421836,1.0678657258696274,0.5119828685504947,0.5038962599941208,4
POLR3F+ctrl,156.0,2000.0,5000.0,0.9979302601919487,0.9807433162452704,0.424672593749168,0.304380569517833,0.9952203542925416,0.0006177166789952,0.8988114411661463,0.509100119338281,0.431466132392899,4
POP4+ctrl,116.0,2000.0,5000.0,0.9972858372763154,0.9788443985137756,0.8064303876040008,0.4862307088892282,0.9944939422421156,0.0006653468559299,1.0100702781855706,0.5246461014805742,0.5017644683978777,4
PPP1R11+ctrl,69.0,2000.0,5000.0,0.9952685050498984,0.959856775079002,0.127357236278225,0.1096914729901893,0.9904961502179505,0.0012528322352008,1.1160734997962654,0.5024893140662164,0.5326117063376844,4
PPP4R2+ctrl,162.0,2000.0,5000.0,0.9969661821370198,0.9795595734863828,0.2534809488242151,0.235778500600116,0.9938972028903664,0.0007831284688215,0.8265867481542709,0.5185366219080314,0.3891301109367539,4
PRELID1+ctrl,122.0,2000.0,5000.0,0.997939055971588,0.97710200622008,0.5428291289059604,0.3650146952596292,0.9956534593366086,0.0005643274915756,0.9846664835170436,0.5179022272708135,0.4728577743256689,4
PRPF3+ctrl,129.0,2000.0,5000.0,0.9931606412506212,0.9645155196829176,0.9254444706815194,0.8397463980781638,0.9861853308975695,0.0017262685771742,1.0729076664539037,0.5188972899639128,0.5104523035224411,4
PRPF31+ctrl,23.0,2000.0,5000.0,0.9854123968235714,0.8915697201540114,0.8120412663131427,0.6725614266787399,0.9707954339683056,0.0038268810237699,1.9938437477317503,0.528042718772001,0.9286934318801244,4
PRPF4B+ctrl,160.0,2000.0,5000.0,0.9964089554685354,0.975598846631368,0.3994045565119775,0.3453659144397917,0.9927319209091364,0.0009511430634748,0.902867992867278,0.523403141532869,0.4472100794747106,4
PRPF8+ctrl,91.0,2000.0,5000.0,0.9969349256042116,0.9700938047950344,0.8970087018502451,0.7665702564460033,0.993795450311154,0.0007774330896839,1.1602472195264515,0.499964075564884,0.524877903033206,4
PSMA2+ctrl,38.0,2000.0,5000.0,0.9931072429888096,0.9442168953806171,0.5275863160187445,0.3541776473521063,0.986018868163228,0.001787000415695,1.4508170118014545,0.4980777429266382,0.7029108824317697,4
PSMA3+ctrl,194.0,2000.0,5000.0,0.9911380482586148,0.9723708778708352,0.9007477624275352,0.7951820486325349,0.9823440704494716,0.0021700382430857,0.9279415973699952,0.5159670804676497,0.4502536018923538,4
PSMA6+ctrl,18.0,2000.0,5000.0,0.9901840785037116,0.9144475215306824,0.6284259888815917,0.4287261411696246,0.980172323063016,0.0025325031622278,2.0776238027163387,0.4688788575869688,1.0042557341751717,4
PSMB1+ctrl,106.0,2000.0,5000.0,0.9974792431919576,0.9764457545852652,0.8008303143867639,0.5617119603884784,0.9948572814464568,0.000635633452711,1.1043885283437147,0.5108551253214111,0.5244966525270112,4
PSMD1+ctrl,87.0,2000.0,5000.0,0.995890317144041,0.9682530118965966,0.8545308517939716,0.6445981227268656,0.9916791189461946,0.0010077486471538,1.1628771993895095,0.4928429086711572,0.5417651158481633,4
PSMD4+ctrl,285.0,2000.0,5000.0,0.9940686494047106,0.9765994706799784,0.7057139007423973,0.6121095737323828,0.9879717016592622,0.0014760604408504,0.804512483036079,0.5478111139937057,0.3977831292815829,4
PSMD7+ctrl,175.0,2000.0,5000.0,0.9858108778057336,0.965392278647691,0.9423585418528416,0.8664905017684159,0.9698105417191982,0.0034128546459042,1.1213843735139073,0.5400105348791054,0.5462010129238783,4
PTCD1+ctrl,246.0,2000.0,5000.0,0.9987806844108787,0.988555469437944,0.6254696614950566,0.5164392576903595,0.9974128371104598,0.0003408893433449,0.7373289646201121,0.5322079266247008,0.3497405928826989,4
PUF60+ctrl,52.0,2000.0,5000.0,0.994241352740925,0.947599952275422,0.4624215600174689,0.3088533554249592,0.9884355561807752,0.001505119734277,1.333364964523168,0.5067095329326604,0.6405245477492356,4
PWP2+ctrl,51.0,2000.0,5000.0,0.9952222062032976,0.9579072947041692,0.772756092622092,0.477835521008357,0.9903855435550212,0.0011352056943584,1.1700907962731235,0.4535729926626547,0.4858676186797377,5
QARS+ctrl,376.0,2000.0,5000.0,0.996157444892936,0.9842767172270686,0.9513247314485777,0.8614978054179401,0.9922620882280172,0.0009836629242849,0.7502786107221138,0.5551008080252112,0.3625702142999912,5
RARS2+ctrl,139.0,2000.0,5000.0,0.998565065231992,0.981481510698372,0.7448480146247538,0.541755416653223,0.9971212984528393,0.0003744316724143,0.8976942095451003,0.5288384470716379,0.4264842053046371,5
RBM19+ctrl,37.0,2000.0,5000.0,0.9921294111998492,0.9451063871805924,0.4571163618120327,0.2589547495164049,0.983935821801424,0.0019277753776173,1.558788652461401,0.4901417393166619,0.7509666264410056,5
RBM28+ctrl,55.0,2000.0,5000.0,0.995072885312478,0.963624872178884,0.7396993555998254,0.5746387969033432,0.9898381056264044,0.0012911853670453,1.181014524844934,0.508822953446738,0.560212345371415,5
RBM39+ctrl,49.0,2000.0,5000.0,0.9906584308618877,0.936410434730682,0.3502029296721584,0.2709148320080992,0.981311248615384,0.002463511737616,1.2070358436733517,0.4801534282430211,0.5445404831329489,5
RBM42+ctrl,68.0,2000.0,5000.0,0.9935475805566292,0.9574271123450844,0.2247054159750845,0.1970556784422271,0.9868060294538736,0.0017451257064834,1.1981080589276156,0.523633383163239,0.6227184476636968,5
RBX1+ctrl,41.0,2000.0,5000.0,0.991127655119018,0.9427710823685546,0.5672296798333811,0.4435002090572285,0.9819579850882292,0.0022438432576601,1.3474429807160118,0.46762436710708,0.5924407541402004,5
RCC1+ctrl,162.0,2000.0,5000.0,0.9979914672641644,0.9799813333752532,0.4045361272569845,0.2196953070810849,0.995755509007722,0.0005480630505338,0.8849175540797031,0.5152625292860342,0.4184845040431224,5
RFC3+ctrl,211.0,2000.0,5000.0,0.9990543765843852,0.988414980152321,0.8866003030186876,0.7153738249716289,0.9980010585859418,0.0002565057830313,0.7408420802154322,0.5050116997425252,0.3302889232712806,5
RFC4+ctrl,58.0,2000.0,5000.0,0.997280122532001,0.9681540773893988,0.7550432385312366,0.5546318951398981,0.994522660970688,0.0007086975552942,1.0545599389531235,0.4786003864569779,0.4617789677999628,5
RIOK1+ctrl,290.0,2000.0,5000.0,0.998722294125802,0.990417598480244,0.95578463876922,0.8337020056120978,0.9974384701345116,0.0002983817043365,0.7309786928453745,0.5130247045036516,0.3298469096960215,5
RNF40+ctrl,185.0,2000.0,5000.0,0.9965911552575492,0.9788070148642803,0.4521389508903251,0.3355636593509211,0.9929957371205091,0.0008863045957521,0.8405531749382463,0.533527285637278,0.4097653682882156,5
RNGTT+ctrl,110.0,2000.0,5000.0,0.997719713080068,0.976488106259524,0.4913048460619282,0.3125218491313755,0.9953729612752796,0.0005815789720015,0.9781934409000728,0.5005336474997233,0.4508553444646703,5
RNMT+ctrl,106.0,2000.0,5000.0,0.9928453000791502,0.9709546211334878,0.4902093895744062,0.1823262336974252,0.9852019976824522,0.0018040752637491,1.062498630815374,0.5245975591050741,0.5295269207098421,5
RPF1+ctrl,108.0,2000.0,5000.0,0.9977775682587724,0.9773090163083606,0.8554912154838163,0.6607248183328501,0.99551786435768,0.0005637313146012,0.9645247074067212,0.4819725218525257,0.4415017666471605,5
RPL10+ctrl,215.0,2000.0,5000.0,0.9948775521812934,0.9867178893003968,0.9111788209255504,0.8765806069133003,0.9893637113273144,0.0012537352332652,0.8475810517322888,0.5153023465242583,0.4098348427779487,5
RPL10A+ctrl,195.0,2000.0,5000.0,0.9948304380771916,0.9854273532083948,0.8651069788060113,0.8384288586571542,0.9895964404568076,0.0012335315059017,0.8734829786167844,0.4826896679413523,0.3956886408259414,5
RPL11+ctrl,315.0,2000.0,5000.0,0.9991890591134462,0.9925785442151416,0.9705546697402748,0.904212147118187,0.9982075800653548,0.0002174141207993,0.710617787363115,0.5089527530972421,0.3201424240956461,5
RPL13+ctrl,243.0,2000.0,5000.0,0.9942526687579688,0.9888669124341424,0.905043820770844,0.896579780023191,0.9879948012530804,0.0014024574304123,0.8122258195499694,0.5272504574434069,0.3996448810122445,5
RPL18+ctrl,229.0,2000.0,5000.0,0.9964808267693764,0.9878820083152804,0.9748230475499906,0.9211652408207176,0.9923514034599066,0.0008862041679954,0.8211552629431172,0.4923372885454153,0.3821432486232687,5
RPL35A+ctrl,97.0,2000.0,5000.0,0.9928604770254206,0.9766855870268644,0.8971347964818143,0.8164843844353753,0.9847910096868872,0.0017891956981263,1.0631550253462314,0.4915973859100809,0.5132681097247055,5
RPL8+ctrl,290.0,2000.0,5000.0,0.9976324351638212,0.9899369021249927,0.9816917587819912,0.9369380605560088,0.9950627819634974,0.0005789393046749,0.7605064985914042,0.4902544316624991,0.336733891593678,5
RPL9+ctrl,180.0,2000.0,5000.0,0.996291420791646,0.9849638067981914,0.9642628529142128,0.8896533118741323,0.9919750429689884,0.0009344286875905,0.8583174467577163,0.4640120970914854,0.3937753159184767,5
RPP14+ctrl,53.0,2000.0,5000.0,0.995410934473907,0.9606819971453094,0.8266289277224159,0.523729587562892,0.9904459388926624,0.0011137743566753,1.2471299551466577,0.4893237208989889,0.560615735397835,5
RPS14+ctrl,156.0,2000.0,5000.0,0.9964303548460972,0.9861726186149046,0.8813132892226031,0.8113057413266437,0.9928440381772816,0.0008179656811465,0.9053641219901756,0.5003465268208297,0.4120316919031074,5
RPS19+ctrl,410.0,2000.0,5000.0,0.9962048266664162,0.9932340503128748,0.9182735672385324,0.926518781329224,0.9921607365831732,0.000867320713611,0.7020975208534126,0.5321955653335718,0.3118217647545376,5
RPS21+ctrl,63.0,2000.0,5000.0,0.9939204240297298,0.9649271510434024,0.7243970074039664,0.5122075515528879,0.9876696281135082,0.0014542168732085,1.241003972787299,0.5121257561558096,0.6097532359175812,5
RPS23+ctrl,98.0,2000.0,5000.0,0.9874723639934048,0.9699771195030849,0.7221049721677223,0.6611853467034139,0.9731248654425144,0.0029996424384229,1.1188953600995464,0.5281139890444216,0.5610033113518984,5
RPS26+ctrl,73.0,2000.0,5000.0,0.992851701132656,0.9699639120145565,0.912172282823545,0.8124070417442815,0.9848728142678738,0.0016800563021102,1.1678748769899472,0.4942625514652413,0.5197848573152458,5
RPS5+ctrl,127.0,2000.0,5000.0,0.994320981335454,0.983560043142007,0.9013501205788672,0.8527295816861141,0.9880372080951928,0.0013228807158631,1.010235143959965,0.5192972833070677,0.4849258953210837,5
RPS6+ctrl,165.0,2000.0,5000.0,0.9904945255439276,0.9797137139725488,0.9154688510700292,0.8741855409293824,0.9790550619363784,0.0022849775202983,0.9506656109872494,0.5144096907573534,0.4534500602118094,5
RRN3+ctrl,38.0,2000.0,5000.0,0.9855132081297426,0.9331631340385178,0.5735309277049144,0.4069437900350516,0.9684649892151356,0.0036941164518236,1.5171738514788051,0.5056108465639635,0.703958621361746,5
RRP7A+ctrl,40.0,2000.0,5000.0,0.9911126259089106,0.9453534110462593,0.7737574416024239,0.4749486583189402,0.9798831809312104,0.0022770310869182,1.4528567919738304,0.470031740182313,0.6369547658348308,5
SAP18+ctrl,40.0,2000.0,5000.0,0.9898198563958002,0.9409256077379288,0.4474587877841066,0.1982845593904177,0.9781140759587288,0.0026059069452325,1.4235383784779565,0.4848133060332171,0.6431691278693079,6
SART3+ctrl,142.0,2000.0,5000.0,0.9957728298061064,0.969926800237072,0.5036846800773758,0.4072104204359628,0.9912084136158228,0.001166699230262,0.9301079033439694,0.5413212451166509,0.4584353192315692,6
SCAF1+ctrl,158.0,2000.0,5000.0,0.9962888548927452,0.9748483894247284,0.6787523649437833,0.4986409638134755,0.992587957996875,0.0009384476976386,0.9320178515800908,0.5136716211192771,0.4364295596955393,6
SCFD1+ctrl,103.0,2000.0,5000.0,0.9977293942821228,0.9750761528910458,0.7131739862620505,0.5148874517205699,0.9949149563908576,0.0006167793334228,1.046034528234946,0.4904907583590907,0.4773769618083324,6
SDC1+ctrl,170.0,2000.0,5000.0,0.9981755485964026,0.9819024751800988,0.4013958465443621,0.2204506536230618,0.9963481144513936,0.0004683412125796,0.8367331783727107,0.5280994936500588,0.3998510154156574,6
SEC13+ctrl,43.0,2000.0,5000.0,0.9896660891289494,0.9329876936218072,0.4686981665236698,0.2436229111747633,0.9793666768819094,0.0026482486650071,1.4323483273291395,0.5069429818329824,0.6867463310840862,6
SF3A2+ctrl,236.0,2000.0,5000.0,0.9947917273677758,0.975145372637815,0.7292246533738281,0.6347123244269591,0.9889215920120478,0.0014034084305454,0.8694174637739088,0.5376397118473603,0.4380614333951899,6
SF3B2+ctrl,197.0,2000.0,5000.0,0.9811836398471644,0.932289475723579,0.8861204051880567,0.802610129474193,0.9616214111447334,0.0049075361235685,1.0432902163160749,0.5265731961735032,0.5225074276416415,6
SF3B3+ctrl,215.0,2000.0,5000.0,0.990278052194714,0.9560769286430768,0.8846166618786604,0.797713520378831,0.9803997054696084,0.0024400855041158,0.9946959406246224,0.5257876926638982,0.473774981306165,6
SFPQ+ctrl,185.0,2000.0,5000.0,0.9649103650017434,0.9063038674419058,0.6267862391001314,0.4452517428234416,0.9280197024345398,0.0094868428395202,1.0987252391713147,0.537695798831167,0.6352688610249452,6
SFSWAP+ctrl,145.0,2000.0,5000.0,0.996046848474432,0.9740885132995404,0.4061357602008311,0.3230405695358936,0.9918924383819104,0.0010646085954636,0.9463965316292,0.5215859379427722,0.4657554443087591,6
SIN3A+ctrl,217.0,2000.0,5000.0,0.997624205764044,0.9794952171958085,0.3094490190088009,0.2064030205159355,0.9952218448743224,0.0006056586737058,0.7903750293925915,0.5162382104070439,0.3689774349864024,6
SLU7+ctrl,195.0,2000.0,5000.0,0.9788628125905168,0.9243163370748368,0.8205527757153076,0.7438908658091947,0.956929448992014,0.0054022152814573,1.0565370184874925,0.5215827336667391,0.5195427809083097,6
SMC4+ctrl,169.0,2000.0,5000.0,0.9985298441287966,0.9847122194441216,0.7561352992775843,0.5480095481912953,0.9969887777697296,0.0003821931212305,0.8291886800512599,0.4774419357896333,0.3601619381162418,6
SMG5+ctrl,82.0,2000.0,5000.0,0.9821517383361068,0.9571391937165392,0.2424513120732508,0.1826862280566025,0.9642825536429882,0.004720677108174,1.0787992469967953,0.5090805885090465,0.5804797449940725,6
SNAPC3+ctrl,201.0,2000.0,5000.0,0.9976023004363108,0.9840117606717028,0.4740293106759517,0.3538781435895911,0.9948610966093838,0.0006589735764783,0.8148678431693641,0.5199018575087495,0.3878093360938531,6
SNRNP200+ctrl,92.0,2000.0,5000.0,0.9925193436978068,0.9580314632812584,0.9086664618258304,0.8274077746720268,0.9845159193500876,0.0018960082718525,1.253721477777388,0.5055947194781473,0.5762591746153444,6
SNRNP27+ctrl,42.0,2000.0,5000.0,0.9915174221511904,0.9458753347951566,0.1573460416473148,0.1617849485465778,0.9823077879846096,0.0022300545879406,1.361752584756947,0.4828273761999122,0.6178515638604218,6
SNRNP48+ctrl,179.0,2000.0,5000.0,0.9963795990662536,0.976200138718292,0.7544907553658128,0.5643634607936279,0.9926317590288818,0.0009138755267528,0.9220915407669964,0.5038897643431942,0.4147382689626369,6
SNRPD1+ctrl,113.0,2000.0,5000.0,0.9826503242572162,0.9318396125983128,0.9016660696324816,0.8395841645996664,0.9651551246643066,0.0043752427682748,1.201300819906595,0.530164557072369,0.6406082521720056,6
SNRPE+ctrl,128.0,2000.0,5000.0,0.988092565432446,0.9482492942247296,0.942593093175022,0.8744979113098925,0.9761289097368716,0.0030393519233281,1.1128587799016598,0.498595636729511,0.5618112220372597,6
SNRPG+ctrl,325.0,2000.0,5000.0,0.9963221018377012,0.9772252764884648,0.8718887736617991,0.7755452259684221,0.9922846285626292,0.0009590133463146,0.7851901790237412,0.5453176607340371,0.3764180941435423,6
SON+ctrl,238.0,2000.0,5000.0,0.9777916938971488,0.9297592014589968,0.6816735180983492,0.5769516444999127,0.9540360756218432,0.0055335069815333,0.944042036154466,0.5070074860222932,0.4667472678684761,6
SPC25+ctrl,181.0,2000.0,5000.0,0.9891364962885946,0.9592700805538258,0.897017684068076,0.7703771833985544,0.9734431728720664,0.002947508576823,1.2463921227913812,0.5121423788374908,0.6067382642535474,6
SPCS3+ctrl,115.0,2000.0,5000.0,0.997322960988778,0.9780025010379882,0.2964210938543183,0.2519400493177882,0.9945881310850382,0.0007053003631792,0.971944210949554,0.5095258419835956,0.4823253528582962,6
SRBD1+ctrl,143.0,2000.0,5000.0,0.998186498470092,0.9813469514289828,0.6975374018610776,0.4728647064706807,0.9963718713261188,0.0004526891831935,0.9673872806168456,0.5007068349296447,0.4404695089985236,6
SRFBP1+ctrl,73.0,2000.0,5000.0,0.9919574875974516,0.965604484567354,0.3016456505405034,0.2094336192253447,0.9821377024054528,0.0021135604799196,1.1836498538648843,0.5178084023012776,0.5882466555707326,6
SRP68+ctrl,158.0,2000.0,5000.0,0.994315283426051,0.9721478530619136,0.4540973080758474,0.3457839704879564,0.9883665908128024,0.001486205331537,0.9413265585523648,0.5192736972955718,0.4666169193313553,6
SRRM1+ctrl,136.0,2000.0,5000.0,0.9949275465800882,0.9712052969195212,0.4226437612184036,0.3299299514530346,0.9897346924990416,0.001332253176298,0.8781155697060606,0.5199671580209186,0.4252281538495261,6
SSRP1+ctrl,440.0,2000.0,5000.0,0.9933115972010932,0.9749197791567912,0.7967948581860288,0.6908953473163953,0.986327818594873,0.0016516576407592,0.7553449312833739,0.5814256993252427,0.3880567719719551,6
SUGT1+ctrl,94.0,2000.0,5000.0,0.9954833519025018,0.9718024180954202,-0.1681206719646441,-0.0500146251769874,0.990842523984611,0.0011869824957679,1.013528756294377,0.5087381503243746,0.5031748876993114,6
SURF6+ctrl,113.0,2000.0,5000.0,0.9972423518029404,0.9778515621529992,0.7649749994622767,0.5722284474308713,0.9941033986397088,0.0007592781537291,0.9407371804281548,0.4943409312057654,0.4439824188703076,6
TAF10+ctrl,38.0,2000.0,5000.0,0.9857680192182626,0.9293380323823344,0.8407336219437214,0.5782367339391024,0.9711517840623856,0.0032967143891618,1.614595004924127,0.5099818490589871,0.7492248043637699,6
TAF6+ctrl,111.0,2000.0,5000.0,0.995358491219236,0.9707970633584808,0.8041511642266068,0.5167565942346659,0.99067962449044,0.001126999634022,1.0743026156970612,0.5316977764452508,0.5135062184542325,6
TBL3+ctrl,70.0,2000.0,5000.0,0.997207378042152,0.9699356379974252,0.8675550575484804,0.5872406842877211,0.9944139034487308,0.0006516414513994,1.2093702682495395,0.4886447246808412,0.5609742738896327,7
TCP1+ctrl,63.0,2000.0,5000.0,0.9962339774108292,0.9633147662268297,0.8510633582453205,0.7146403186679157,0.9924736442044376,0.000950978282103,1.2069521044258016,0.5072711996497804,0.5644383261606343,7
TEX10+ctrl,153.0,2000.0,5000.0,0.9960045958914958,0.977592654367706,0.6902820485629596,0.4994540814701239,0.9920051163062452,0.0010292219744863,0.8747230542878469,0.5102849704136695,0.4308861352657736,7
THOC7+ctrl,104.0,2000.0,5000.0,0.997305681319159,0.973569605150784,0.7004058248787053,0.5437403191517122,0.9945299527607858,0.00069625676062,1.0090726121010345,0.4833209995301806,0.4594956031323536,7
TRMT10C+ctrl,67.0,2000.0,5000.0,0.9954089364922448,0.9685489164772018,0.4326873591956076,0.2900124178133775,0.9904595399275422,0.0012683197549878,1.136075179898277,0.5189033206845227,0.5523824633747693,7
TRMT5+ctrl,93.0,2000.0,5000.0,0.997453527130007,0.9743730661663078,0.7714146663301975,0.5587101020500402,0.9947747546248138,0.0006919097573832,1.013841901943684,0.4999440050284497,0.4681325815755285,7
TSEN2+ctrl,168.0,2000.0,5000.0,0.994785012489362,0.9785635673025423,-0.0190913729769794,0.0518840000778504,0.9887648159638048,0.0015084150513294,0.8640230312971405,0.5268681467929422,0.4486809408220263,7
TSR1+ctrl,109.0,2000.0,5000.0,0.997870109686566,0.9777135945965436,0.8473657389090461,0.5924414842416592,0.995325688738376,0.0005635189143806,1.0548968595123864,0.5146400069339295,0.5018694092967092,7
TSR2+ctrl,486.0,2000.0,5000.0,0.9949011540795552,0.9868719130025616,0.942958590475905,0.8767957736840032,0.9878363087773324,0.0013717900970008,0.6726729488317976,0.5498357410978025,0.3303154971976183,7
TTC27+ctrl,87.0,2000.0,5000.0,0.9942245752583184,0.961075053426068,0.2035717453576329,0.1814936889018826,0.9883933095261456,0.0015172331658602,1.0676991472956596,0.5097978822586854,0.5262741258261757,7
TXN+ctrl,81.0,2000.0,5000.0,0.9959680747471068,0.96842825688113,0.6511327618206019,0.4850583310168987,0.9918817784637212,0.0010222252016358,1.0398320811846893,0.4939314196017378,0.5013747568310459,7
U2AF1+ctrl,141.0,2000.0,5000.0,0.9869420043997792,0.9415497135631828,0.7270147930067455,0.6370930477703025,0.9739189371466636,0.0033692711792277,1.043421199990335,0.5199500416019891,0.5342648415174265,7
UQCRB+ctrl,93.0,2000.0,5000.0,0.997454404320266,0.9744370108814804,0.492168381774561,0.3446548554275528,0.9948168327100576,0.0006740036683045,1.0183837943460994,0.5251024803911917,0.501094402166625,7
USP36+ctrl,151.0,2000.0,5000.0,0.9981253278899632,0.9829155860678036,0.243924018295689,0.150864520173443,0.9962419194635004,0.000478073848112,0.8927755358839541,0.5310726346371517,0.4337164937022666,7
UTP3+ctrl,27.0,2000.0,5000.0,0.9905708148811332,0.9336581575490064,0.8063028650998929,0.5295897052475881,0.9800639618188144,0.0022650800128242,1.7371676928061954,0.4963827772547184,0.8015651732263335,7
VPS29+ctrl,146.0,2000.0,5000.0,0.996748381698634,0.9742042577669324,0.5322946677541661,0.4403151015057391,0.993449485860765,0.0008471540888661,0.937215675003709,0.5204092191899644,0.4592281527024585,7
VPS54+ctrl,306.0,2000.0,5000.0,0.9991498688148368,0.9901619220064768,0.7055851720349107,0.5285497641720462,0.9982200383674352,0.0002273918189753,0.701586229711858,0.5117682808127165,0.3180140538310237,7
VPS72+ctrl,95.0,2000.0,5000.0,0.9925363426851544,0.9571059556581794,0.0616743785541031,0.0986748207037292,0.9817991741001606,0.0025325873491052,1.0460327512760166,0.5271573776633792,0.5437511429168627,7
WBP11+ctrl,205.0,2000.0,5000.0,0.9939223707488068,0.965017592840704,0.51534471217747,0.3417597711029975,0.98776787891984,0.0015487461517997,0.8954293036711307,0.5128191748802544,0.42075695123484,7
WDHD1+ctrl,175.0,2000.0,5000.0,0.997314827320146,0.9805326325973052,0.5673079743900004,0.3653064687913282,0.9942378359846772,0.0007564495579002,0.8092398635122738,0.5223795012280387,0.3996648408140555,7
WDR12+ctrl,174.0,2000.0,5000.0,0.998299642509922,0.9859697562304536,0.92064476464475,0.7867023859378572,0.9965341603383422,0.0004366229790354,0.8161283715439752,0.5033837885144645,0.3754815624120693,7
WDR3+ctrl,329.0,2000.0,5000.0,0.9991374582728748,0.9919719158466838,0.9655022200485828,0.8354994804642393,0.998245528433472,0.0002016503610163,0.7211702213483748,0.5357140364829247,0.3279960847663591,7
WDR43+ctrl,47.0,2000.0,5000.0,0.9859096440323268,0.9422057343783588,0.7077951903902415,0.5045384266178639,0.9700346831232308,0.0033660084516533,1.4292571956080018,0.4966260502611757,0.6909467529213172,7
WDR5+ctrl,75.0,2000.0,5000.0,0.9797739644574848,0.9423248571365576,0.1887648810637033,0.1721468342660049,0.9592811837792397,0.0049595210409227,1.2313815193829682,0.522393366636482,0.6639050593355322,7
WDR70+ctrl,29.0,2000.0,5000.0,0.9927404490881792,0.9307335329848596,0.6139241799930398,0.4766372085078062,0.985481772571802,0.0018824509032941,1.743664171067837,0.5228750826894158,0.840146177840439,7
WDR82+ctrl,86.0,2000.0,5000.0,0.9833876402393812,0.9379197108512984,0.6017760336031133,0.4878960604469709,0.9635946713387966,0.0042134958134191,1.2834394129802544,0.5017082100101842,0.6222675842352661,7
WDTC1+ctrl,107.0,2000.0,5000.0,0.9919299556720548,0.9586204285828313,0.3199519792852725,0.2748516986270501,0.9838209114968776,0.0020340294825505,1.0867511104556111,0.5229834543313425,0.5441486178354142,7
XPO1+ctrl,139.0,2000.0,5000.0,0.9793027943185064,0.9380410140336404,0.6598212413825494,0.5261945507302968,0.9567633233964444,0.0052487619457563,1.0972380572333582,0.5262078927359208,0.5764683751131612,7
XRCC6+ctrl,26.0,2000.0,5000.0,0.9870253828029684,0.9216454283903586,0.4477139887426664,0.2189086315613605,0.974175876006484,0.0033827140443844,1.5824854595080131,0.5042137437698859,0.7825312110300326,7
YEATS2+ctrl,233.0,2000.0,5000.0,0.9959705663673823,0.9858499206256572,0.3051996565630652,0.1749289090097512,0.9918992314487696,0.001003178964629,0.780281714696382,0.5106599317533154,0.3878837521718641,7
ZBTB17+ctrl,158.0,2000.0,5000.0,0.9967439407548496,0.9759090236517824,0.2109652249362253,0.2001038195065602,0.9934013350866736,0.0008517912178195,0.9083465745541772,0.5207698643664495,0.4341835168911801,7
ZCRB1+ctrl,141.0,2000.0,5000.0,0.9976531092251476,0.9780005713440226,0.4079061865373814,0.313013410087561,0.994802583474666,0.0006809225087957,0.882951648046745,0.52306669986392,0.4277624913688758,7
ZNF335+ctrl,140.0,2000.0,5000.0,0.9979981032756609,0.9805109731479712,0.2591286727137414,0.190447245119602,0.9958826950751244,0.0005327269623086,0.9072044514204772,0.5174185659765027,0.4411415422076291,7
ZNHIT6+ctrl,116.0,2000.0,5000.0,0.9937927594409152,0.974318206460728,0.0912121452249782,0.0320464761017046,0.9870161367580296,0.0015778553269295,1.0029822611886512,0.5223905401368527,0.5223401526745162,7
