cell_line,condition,n_cells
RPE1,AARS,56
RPE1,AASDHPPT,61
RPE1,ABCB10,26
RPE1,ABCE1,48
RPE1,ABCF1,82
RPE1,ABT1,24
RPE1,ACD,45
RPE1,ACSS2,81
RPE1,ACTB,232
RPE1,ACTR10,28
RPE1,ACTR6,103
RPE1,ADAT3,286
RPE1,AFG3L2,82
RPE1,AHCTF1,71
RPE1,AKIRIN2,29
RPE1,ALDOA,70
RPE1,ALG1,81
RPE1,ALG13,43
RPE1,ALG14,111
RPE1,ANAPC1,71
RPE1,ANAPC11,65
RPE1,ANAPC13,111
RPE1,ANAPC2,30
RPE1,ANAPC5,40
RPE1,ANKLE2,47
RPE1,ANKRD17,24
RPE1,ANKRD49,92
RPE1,AP2M1,203
RPE1,ARGLU1,91
RPE1,ARHGAP6,50
RPE1,ARL2,193
RPE1,ARPC2,90
RPE1,ARPC3,54
RPE1,ASCC3,118
RPE1,ATIC,85
RPE1,ATL2,69
RPE1,ATP11B,121
RPE1,ATP2A2,135
RPE1,ATP5F1C,41
RPE1,ATP5MF,219
RPE1,ATP6V0B,101
RPE1,ATP6V0D1,91
RPE1,ATP6V1A,76
RPE1,ATP6V1D,52
RPE1,ATP6V1E1,55
RPE1,ATP6V1G1,124
RPE1,ATR,158
RPE1,ATRIP,74
RPE1,ATXN10,55
RPE1,AURKA,31
RPE1,AURKAIP1,26
RPE1,BANF1,27
RPE1,BCAR1,593
RPE1,BCAS2,33
RPE1,BCL2L1,373
RPE1,BDP1,42
RPE1,BET1,67
RPE1,BGLAP,59
RPE1,BNIP1,57
RPE1,BOD1L1,86
RPE1,BRF1,60
RPE1,BRF2,94
RPE1,BRIX1,38
RPE1,BRK1,47
RPE1,BUB1B,102
RPE1,C12orf60,42
RPE1,C1D,51
RPE1,C9orf78,92
RPE1,CABIN1,161
RPE1,CALR,73
RPE1,CAMLG,155
RPE1,CARS,48
RPE1,CASC3,168
RPE1,CAST,18
RPE1,CCAR1,103
RPE1,CCDC137,40
RPE1,CCDC59,44
RPE1,CCDC6,1051
RPE1,CCDC78,492
RPE1,CCDC84,42
RPE1,CCNH,69
RPE1,CCNK,273
RPE1,CCNL1,51
RPE1,CCNQ,40
RPE1,CCT4,55
RPE1,CCT7,54
RPE1,CD2BP2,59
RPE1,CD3EAP,38
RPE1,CDC123,31
RPE1,CDC45,23
RPE1,CDC5L,66
RPE1,CDC6,78
RPE1,CDC7,30
RPE1,CDC73,56
RPE1,CDCA5,84
RPE1,CDIPT,81
RPE1,CDK12,60
RPE1,CDK2,204
RPE1,CENPE,34
RPE1,CENPK,70
RPE1,CENPN,73
RPE1,CENPP,27
RPE1,CEP192,53
RPE1,CEP85,67
RPE1,CFL1,139
RPE1,CHCHD3,42
RPE1,CHCHD4,136
RPE1,CHD4,109
RPE1,CHEK1,49
RPE1,CHMP5,64
RPE1,CHORDC1,142
RPE1,CHTF18,118
RPE1,CIAO1,88
RPE1,CINP,40
RPE1,CKAP5,83
RPE1,CLNS1A,68
RPE1,CLOCK,647
RPE1,CLP1,27
RPE1,CMTR1,80
RPE1,CNOT10,88
RPE1,CNOT11,67
RPE1,CNOT2,62
RPE1,CNOT3,54
RPE1,CNOT9,32
RPE1,COASY,59
RPE1,COG1,66
RPE1,COG4,62
RPE1,COG6,94
RPE1,COMTD1,138
RPE1,COPB1,15
RPE1,COPS2,41
RPE1,COPS4,42
RPE1,COQ4,40
RPE1,COTL1,111
RPE1,COX11,114
RPE1,CPSF1,50
RPE1,CPSF3,173
RPE1,CPSF4,32
RPE1,CPSF6,25
RPE1,CRCP,91
RPE1,CRKL,35
RPE1,CS,99
RPE1,CSE1L,252
RPE1,CSNK2B,68
RPE1,CSTF3,58
RPE1,CTPS1,25
RPE1,CTR9,38
RPE1,CTU2,81
RPE1,CUL2,29
RPE1,CUL3,93
RPE1,CUL7,36
RPE1,CWC15,57
RPE1,CWC25,31
RPE1,CWF19L2,58
RPE1,CXXC1,92
RPE1,CYC1,73
RPE1,CYREN,45
RPE1,DAD1,36
RPE1,DARS,30
RPE1,DAXX,111
RPE1,DCTN3,144
RPE1,DCTN4,110
RPE1,DDB1,74
RPE1,DDX1,121
RPE1,DDX10,32
RPE1,DDX19A,393
RPE1,DDX23,168
RPE1,DDX41,30
RPE1,DDX46,95
RPE1,DDX47,93
RPE1,DDX5,196
RPE1,DDX52,34
RPE1,DDX55,76
RPE1,DDX59,46
RPE1,DENR,77
RPE1,DGCR8,43
RPE1,DHPS,73
RPE1,DHX16,71
RPE1,DHX33,44
RPE1,DHX36,71
RPE1,DHX37,40
RPE1,DHX8,88
RPE1,DHX9,82
RPE1,DKC1,23
RPE1,DLD,71
RPE1,DMAP1,43
RPE1,DNAJC17,73
RPE1,DNAJC8,138
RPE1,DNMT1,102
RPE1,DOLK,121
RPE1,DPAGT1,60
RPE1,DPY19L4,184
RPE1,DR1,37
RPE1,DSN1,38
RPE1,DSTYK,258
RPE1,DTL,47
RPE1,DUT,46
RPE1,DYNC1H1,29
RPE1,DYNC1I2,52
RPE1,DYNLL2,212
RPE1,EARS2,129
RPE1,EBNA1BP2,32
RPE1,ECD,48
RPE1,EDC4,94
RPE1,EEF2,70
RPE1,EEFSEC,35
RPE1,EFR3A,214
RPE1,EHMT2,171
RPE1,EIF1AX,52
RPE1,EIF2B1,100
RPE1,EIF2B5,114
RPE1,EIF2S1,75
RPE1,EIF2S2,30
RPE1,EIF2S3,62
RPE1,EIF3B,109
RPE1,EIF3CL,337
RPE1,EIF3D,49
RPE1,EIF3E,46
RPE1,EIF3I,72
RPE1,EIF3J,64
RPE1,EIF3L,114
RPE1,EIF3M,63
RPE1,EIF4A1,50
RPE1,EIF4A3,20
RPE1,EIF4E,65
RPE1,EIF4G2,150
RPE1,EIF4H,148
RPE1,EIF6,57
RPE1,ELL,168
RPE1,ELOB,126
RPE1,ELOF1,150
RPE1,ELP2,72
RPE1,ELP6,79
RPE1,EMC7,134
RPE1,ENY2,79
RPE1,ERCC2,94
RPE1,ESPL1,26
RPE1,ESYT1,57
RPE1,ESYT2,49
RPE1,ETF1,84
RPE1,EWSR1,88
RPE1,EXOC1,46
RPE1,EXOC2,85
RPE1,EXOC3,52
RPE1,EXOC4,27
RPE1,EXOC5,91
RPE1,EXOC7,32
RPE1,EXOSC1,46
RPE1,EXOSC2,42
RPE1,EXOSC3,54
RPE1,EXOSC7,43
RPE1,FAM136A,504
RPE1,FAM32A,44
RPE1,FARSA,57
RPE1,FASN,71
RPE1,FBRSL1,77
RPE1,FBXL14,91
RPE1,FBXO42,876
RPE1,FBXW7,197
RPE1,FEN1,47
RPE1,FKBP9,42
RPE1,FNBP4,114
RPE1,FOXO1,65
RPE1,FOXS1,88
RPE1,FTSJ3,41
RPE1,FUNDC2,41
RPE1,FXN,33
RPE1,FYN,146
RPE1,GABPB1,48
RPE1,GARS,99
RPE1,GART,45
RPE1,GBF1,93
RPE1,GEMIN4,79
RPE1,GEMIN6,45
RPE1,GEMIN8,45
RPE1,GET3,161
RPE1,GFER,67
RPE1,GFM1,1669
RPE1,GFOD2,123
RPE1,GGPS1,52
RPE1,GINS2,57
RPE1,GIT2,48
RPE1,GLE1,81
RPE1,GLRX3,79
RPE1,GMIP,140
RPE1,GNL3,34
RPE1,GON4L,107
RPE1,GPN2,37
RPE1,GPN3,34
RPE1,GRB2,112
RPE1,GRSF1,122
RPE1,GRWD1,69
RPE1,GSK3B,84
RPE1,GTF2E1,46
RPE1,GTF2F2,55
RPE1,GTF2H2,47
RPE1,GTF2H3,66
RPE1,GTF3A,32
RPE1,GTF3C2,77
RPE1,GTF3C4,889
RPE1,GTF3C5,103
RPE1,GYG1,284
RPE1,H2AFZ,263
RPE1,HAUS1,48
RPE1,HAUS3,37
RPE1,HAUS5,90
RPE1,HAUS6,61
RPE1,HAUS7,117
RPE1,HAUS8,169
RPE1,HBS1L,45
RPE1,HDAC7,86
RPE1,HERC1,90
RPE1,HEXIM1,48
RPE1,HGS,44
RPE1,HIPK1,69
RPE1,HJURP,116
RPE1,HMGA1,67
RPE1,HMGB3,91
RPE1,HMGCS1,259
RPE1,HMX3,54
RPE1,HNRNPH1,145
RPE1,HNRNPK,69
RPE1,HNRNPR,51
RPE1,HPS5,39
RPE1,HSCB,227
RPE1,HSD17B10,809
RPE1,HSPA14,104
RPE1,HSPA5,64
RPE1,HSPA9,94
RPE1,HSPE1,98
RPE1,HSPH1,25
RPE1,HTATSF1,57
RPE1,HYOU1,64
RPE1,IARS,32
RPE1,ICE1,61
RPE1,IGBP1,71
RPE1,IK,191
RPE1,ILF2,54
RPE1,IMPA2,40
RPE1,INF2,115
RPE1,ING3,133
RPE1,INO80B,80
RPE1,INO80C,147
RPE1,INO80D,58
RPE1,INO80E,79
RPE1,INPPL1,108
RPE1,INTS10,90
RPE1,INTS13,288
RPE1,INTS3,65
RPE1,INTS4,50
RPE1,INTS9,27
RPE1,IPO11,77
RPE1,IPO7,45
RPE1,IPO9,106
RPE1,IRF2BP2,76
RPE1,ISCA2,143
RPE1,ISCU,20
RPE1,IST1,182
RPE1,ISY1,40
RPE1,JMJD6,183
RPE1,KANSL1,27
RPE1,KARS,26
RPE1,KAT8,53
RPE1,KCMF1,42
RPE1,KDM1A,178
RPE1,KDM6A,213
RPE1,KIAA0586,52
RPE1,KIF18A,26
RPE1,KIF18B,34
RPE1,KLF7,46
RPE1,KPNB1,180
RPE1,KRI1,43
RPE1,LAMTOR1,321
RPE1,LAMTOR3,38
RPE1,LAS1L,41
RPE1,LDB1,78
RPE1,LETM1,153
RPE1,LMO2,268
RPE1,LRP5,104
RPE1,LRR1,47
RPE1,LSG1,60
RPE1,LSM12,111
RPE1,LSM3,48
RPE1,LSM4,68
RPE1,LSM5,72
RPE1,LSM6,44
RPE1,LSM7,44
RPE1,MAD2L1,95
RPE1,MAD2L2,229
RPE1,MARS,31
RPE1,MASTL,28
RPE1,MAX,85
RPE1,MBD3,187
RPE1,MBIP,34
RPE1,MBNL1,37
RPE1,MBTPS1,184
RPE1,MBTPS2,151
RPE1,MCM2,41
RPE1,MCM3,179
RPE1,MCM3AP,70
RPE1,MCM4,36
RPE1,MCM6,120
RPE1,MED11,32
RPE1,MED16,44
RPE1,MED18,35
RPE1,MED19,195
RPE1,MED22,29
RPE1,MED24,34
RPE1,MED29,29
RPE1,MED4,59
RPE1,MEN1,99
RPE1,METAP1,55
RPE1,MIOS,130
RPE1,MIS12,25
RPE1,MIS18BP1,33
RPE1,MLST8,93
RPE1,MMP17,61
RPE1,MMS19,86
RPE1,MNAT1,76
RPE1,MON1A,172
RPE1,MPHOSPH10,27
RPE1,MRGBP,32
RPE1,MRM1,29
RPE1,MRPL34,159
RPE1,MRPL36,1565
RPE1,MRPL38,256
RPE1,MRPS14,30
RPE1,MRPS33,89
RPE1,MRTO4,14
RPE1,MTBP,86
RPE1,MYBBP1A,31
RPE1,MYBL2,877
RPE1,MYSM1,106
RPE1,NAA10,58
RPE1,NAA20,89
RPE1,NAA35,308
RPE1,NAA50,53
RPE1,NACA,25
RPE1,NAF1,60
RPE1,NCAPG,28
RPE1,NCAPG2,39
RPE1,NCAPH,36
RPE1,NCAPH2,60
RPE1,NCBP1,28
RPE1,NCBP2,34
RPE1,NDC1,109
RPE1,NDC80,94
RPE1,NDUFA2,29
RPE1,NDUFA3,169
RPE1,NELFA,60
RPE1,NELFCD,111
RPE1,NFKBIE,62
RPE1,NFRKB,148
RPE1,NFS1,56
RPE1,NFYB,78
RPE1,NFYC,111
RPE1,NHP2,44
RPE1,NKAPD1,117
RPE1,NOC3L,40
RPE1,NOL11,29
RPE1,NOL12,28
RPE1,NOL7,44
RPE1,NOL8,37
RPE1,NOMO1,69
RPE1,NOMO3,115
RPE1,NOP9,39
RPE1,NPM1,40
RPE1,NRBP1,149
RPE1,NRDE2,46
RPE1,NRF1,54
RPE1,NSF,62
RPE1,NSL1,51
RPE1,NSMCE2,73
RPE1,NSRP1,40
RPE1,NUB1,144
RPE1,NUBP1,37
RPE1,NUBP2,88
RPE1,NUDT15,69
RPE1,NUF2,58
RPE1,NUP133,106
RPE1,NUP160,62
RPE1,NUP205,52
RPE1,NUP35,64
RPE1,NUP43,71
RPE1,NUP54,79
RPE1,NUP85,74
RPE1,NUTF2,55
RPE1,OGFOD1,52
RPE1,OPA1,60
RPE1,ORC1,56
RPE1,ORC3,57
RPE1,ORC4,159
RPE1,ORC6,33
RPE1,OSGEP,69
RPE1,OSTC,28
RPE1,PABPC1,77
RPE1,PABPC4,75
RPE1,PABPN1,36
RPE1,PAF1,67
RPE1,PAFAH1B1,26
RPE1,PALB2,36
RPE1,PAM16,72
RPE1,PARN,153
RPE1,PARS2,292
RPE1,PAXBP1,138
RPE1,PCBP2,182
RPE1,PCID2,145
RPE1,PCM1,27
RPE1,PCNX3,171
RPE1,PDAP1,36
RPE1,PDCD2,29
RPE1,PDCD5,132
RPE1,PDCD7,32
RPE1,PDHA1,27
RPE1,PDRG1,27
RPE1,PELP1,70
RPE1,PET117,154
RPE1,PEX19,68
RPE1,PFDN2,39
RPE1,PGAM1,115
RPE1,PGAM5,173
RPE1,PGK1,110
RPE1,PGS1,95
RPE1,PHAX,108
RPE1,PHB2,57
RPE1,PHF10,124
RPE1,PI4KA,68
RPE1,PIGH,40
RPE1,PIK3R4,68
RPE1,PLK4,174
RPE1,PMPCB,145
RPE1,PNKP,54
RPE1,PNN,66
RPE1,POGLUT3,768
RPE1,POLA1,53
RPE1,POLA2,43
RPE1,POLD2,97
RPE1,POLD3,45
RPE1,POLR1C,177
RPE1,POLR2F,53
RPE1,POLR2I,143
RPE1,POLR2M,172
RPE1,POLR3D,30
RPE1,POLR3E,40
RPE1,POLR3F,37
RPE1,POLR3H,50
RPE1,POLRMT,212
RPE1,POP4,40
RPE1,POP5,37
RPE1,POP7,56
RPE1,POU3F1,133
RPE1,PPA1,130
RPE1,PPARGC1B,77
RPE1,PPIE,25
RPE1,PPIH,36
RPE1,PPIL2,37
RPE1,PPIL4,86
RPE1,PPP1R10,23
RPE1,PPP1R11,47
RPE1,PPP1R15B,60
RPE1,PPP1R2,80
RPE1,PPP1R37,347
RPE1,PPP1R7,39
RPE1,PPP1R8,142
RPE1,PPP2CA,94
RPE1,PPP2CB,92
RPE1,PPP2R1A,215
RPE1,PPP2R3C,128
RPE1,PPP4R2,68
RPE1,PPP6C,1539
RPE1,PPWD1,47
RPE1,PRDM10,54
RPE1,PRDM8,28
RPE1,PRIM2,31
RPE1,PRKCA,107
RPE1,PRKRA,50
RPE1,PRMT1,36
RPE1,PRMT5,126
RPE1,PRORP,151
RPE1,PRPF18,59
RPE1,PRPF38A,36
RPE1,PRRC2A,147
RPE1,PSMA2,18
RPE1,PSMA3,35
RPE1,PSMA6,21
RPE1,PSMB2,49
RPE1,PSMB3,35
RPE1,PSMB4,25
RPE1,PSMB6,57
RPE1,PSMC1,68
RPE1,PSMC2,34
RPE1,PSMC4,26
RPE1,PSMC5,85
RPE1,PSMD1,21
RPE1,PSMD11,16
RPE1,PSMD12,15
RPE1,PSMD4,22
RPE1,PSMD6,26
RPE1,PSTK,262
RPE1,PTCD1,71
RPE1,PTGR2,98
RPE1,PTK2,75
RPE1,PTPMT1,100
RPE1,PTPN1,93
RPE1,PTPN23,33
RPE1,PUM1,76
RPE1,PXN,128
RPE1,PYROXD1,130
RPE1,QARS,78
RPE1,RAB18,45
RPE1,RAB4A,176
RPE1,RAB4B,229
RPE1,RAB6A,83
RPE1,RABGGTA,189
RPE1,RABGGTB,105
RPE1,RAC3,127
RPE1,RAD17,57
RPE1,RAD21,31
RPE1,RAD9A,149
RPE1,RAMAC,60
RPE1,RAN,50
RPE1,RANBP2,35
RPE1,RARS2,132
RPE1,RBBP4,48
RPE1,RBM10,128
RPE1,RBM15,213
RPE1,RBM17,40
RPE1,RBM25,32
RPE1,RBM33,95
RPE1,RBM39,41
RPE1,RBM42,46
RPE1,RBM48,33
RPE1,RBMX,23
RPE1,RCL1,38
RPE1,RELL2,49
RPE1,RFC2,77
RPE1,RFC4,35
RPE1,RFC5,42
RPE1,RINT1,72
RPE1,RNASEH2C,129
RPE1,RNF103,72
RPE1,RNF113A,59
RPE1,RNF20,147
RPE1,RNF8,209
RPE1,RNMT,69
RPE1,RNPS1,27
RPE1,RPA1,64
RPE1,RPAIN,26
RPE1,RPAP1,37
RPE1,RPE,56
RPE1,RPIA,35
RPE1,RPL10,71
RPE1,RPL11,57
RPE1,RPL12,73
RPE1,RPL14,42
RPE1,RPL17,59
RPE1,RPL18,56
RPE1,RPL21,27
RPE1,RPL23A,43
RPE1,RPL26,49
RPE1,RPL29,34
RPE1,RPL32,64
RPE1,RPL34,31
RPE1,RPL35,66
RPE1,RPL35A,96
RPE1,RPL37A,68
RPE1,RPL38,27
RPE1,RPL39,40
RPE1,RPL4,60
RPE1,RPL5,57
RPE1,RPL7,117
RPE1,RPL9,42
RPE1,RPLP0,96
RPE1,RPN2,64
RPE1,RPP21,124
RPE1,RPP30,36
RPE1,RPRD1B,70
RPE1,RPS10,17
RPE1,RPS15,40
RPE1,RPS15A,26
RPE1,RPS19BP1,25
RPE1,RPS2,50
RPE1,RPS20,29
RPE1,RPS24,32
RPE1,RPS27,55
RPE1,RPS27A,65
RPE1,RPS29,41
RPE1,RPS3,42
RPE1,RPS3A,36
RPE1,RPS6,49
RPE1,RPS8,33
RPE1,RPTOR,30
RPE1,RPUSD3,111
RPE1,RRM2,191
RPE1,RRN3,42
RPE1,RRP12,28
RPE1,RSL1D1,75
RPE1,RTEL1,305
RPE1,RTF1,44
RPE1,RUVBL1,103
RPE1,RUVBL2,60
RPE1,SAMD4B,84
RPE1,SAMM50,43
RPE1,SAP30BP,34
RPE1,SARS2,108
RPE1,SART3,233
RPE1,SASS6,49
RPE1,SBDS,74
RPE1,SBNO1,156
RPE1,SCAF1,62
RPE1,SCAP,78
RPE1,SCFD1,62
RPE1,SDAD1,36
RPE1,SDC1,78
RPE1,SDE2,53
RPE1,SDHAF2,190
RPE1,SDHC,47
RPE1,SEC16A,210
RPE1,SENP6,20
RPE1,SEPSECS,168
RPE1,SETD1A,78
RPE1,SETD5,85
RPE1,SETDB1,121
RPE1,SF1,29
RPE1,SF3A2,136
RPE1,SF3B5,62
RPE1,SFPQ,76
RPE1,SFSWAP,29
RPE1,SH3KBP1,16
RPE1,SHOC2,55
RPE1,SHQ1,149
RPE1,SIRT7,237
RPE1,SKA3,63
RPE1,SLBP,35
RPE1,SLC1A5,1877
RPE1,SLC25A42,53
RPE1,SLC2A8,53
RPE1,SLC35B1,42
RPE1,SLC35G2,387
RPE1,SLC39A9,115
RPE1,SLC7A6OS,106
RPE1,SLU7,72
RPE1,SMAGP,170
RPE1,SMARCC1,76
RPE1,SMC1A,88
RPE1,SMC3,21
RPE1,SMC4,38
RPE1,SMG1,32
RPE1,SMG5,462
RPE1,SMG6,123
RPE1,SMG7,143
RPE1,SMN2,424
RPE1,SMNDC1,79
RPE1,SMU1,77
RPE1,SNAPC1,48
RPE1,SNIP1,46
RPE1,SNRNP200,95
RPE1,SNRNP40,217
RPE1,SNRNP70,39
RPE1,SNRPA,35
RPE1,SNRPB,38
RPE1,SNRPC,96
RPE1,SNRPD1,42
RPE1,SNRPD2,20
RPE1,SNRPD3,34
RPE1,SNRPF,34
RPE1,SNTB2,54
RPE1,SNW1,88
RPE1,SP1,189
RPE1,SP2,72
RPE1,SPC24,69
RPE1,SPCS3,128
RPE1,SPEN,104
RPE1,SPG7,115
RPE1,SRA1,161
RPE1,SRBD1,53
RPE1,SRCAP,110
RPE1,SRP19,37
RPE1,SRP9,130
RPE1,SRRM1,53
RPE1,SRRM2,56
RPE1,SRSF1,27
RPE1,SRSF10,111
RPE1,SRSF3,25
RPE1,SRSF7,137
RPE1,SSU72,226
RPE1,STAG2,110
RPE1,STAT5B,173
RPE1,STIL,68
RPE1,STRAP,66
RPE1,STX5,68
RPE1,SUGP1,27
RPE1,SUMO2,34
RPE1,SUPT16H,26
RPE1,SUPT20H,179
RPE1,SURF6,33
RPE1,SYNGR3,77
RPE1,TADA1,138
RPE1,TADA2A,117
RPE1,TADA2B,82
RPE1,TADA3,60
RPE1,TAF10,23
RPE1,TAF11,113
RPE1,TAF13,182
RPE1,TAF6,75
RPE1,TAF7,38
RPE1,TARDBP,1603
RPE1,TBCB,37
RPE1,TBCE,125
RPE1,TBPL1,100
RPE1,TCERG1,60
RPE1,TCOF1,32
RPE1,TELO2,47
RPE1,TERF2,61
RPE1,TFAM,3458
RPE1,TGS1,60
RPE1,THAP11,144
RPE1,THOC7,146
RPE1,THRAP3,119
RPE1,TIMM10,108
RPE1,TIMM13,114
RPE1,TIMM22,31
RPE1,TIMM23B,343
RPE1,TIMM44,50
RPE1,TIMM9,37
RPE1,TLN1,29
RPE1,TMED2,70
RPE1,TMEM214,687
RPE1,TMEM242,597
RPE1,TMEM258,62
RPE1,TMX2,137
RPE1,TNRC6A,106
RPE1,TOMM20,63
RPE1,TOMM22,103
RPE1,TONSL,43
RPE1,TOP1,36
RPE1,TOP3A,62
RPE1,TOX4,160
RPE1,TP53I13,141
RPE1,TP53RK,85
RPE1,TPR,116
RPE1,TPRKB,126
RPE1,TPX2,25
RPE1,TRA2B,90
RPE1,TRAIP,59
RPE1,TRAPPC1,76
RPE1,TRAPPC11,230
RPE1,TRAPPC3,73
RPE1,TRAPPC4,24
RPE1,TRAPPC5,101
RPE1,TRAPPC8,32
RPE1,TREX2,384
RPE1,TRIAP1,37
RPE1,TRMT112,58
RPE1,TRMT5,59
RPE1,TRNT1,347
RPE1,TSEN2,85
RPE1,TSEN54,73
RPE1,TSG101,54
RPE1,TSPYL5,47
RPE1,TSR1,145
RPE1,TTC1,116
RPE1,TTC4,124
RPE1,TTF2,66
RPE1,TTI1,80
RPE1,TTK,76
RPE1,TUBA1B,197
RPE1,TUBB2A,149
RPE1,TUBGCP2,154
RPE1,TUBGCP3,69
RPE1,TUBGCP4,95
RPE1,TUBGCP5,94
RPE1,TUBGCP6,31
RPE1,TXNL4A,23
RPE1,TYK2,58
RPE1,U2AF1,83
RPE1,U2SURP,35
RPE1,UBA1,61
RPE1,UBA3,59
RPE1,UBA5,68
RPE1,UBA52,110
RPE1,UBAP1,30
RPE1,UBE2L3,118
RPE1,UBE2N,103
RPE1,UBE3C,84
RPE1,UBE3D,143
RPE1,UBL5,114
RPE1,UBQLN4,46
RPE1,UBR4,72
RPE1,UBR5,102
RPE1,UBTF,132
RPE1,UCHL5,84
RPE1,UFM1,43
RPE1,UHRF1,103
RPE1,UNC45A,82
RPE1,UPF1,46
RPE1,UPF2,104
RPE1,UPF3A,31
RPE1,UQCRB,98
RPE1,UQCRFS1,27
RPE1,UQCRQ,63
RPE1,URB1,27
RPE1,URM1,64
RPE1,UROD,239
RPE1,USP10,75
RPE1,USP14,171
RPE1,USP39,98
RPE1,USP7,38
RPE1,USP8,45
RPE1,USPL1,36
RPE1,UTP20,31
RPE1,UTP23,48
RPE1,UXT,62
RPE1,VCP,16
RPE1,VHL,61
RPE1,VPS13D,94
RPE1,VPS18,78
RPE1,VPS25,101
RPE1,VPS33A,64
RPE1,VPS41,246
RPE1,VPS54,230
RPE1,WAC,91
RPE1,WARS,57
RPE1,WBP11,109
RPE1,WDHD1,40
RPE1,WDR1,26
RPE1,WDR12,41
RPE1,WDR18,68
RPE1,WDR24,44
RPE1,WDR25,38
RPE1,WDR26,46
RPE1,WDR33,32
RPE1,WDR4,140
RPE1,WDR44,89
RPE1,WDR61,59
RPE1,WDTC1,70
RPE1,WEE1,67
RPE1,WNK1,97
RPE1,WTAP,351
RPE1,XPO5,162
RPE1,XRCC5,54
RPE1,XRN1,48
RPE1,YARS,85
RPE1,YBX3,48
RPE1,YEATS2,69
RPE1,YKT6,51
RPE1,YPEL5,73
RPE1,YTHDC1,184
RPE1,YY1,62
RPE1,ZBTB14,58
RPE1,ZBTB17,282
RPE1,ZBTB44,76
RPE1,ZC3H13,102
RPE1,ZC3H18,59
RPE1,ZC3H3,102
RPE1,ZC3H4,69
RPE1,ZCRB1,75
RPE1,ZDHHC7,388
RPE1,ZFC3H1,83
RPE1,ZMAT2,192
RPE1,ZMAT5,50
RPE1,ZNF236,101
RPE1,ZNF292,129
RPE1,ZNF559,57
RPE1,ZNF574,154
RPE1,ZNF718,400
RPE1,ZNF787,34
RPE1,ZNF84,63
RPE1,ZNHIT1,34
RPE1,ZNHIT2,79
RPE1,ZNHIT3,75
RPE1,ZRSR2,216
RPE1,ZWINT,49
hepg2,AAAS,38
hepg2,AARS,51
hepg2,AASDHPPT,25
hepg2,ABCE1,23
hepg2,ABCF1,64
hepg2,ABHD11,33
hepg2,ABHD17A,30
hepg2,ABT1,99
hepg2,ACIN1,35
hepg2,ACSS2,32
hepg2,ACTB,40
hepg2,ACTR10,23
hepg2,ACTR1B,42
hepg2,ACTR6,51
hepg2,ADAT2,29
hepg2,AFG3L2,30
hepg2,AHCTF1,50
hepg2,AIFM1,37
hepg2,AKIRIN2,75
hepg2,ALG1,26
hepg2,ALG13,30
hepg2,ANAPC10,34
hepg2,ANAPC13,54
hepg2,ANAPC5,57
hepg2,ANKRD17,17
hepg2,ANKRD49,42
hepg2,AP2A1,28
hepg2,AP2M1,27
hepg2,ARF4,21
hepg2,ARFRP1,31
hepg2,ARGLU1,36
hepg2,ARID3A,17
hepg2,ARL2,74
hepg2,ARL4D,38
hepg2,ARL6IP6,43
hepg2,ARPC3,30
hepg2,ARRB2,35
hepg2,ASCC3,55
hepg2,ASF1B,44
hepg2,ATP11B,62
hepg2,ATP2A2,54
hepg2,ATP5F1A,23
hepg2,ATP5ME,31
hepg2,ATP5MF,55
hepg2,ATP5PD,44
hepg2,ATP6V0B,51
hepg2,ATP6V0D1,49
hepg2,ATP6V1A,43
hepg2,ATP6V1D,25
hepg2,ATP6V1E1,26
hepg2,ATP6V1F,35
hepg2,ATP6V1G1,63
hepg2,ATR,96
hepg2,ATRIP,40
hepg2,AURKAIP1,54
hepg2,BANF1,23
hepg2,BARD1,47
hepg2,BCR,41
hepg2,BCS1L,36
hepg2,BDP1,22
hepg2,BET1,36
hepg2,BOD1L1,36
hepg2,BRCA1,44
hepg2,BRF1,62
hepg2,BRF2,46
hepg2,BRIP1,58
hepg2,BRIX1,89
hepg2,BRK1,27
hepg2,BTF3L4,72
hepg2,BUB3,14
hepg2,BUD23,28
hepg2,BYSL,41
hepg2,C17orf58,56
hepg2,C1D,28
hepg2,C9orf78,41
hepg2,CA5A,61
hepg2,CABIN1,56
hepg2,CALR,79
hepg2,CAMLG,25
hepg2,CARS,23
hepg2,CASC3,30
hepg2,CAST,13
hepg2,CBX1,47
hepg2,CCAR1,23
hepg2,CCDC137,24
hepg2,CCDC59,100
hepg2,CCDC6,396
hepg2,CCNB1,40
hepg2,CCND1,16
hepg2,CCND3,38
hepg2,CCNH,92
hepg2,CCNL1,28
hepg2,CCNQ,26
hepg2,CCP110,42
hepg2,CCT4,81
hepg2,CCT7,107
hepg2,CD2BP2,31
hepg2,CD3EAP,90
hepg2,CDC123,44
hepg2,CDC45,31
hepg2,CDC5L,25
hepg2,CDC6,66
hepg2,CDC73,54
hepg2,CDCA5,69
hepg2,CDIPT,51
hepg2,CDK11A,23
hepg2,CEBPG,33
hepg2,CENPA,38
hepg2,CENPN,35
hepg2,CENPT,67
hepg2,CEP192,24
hepg2,CEP68,37
hepg2,CEP85,57
hepg2,CFL1,33
hepg2,CHCHD1,33
hepg2,CHCHD2,36
hepg2,CHCHD4,60
hepg2,CHD4,25
hepg2,CHEK1,57
hepg2,CHMP4B,30
hepg2,CHMP5,29
hepg2,CHORDC1,52
hepg2,CHTOP,36
hepg2,CIAO1,57
hepg2,CLCC1,27
hepg2,CLOCK,200
hepg2,CLPB,37
hepg2,CMPK1,50
hepg2,CMTR1,56
hepg2,CMTR2,32
hepg2,CNOT10,81
hepg2,CNOT11,44
hepg2,CNOT2,28
hepg2,CNOT9,48
hepg2,COA5,45
hepg2,COASY,30
hepg2,COG1,53
hepg2,COG4,36
hepg2,COG6,61
hepg2,COMTD1,41
hepg2,COPB1,19
hepg2,COPS2,70
hepg2,COPS4,58
hepg2,COQ4,45
hepg2,COQ5,30
hepg2,COTL1,58
hepg2,COX10,62
hepg2,COX11,89
hepg2,COX5A,32
hepg2,COX7B,22
hepg2,COX7C,41
hepg2,CPSF1,58
hepg2,CPSF3,189
hepg2,CPSF4,63
hepg2,CPSF6,34
hepg2,CRLS1,16
hepg2,CS,73
hepg2,CSE1L,219
hepg2,CSNK1A1,16
hepg2,CSNK2B,106
hepg2,CSTF3,67
hepg2,CTCF,38
hepg2,CTPS1,26
hepg2,CTU2,56
hepg2,CUL2,70
hepg2,CUL3,21
hepg2,CUL7,53
hepg2,CWC15,42
hepg2,CWC22,31
hepg2,CWC25,26
hepg2,CWF19L2,23
hepg2,CYC1,28
hepg2,CYREN,39
hepg2,DAP3,51
hepg2,DARS,41
hepg2,DAXX,39
hepg2,DCTN1,64
hepg2,DCTN3,77
hepg2,DCTN4,61
hepg2,DDB1,64
hepg2,DDX1,48
hepg2,DDX10,89
hepg2,DDX11,27
hepg2,DDX18,62
hepg2,DDX23,148
hepg2,DDX3X,28
hepg2,DDX41,31
hepg2,DDX42,17
hepg2,DDX46,89
hepg2,DDX5,92
hepg2,DDX52,92
hepg2,DDX55,134
hepg2,DENR,47
hepg2,DHPS,35
hepg2,DHX16,68
hepg2,DHX29,34
hepg2,DHX33,30
hepg2,DHX36,39
hepg2,DHX37,119
hepg2,DHX8,53
hepg2,DKC1,39
hepg2,DLD,98
hepg2,DMAP1,24
hepg2,DNAJC17,60
hepg2,DNAJC8,78
hepg2,DNM1L,37
hepg2,DNMT1,80
hepg2,DNTTIP2,52
hepg2,DOLK,71
hepg2,DPAGT1,29
hepg2,DPH6,41
hepg2,DPM2,28
hepg2,DPY19L4,80
hepg2,DR1,23
hepg2,DRG1,32
hepg2,DSN1,26
hepg2,DSTYK,69
hepg2,DTL,60
hepg2,DYNC1H1,17
hepg2,DYNC1I2,46
hepg2,DYNLL2,79
hepg2,EARS2,50
hepg2,EBNA1BP2,52
hepg2,ECD,33
hepg2,EDC4,47
hepg2,EEF1B2,29
hepg2,EEF2,46
hepg2,EEFSEC,49
hepg2,EFR3A,70
hepg2,EGLN2,48
hepg2,EHMT2,95
hepg2,EIF1AD,39
hepg2,EIF1AX,67
hepg2,EIF2B1,177
hepg2,EIF2B5,111
hepg2,EIF2S1,69
hepg2,EIF2S2,62
hepg2,EIF2S3,48
hepg2,EIF3B,105
hepg2,EIF3E,25
hepg2,EIF3I,83
hepg2,EIF3J,43
hepg2,EIF3L,40
hepg2,EIF4A1,35
hepg2,EIF4A3,123
hepg2,EIF4E,52
hepg2,EIF4G2,45
hepg2,EIF4H,47
hepg2,EIF5,29
hepg2,EIF6,92
hepg2,ELL,230
hepg2,ELOB,59
hepg2,ELOF1,32
hepg2,ELOVL1,58
hepg2,ELP6,34
hepg2,ENO1,44
hepg2,ENY2,72
hepg2,ERAL1,34
hepg2,ERCC2,54
hepg2,ESF1,124
hepg2,ESYT1,38
hepg2,ETF1,72
hepg2,EWSR1,21
hepg2,EXOC1,43
hepg2,EXOC2,43
hepg2,EXOC3,39
hepg2,EXOC4,47
hepg2,EXOC5,62
hepg2,EXOC7,65
hepg2,EXOSC1,34
hepg2,EXOSC10,29
hepg2,EXOSC2,114
hepg2,EXOSC3,82
hepg2,EXOSC7,45
hepg2,F8A1,32
hepg2,FAM133B,24
hepg2,FAM136A,261
hepg2,FAM32A,53
hepg2,FARSA,45
hepg2,FASN,28
hepg2,FBL,27
hepg2,FBXO5,29
hepg2,FBXW7,50
hepg2,FDPS,26
hepg2,FDXR,35
hepg2,FEN1,28
hepg2,FKBP9,77
hepg2,FNTB,30
hepg2,FOXO1,43
hepg2,FTSJ3,27
hepg2,FXN,30
hepg2,GABPB1,42
hepg2,GAK,27
hepg2,GARS,53
hepg2,GART,60
hepg2,GCLC,64
hepg2,GEMIN4,32
hepg2,GEMIN7,28
hepg2,GEMIN8,29
hepg2,GET3,27
hepg2,GFER,43
hepg2,GFM1,717
hepg2,GGPS1,36
hepg2,GINS2,60
hepg2,GIT2,38
hepg2,GLB1,51
hepg2,GLE1,97
hepg2,GLMN,26
hepg2,GLRX3,33
hepg2,GMPS,26
hepg2,GNL3,98
hepg2,GNL3L,59
hepg2,GNPAT,30
hepg2,GNPNAT1,78
hepg2,GOSR2,29
hepg2,GPN1,54
hepg2,GPN3,80
hepg2,GRSF1,61
hepg2,GRWD1,55
hepg2,GSK3B,55
hepg2,GTF2B,24
hepg2,GTF2E1,53
hepg2,GTF2F2,73
hepg2,GTF2H2,28
hepg2,GTF2H3,31
hepg2,GTF3A,40
hepg2,GTF3C2,56
hepg2,GTF3C4,462
hepg2,GTF3C5,28
hepg2,GYG1,59
hepg2,H2AFX,40
hepg2,H2AFZ,65
hepg2,H3F3A,38
hepg2,HAMP,40
hepg2,HAUS8,53
hepg2,HCFC1,25
hepg2,HDAC7,44
hepg2,HECTD1,37
hepg2,HGS,42
hepg2,HHEX,48
hepg2,HIPK1,38
hepg2,HJURP,76
hepg2,HMBOX1,60
hepg2,HMGA1,47
hepg2,HMGB3,29
hepg2,HMGCS1,56
hepg2,HNRNPDL,41
hepg2,HNRNPH1,48
hepg2,HNRNPK,41
hepg2,HNRNPM,29
hepg2,HPS5,36
hepg2,HS6ST1,58
hepg2,HSD17B10,217
hepg2,HSPA14,43
hepg2,HSPA5,91
hepg2,HSPA8,49
hepg2,HSPA9,98
hepg2,HSPE1,84
hepg2,HSPH1,21
hepg2,HTATSF1,27
hepg2,IARS,31
hepg2,ICE1,43
hepg2,IFITM3,27
hepg2,IGBP1,48
hepg2,ILF2,46
hepg2,IMPA2,58
hepg2,IMPDH2,85
hepg2,INF2,42
hepg2,ING3,53
hepg2,INO80B,44
hepg2,INO80C,44
hepg2,INO80D,25
hepg2,INO80E,26
hepg2,INPPL1,31
hepg2,INTS10,40
hepg2,INTS11,74
hepg2,INTS13,153
hepg2,INTS3,71
hepg2,INTS4,60
hepg2,INTS9,87
hepg2,IPO11,56
hepg2,IPO7,71
hepg2,IPO9,42
hepg2,IRF2BP2,12
hepg2,ISCA2,66
hepg2,ISCU,79
hepg2,ISG20L2,69
hepg2,IST1,45
hepg2,ISY1,21
hepg2,JMJD6,60
hepg2,KANSL1,36
hepg2,KAT8,30
hepg2,KCMF1,38
hepg2,KDM1A,44
hepg2,KDM5C,28
hepg2,KDM6A,87
hepg2,KIAA0586,34
hepg2,KIAA1143,51
hepg2,KIF11,84
hepg2,KIF18B,79
hepg2,KIF4A,24
hepg2,KPNB1,46
hepg2,KRI1,63
hepg2,KRR1,35
hepg2,LAMB1,32
hepg2,LAMTOR1,100
hepg2,LAMTOR3,29
hepg2,LARS2,44
hepg2,LAS1L,78
hepg2,LDB1,44
hepg2,LETM1,69
hepg2,LRP5,50
hepg2,LRR1,82
hepg2,LSG1,82
hepg2,LSM12,61
hepg2,LSM3,29
hepg2,LSM4,42
hepg2,LSM5,86
hepg2,LSM6,55
hepg2,LSM7,62
hepg2,LYRM4,31
hepg2,MAD2L1,86
hepg2,MAD2L2,84
hepg2,MAK16,37
hepg2,MALSU1,37
hepg2,MAP2K7,53
hepg2,MARS,42
hepg2,MASTL,48
hepg2,MAX,43
hepg2,MBD3,30
hepg2,MBIP,37
hepg2,MBNL1,84
hepg2,MBTPS1,114
hepg2,MBTPS2,90
hepg2,MCM2,40
hepg2,MCM3,132
hepg2,MCM3AP,56
hepg2,MCM4,21
hepg2,MCM6,123
hepg2,MED11,86
hepg2,MED16,46
hepg2,MED17,32
hepg2,MED19,110
hepg2,MED26,31
hepg2,MED29,36
hepg2,MED30,36
hepg2,MED4,130
hepg2,MEN1,56
hepg2,MEPCE,24
hepg2,METAP1,31
hepg2,METAP2,35
hepg2,METTL1,33
hepg2,METTL17,30
hepg2,MICOS10,54
hepg2,MIOS,62
hepg2,MIPEP,41
hepg2,MIS12,34
hepg2,MIS18A,25
hepg2,MIS18BP1,79
hepg2,MLST8,27
hepg2,MMS19,48
hepg2,MNAT1,67
hepg2,MON1A,92
hepg2,MPG,29
hepg2,MPHOSPH10,79
hepg2,MRGBP,110
hepg2,MRM1,32
hepg2,MRPL1,32
hepg2,MRPL14,44
hepg2,MRPL15,24
hepg2,MRPL17,27
hepg2,MRPL18,34
hepg2,MRPL28,27
hepg2,MRPL3,64
hepg2,MRPL34,366
hepg2,MRPL36,397
hepg2,MRPL37,32
hepg2,MRPL38,50
hepg2,MRPL41,50
hepg2,MRPL43,21
hepg2,MRPL44,20
hepg2,MRPL46,26
hepg2,MRPL51,40
hepg2,MRPL54,48
hepg2,MRPS16,48
hepg2,MRPS17,48
hepg2,MRPS2,26
hepg2,MRPS21,80
hepg2,MRPS23,39
hepg2,MRPS25,36
hepg2,MRPS33,40
hepg2,MRPS35,32
hepg2,MRPS6,62
hepg2,MRPS7,36
hepg2,MRPS9,30
hepg2,MRTO4,18
hepg2,MSRB1,37
hepg2,MST1,31
hepg2,MTHFD1,33
hepg2,MTREX,23
hepg2,MYBBP1A,64
hepg2,MYBL2,129
hepg2,MYCBP,44
hepg2,MYSM1,37
hepg2,MZT1,31
hepg2,NAA10,31
hepg2,NAA20,37
hepg2,NAA50,56
hepg2,NACA,44
hepg2,NAF1,95
hepg2,NAPA,21
hepg2,NCAPG,28
hepg2,NCAPG2,44
hepg2,NCAPH2,53
hepg2,NCBP2,17
hepg2,NCOA4,13
hepg2,NDC1,45
hepg2,NDUFA2,31
hepg2,NDUFA3,36
hepg2,NDUFAF3,39
hepg2,NDUFAF5,34
hepg2,NDUFAF7,36
hepg2,NDUFB4,32
hepg2,NDUFB8,33
hepg2,NDUFS3,26
hepg2,NELFA,43
hepg2,NELFCD,49
hepg2,NEMF,43
hepg2,NFATC2IP,53
hepg2,NFKBIE,31
hepg2,NFRKB,67
hepg2,NFS1,84
hepg2,NFYB,90
hepg2,NFYC,100
hepg2,NHP2,39
hepg2,NKAPD1,57
hepg2,NOC2L,23
hepg2,NOC3L,82
hepg2,NOL11,53
hepg2,NOL12,63
hepg2,NOL7,41
hepg2,NOL8,120
hepg2,NOL9,36
hepg2,NOMO1,54
hepg2,NOP9,44
hepg2,NOS1AP,43
hepg2,NPM1,44
hepg2,NRBP1,45
hepg2,NRDE2,51
hepg2,NSF,38
hepg2,NSUN4,50
hepg2,NUB1,78
hepg2,NUBP1,27
hepg2,NUBP2,51
hepg2,NUDT15,37
hepg2,NUMA1,30
hepg2,NUP133,203
hepg2,NUP160,55
hepg2,NUP205,26
hepg2,NUP35,51
hepg2,NUP54,34
hepg2,NUP85,133
hepg2,NUTF2,80
hepg2,OGFOD1,55
hepg2,OIP5,40
hepg2,OPA1,39
hepg2,ORC1,62
hepg2,ORC3,31
hepg2,ORC6,51
hepg2,OSGEP,37
hepg2,OSTC,34
hepg2,PABPC1,60
hepg2,PABPC4,52
hepg2,PABPN1,46
hepg2,PAF1,32
hepg2,PAFAH1B1,25
hepg2,PALB2,48
hepg2,PAM16,56
hepg2,PAXBP1,77
hepg2,PCID2,55
hepg2,PCM1,17
hepg2,PCNX3,57
hepg2,PDAP1,33
hepg2,PDCD2,28
hepg2,PDCD6,32
hepg2,PDCD7,29
hepg2,PDHA1,55
hepg2,PDRG1,49
hepg2,PELP1,81
hepg2,PET117,49
hepg2,PEX19,50
hepg2,PFDN2,44
hepg2,PFDN6,32
hepg2,PGAM5,38
hepg2,PGD,30
hepg2,PGS1,33
hepg2,PHAX,70
hepg2,PHB2,49
hepg2,PI4KA,216
hepg2,PIGH,30
hepg2,PLK4,199
hepg2,PMPCB,106
hepg2,PNKP,40
hepg2,PNN,141
hepg2,PNO1,50
hepg2,POGZ,37
hepg2,POLA1,57
hepg2,POLA2,25
hepg2,POLD2,35
hepg2,POLG2,31
hepg2,POLR1D,60
hepg2,POLR2A,20
hepg2,POLR2D,67
hepg2,POLR2F,59
hepg2,POLR2G,39
hepg2,POLR2H,36
hepg2,POLR2I,130
hepg2,POLR2M,79
hepg2,POLR3D,53
hepg2,POLR3E,49
hepg2,POLR3F,51
hepg2,POLR3H,35
hepg2,POLRMT,62
hepg2,POP4,81
hepg2,POP5,86
hepg2,POP7,60
hepg2,PPA1,52
hepg2,PPA2,35
hepg2,PPIA,49
hepg2,PPIH,29
hepg2,PPIL2,55
hepg2,PPIL4,24
hepg2,PPME1,41
hepg2,PPP1R10,21
hepg2,PPP1R11,41
hepg2,PPP1R15B,33
hepg2,PPP1R2,99
hepg2,PPP1R8,68
hepg2,PPP2R1A,152
hepg2,PPP2R3C,33
hepg2,PPP6C,433
hepg2,PRIM2,34
hepg2,PRKCA,37
hepg2,PRMT1,23
hepg2,PRMT5,76
hepg2,PRORP,31
hepg2,PRPF18,47
hepg2,PRPF38A,28
hepg2,PRRC2A,41
hepg2,PSAT1,66
hepg2,PSMA2,26
hepg2,PSMA3,38
hepg2,PSMA6,19
hepg2,PSMA7,25
hepg2,PSMB2,48
hepg2,PSMB3,37
hepg2,PSMB4,33
hepg2,PSMB6,33
hepg2,PSMC1,45
hepg2,PSMC2,27
hepg2,PSMC4,47
hepg2,PSMC5,100
hepg2,PSMC6,27
hepg2,PSMD1,20
hepg2,PSMD11,24
hepg2,PSMD12,18
hepg2,PSMD4,25
hepg2,PSMD6,26
hepg2,PSMD9,23
hepg2,PSME2,37
hepg2,PSMG1,49
hepg2,PTCD1,46
hepg2,PTCD3,32
hepg2,PTGR2,35
hepg2,PTK2,26
hepg2,PTPMT1,44
hepg2,PTPN11,50
hepg2,PXN,54
hepg2,PYROXD1,58
hepg2,QARS,65
hepg2,RAB18,22
hepg2,RAB6A,30
hepg2,RABGGTA,240
hepg2,RABGGTB,78
hepg2,RAC3,87
hepg2,RAD17,26
hepg2,RAD51D,36
hepg2,RAD9A,45
hepg2,RAE1,43
hepg2,RAMAC,39
hepg2,RAN,56
hepg2,RANBP2,15
hepg2,RARS2,84
hepg2,RBBP4,39
hepg2,RBM10,168
hepg2,RBM15,72
hepg2,RBM17,32
hepg2,RBM25,21
hepg2,RBM28,72
hepg2,RBM33,45
hepg2,RBM39,50
hepg2,RBM42,58
hepg2,RBM48,51
hepg2,RBM8A,13
hepg2,RCL1,102
hepg2,REXO2,27
hepg2,RFC2,50
hepg2,RFC4,35
hepg2,RFC5,48
hepg2,RINT1,39
hepg2,RIOK2,24
hepg2,RMI1,35
hepg2,RNASEH2C,123
hepg2,RNF103,34
hepg2,RNF113A,35
hepg2,RNF20,25
hepg2,RNF31,68
hepg2,RNMT,47
hepg2,RNPS1,20
hepg2,RPA1,34
hepg2,RPAIN,29
hepg2,RPAP1,53
hepg2,RPAP2,51
hepg2,RPE,23
hepg2,RPIA,49
hepg2,RPL10,69
hepg2,RPL11,35
hepg2,RPL12,79
hepg2,RPL14,57
hepg2,RPL17,75
hepg2,RPL18,77
hepg2,RPL19,25
hepg2,RPL21,26
hepg2,RPL23A,66
hepg2,RPL26,81
hepg2,RPL26L1,27
hepg2,RPL29,46
hepg2,RPL32,96
hepg2,RPL34,42
hepg2,RPL35,81
hepg2,RPL35A,178
hepg2,RPL36AL,28
hepg2,RPL37A,71
hepg2,RPL38,36
hepg2,RPL39,29
hepg2,RPL4,92
hepg2,RPL5,44
hepg2,RPL7,112
hepg2,RPL9,61
hepg2,RPLP0,85
hepg2,RPP30,77
hepg2,RPS10,41
hepg2,RPS11,39
hepg2,RPS15,55
hepg2,RPS15A,33
hepg2,RPS19BP1,61
hepg2,RPS2,82
hepg2,RPS20,44
hepg2,RPS24,61
hepg2,RPS25,30
hepg2,RPS27,91
hepg2,RPS27A,109
hepg2,RPS28,31
hepg2,RPS29,59
hepg2,RPS3,45
hepg2,RPS3A,52
hepg2,RPS4X,47
hepg2,RPS6,63
hepg2,RPS8,56
hepg2,RPSA,36
hepg2,RPTOR,25
hepg2,RPUSD3,75
hepg2,RRM2,37
hepg2,RRN3,67
hepg2,RRP1,23
hepg2,RRP12,66
hepg2,RRP15,42
hepg2,RRP7A,67
hepg2,RSL1D1,116
hepg2,RSL24D1,37
hepg2,RTF1,22
hepg2,RUVBL1,43
hepg2,RUVBL2,30
hepg2,SAMD4B,43
hepg2,SAMM50,25
hepg2,SAP18,30
hepg2,SAP30BP,27
hepg2,SARS2,35
hepg2,SART3,337
hepg2,SASS6,61
hepg2,SBDS,20
hepg2,SBNO1,45
hepg2,SCAF1,79
hepg2,SCAP,93
hepg2,SCD,68
hepg2,SCFD1,46
hepg2,SDAD1,66
hepg2,SDC1,59
hepg2,SDHAF2,67
hepg2,SDHC,34
hepg2,SEC16A,77
hepg2,SEC61A1,80
hepg2,SEC61G,70
hepg2,SENP6,25
hepg2,SEPHS2,52
hepg2,SEPSECS,51
hepg2,SET,18
hepg2,SETD1A,78
hepg2,SETD2,26
hepg2,SETD5,46
hepg2,SETDB1,62
hepg2,SF1,27
hepg2,SF3A2,96
hepg2,SF3A3,21
hepg2,SF3B1,43
hepg2,SF3B5,94
hepg2,SFPQ,52
hepg2,SFSWAP,25
hepg2,SGPP1,29
hepg2,SHOC2,58
hepg2,SIRT7,200
hepg2,SKA3,57
hepg2,SLBP,43
hepg2,SLC16A5,54
hepg2,SLC25A3,28
hepg2,SLC25A42,69
hepg2,SLC2A8,63
hepg2,SLC35A4,28
hepg2,SLC39A10,29
hepg2,SLC39A9,45
hepg2,SLC7A6OS,47
hepg2,SLU7,290
hepg2,SMAGP,40
hepg2,SMARCC1,19
hepg2,SMC1A,69
hepg2,SMC4,26
hepg2,SMG1,18
hepg2,SMG5,153
hepg2,SMG6,38
hepg2,SMG7,32
hepg2,SMG8,26
hepg2,SMN2,446
hepg2,SMNDC1,37
hepg2,SMUG1,47
hepg2,SNAPC1,27
hepg2,SNIP1,34
hepg2,SNRNP200,92
hepg2,SNRNP40,60
hepg2,SNRNP70,57
hepg2,SNRPB,37
hepg2,SNRPC,100
hepg2,SNRPD1,29
hepg2,SNRPD3,36
hepg2,SNRPF,28
hepg2,SP1,77
hepg2,SPAG7,40
hepg2,SPCS3,41
hepg2,SPEN,22
hepg2,SPG7,51
hepg2,SPRTN,38
hepg2,SPTLC1,29
hepg2,SPTSSA,38
hepg2,SRBD1,136
hepg2,SRP19,29
hepg2,SRP9,81
hepg2,SRRM1,35
hepg2,SRRM2,27
hepg2,SRSF1,30
hepg2,SRSF7,52
hepg2,SS18L2,34
hepg2,SSU72,178
hepg2,STAG2,29
hepg2,STARD7,23
hepg2,STAT5B,91
hepg2,STIL,110
hepg2,STRAP,42
hepg2,STRIP1,31
hepg2,STT3B,45
hepg2,STX18,26
hepg2,STX5,53
hepg2,SUGP1,29
hepg2,SUMO2,44
hepg2,SUPT16H,40
hepg2,SUPT20H,77
hepg2,SUPT5H,29
hepg2,SUPV3L1,25
hepg2,SURF6,63
hepg2,TACC3,63
hepg2,TADA1,63
hepg2,TADA2B,39
hepg2,TADA3,33
hepg2,TAF10,47
hepg2,TAF11,55
hepg2,TAF13,130
hepg2,TAF1B,41
hepg2,TAF1C,40
hepg2,TAF6,44
hepg2,TAF7,44
hepg2,TARDBP,190
hepg2,TARS2,61
hepg2,TBCB,43
hepg2,TBCC,38
hepg2,TBCD,60
hepg2,TBPL1,71
hepg2,TCERG1,33
hepg2,TCOF1,114
hepg2,TERF2,72
hepg2,TFAM,1057
hepg2,TFB1M,37
hepg2,TFB2M,28
hepg2,TFPT,39
hepg2,TGS1,48
hepg2,THAP11,83
hepg2,THOC6,59
hepg2,THOC7,201
hepg2,THRAP3,34
hepg2,THUMPD1,29
hepg2,TIGD1,41
hepg2,TIMM10,53
hepg2,TIMM13,66
hepg2,TIMM22,24
hepg2,TIMM23B,260
hepg2,TIMM44,44
hepg2,TIMM9,31
hepg2,TLN1,23
hepg2,TMEM127,39
hepg2,TMEM214,236
hepg2,TMEM242,202
hepg2,TMX2,68
hepg2,TNRC6A,81
hepg2,TOMM20,28
hepg2,TOMM22,66
hepg2,TONSL,82
hepg2,TOP1,29
hepg2,TOP3A,38
hepg2,TOPBP1,33
hepg2,TOX4,23
hepg2,TP53I13,46
hepg2,TP53RK,32
hepg2,TPI1,28
hepg2,TPP2,25
hepg2,TPR,65
hepg2,TPRKB,44
hepg2,TPX2,95
hepg2,TRA2B,28
hepg2,TRAPPC1,30
hepg2,TRAPPC3,64
hepg2,TRAPPC4,37
hepg2,TRAPPC5,99
hepg2,TRAPPC8,45
hepg2,TRIAP1,35
hepg2,TRMT112,60
hepg2,TRMT5,37
hepg2,TRNP1,14
hepg2,TRNT1,220
hepg2,TSEN2,56
hepg2,TSEN54,42
hepg2,TSR1,150
hepg2,TTC4,37
hepg2,TTF2,24
hepg2,TTI1,37
hepg2,TTK,72
hepg2,TUBA1B,76
hepg2,TUBB2A,84
hepg2,TUBE1,52
hepg2,TUBGCP2,57
hepg2,TUBGCP3,25
hepg2,TUBGCP4,38
hepg2,TUBGCP5,82
hepg2,TUFM,42
hepg2,TVP23C,32
hepg2,U2SURP,52
hepg2,UBA1,34
hepg2,UBA5,27
hepg2,UBA52,78
hepg2,UBAP1,36
hepg2,UBE2L3,42
hepg2,UBE2N,32
hepg2,UBE3C,30
hepg2,UBE3D,59
hepg2,UBL5,78
hepg2,UBQLN4,69
hepg2,UBR5,42
hepg2,UCHL5,34
hepg2,UFM1,32
hepg2,UHRF1,59
hepg2,UMPS,34
hepg2,UPF1,32
hepg2,UPF2,34
hepg2,UPF3A,22
hepg2,UQCC2,30
hepg2,UQCRC1,21
hepg2,URB1,74
hepg2,URM1,38
hepg2,UROD,49
hepg2,USP10,40
hepg2,USP14,83
hepg2,USP39,59
hepg2,USP8,36
hepg2,UTP11,35
hepg2,UTP20,83
hepg2,UTP23,88
hepg2,UTP25,26
hepg2,UXS1,45
hepg2,UXT,42
hepg2,VARS2,30
hepg2,VEZT,28
hepg2,VHL,27
hepg2,VMP1,10
hepg2,VPS13D,35
hepg2,VPS25,20
hepg2,VPS37A,29
hepg2,VPS37C,30
hepg2,VPS41,68
hepg2,WAC,24
hepg2,WARS,30
hepg2,WBP1,34
hepg2,WBP11,39
hepg2,WBP1L,31
hepg2,WDHD1,55
hepg2,WDR1,94
hepg2,WDR12,108
hepg2,WDR18,143
hepg2,WDR26,72
hepg2,WDR33,46
hepg2,WDR83OS,44
hepg2,WEE1,28
hepg2,WNK1,28
hepg2,WTAP,135
hepg2,XPO5,54
hepg2,XRCC2,36
hepg2,XRCC5,40
hepg2,XRN2,32
hepg2,YARS,56
hepg2,YARS2,34
hepg2,YBX3,19
hepg2,YEATS2,41
hepg2,YPEL5,40
hepg2,YTHDC1,49
hepg2,YY1,24
hepg2,ZBTB17,126
hepg2,ZBTB44,28
hepg2,ZC3H13,68
hepg2,ZC3H4,60
hepg2,ZCRB1,33
hepg2,ZDHHC7,424
hepg2,ZFC3H1,35
hepg2,ZMAT2,146
hepg2,ZMAT5,29
hepg2,ZNF236,196
hepg2,ZNF292,74
hepg2,ZNF317,28
hepg2,ZNF574,62
hepg2,ZNF787,52
hepg2,ZNF84,86
hepg2,ZNHIT1,30
hepg2,ZNHIT2,67
hepg2,ZNHIT3,134
hepg2,ZNHIT6,48
jurkat,AAMP,39
jurkat,AARS,54
jurkat,ABCB10,87
jurkat,ABCE1,41
jurkat,ABCF1,93
jurkat,ABT1,152
jurkat,ACD,39
jurkat,ACTB,128
jurkat,ACTR10,72
jurkat,ACTR6,100
jurkat,ADNP2,60
jurkat,AFG3L2,103
jurkat,AHCTF1,23
jurkat,AKIRIN2,63
jurkat,ALDOA,75
jurkat,ALG13,98
jurkat,ANAPC1,25
jurkat,ANAPC10,43
jurkat,ANLN,52
jurkat,AP2A1,59
jurkat,AP2S1,23
jurkat,ARGLU1,54
jurkat,ARID5B,131
jurkat,ARL2,39
jurkat,ARL6IP6,59
jurkat,ASCC3,99
jurkat,ATF4,41
jurkat,ATIC,32
jurkat,ATL2,63
jurkat,ATP11B,184
jurkat,ATP2A2,124
jurkat,ATP5F1B,63
jurkat,ATP5MD,36
jurkat,ATP5ME,120
jurkat,ATP5MF,214
jurkat,ATP5PD,142
jurkat,ATP6V0B,27
jurkat,ATP6V0D1,43
jurkat,ATP6V1A,26
jurkat,ATP6V1D,54
jurkat,ATP6V1F,28
jurkat,ATP6V1G1,67
jurkat,ATR,119
jurkat,ATRIP,52
jurkat,AURKAIP1,84
jurkat,BANF1,31
jurkat,BCS1L,78
jurkat,BDP1,52
jurkat,BET1,82
jurkat,BMP2K,37
jurkat,BNIP1,109
jurkat,BOD1L1,47
jurkat,BRCA1,130
jurkat,BRD8,53
jurkat,BRF1,95
jurkat,BRF2,57
jurkat,BRIX1,126
jurkat,BUB1B,42
jurkat,BUB3,21
jurkat,BUD23,31
jurkat,BYSL,100
jurkat,CABIN1,136
jurkat,CALR,68
jurkat,CARF,75
jurkat,CARS,62
jurkat,CASC3,54
jurkat,CAST,88
jurkat,CCAR1,65
jurkat,CCDC59,187
jurkat,CCDC6,783
jurkat,CCDC84,55
jurkat,CCNH,216
jurkat,CCNL1,67
jurkat,CCP110,42
jurkat,CCT4,46
jurkat,CCT7,31
jurkat,CD3EAP,170
jurkat,CDC123,39
jurkat,CDC5L,21
jurkat,CDC73,22
jurkat,CDK12,32
jurkat,CENPK,27
jurkat,CENPN,42
jurkat,CENPP,75
jurkat,CEP152,47
jurkat,CEP192,29
jurkat,CEP85,45
jurkat,CHCHD1,56
jurkat,CHCHD3,68
jurkat,CHCHD4,158
jurkat,CHD4,69
jurkat,CHEK1,21
jurkat,CHMP1A,40
jurkat,CHMP2A,21
jurkat,CHMP4B,69
jurkat,CHMP5,66
jurkat,CHTF18,144
jurkat,CIAO1,123
jurkat,CINP,61
jurkat,CLCC1,58
jurkat,CLNS1A,56
jurkat,CLOCK,424
jurkat,CLP1,25
jurkat,CLPB,82
jurkat,CMTR1,86
jurkat,CNOT10,91
jurkat,CNOT11,87
jurkat,CNOT2,151
jurkat,CNOT3,154
jurkat,CNOT9,28
jurkat,COA5,92
jurkat,COASY,88
jurkat,COG1,118
jurkat,COG4,56
jurkat,COMTD1,88
jurkat,COPE,64
jurkat,COPS2,55
jurkat,COPS4,73
jurkat,COQ2,141
jurkat,COQ4,79
jurkat,COQ5,60
jurkat,COTL1,94
jurkat,COX10,143
jurkat,COX11,242
jurkat,COX17,71
jurkat,COX5A,145
jurkat,COX7B,46
jurkat,COX7C,105
jurkat,CPOX,38
jurkat,CPSF1,121
jurkat,CPSF2,28
jurkat,CPSF3,337
jurkat,CPSF4,108
jurkat,CPSF6,47
jurkat,CRCP,43
jurkat,CRKL,39
jurkat,CRLS1,52
jurkat,CSE1L,36
jurkat,CSNK1A1,93
jurkat,CSNK2B,121
jurkat,CSTF3,49
jurkat,CTCF,25
jurkat,CTPS1,21
jurkat,CTU2,105
jurkat,CUL2,102
jurkat,CUL3,75
jurkat,CWC15,28
jurkat,CWC25,47
jurkat,CWF19L2,102
jurkat,CXXC1,149
jurkat,CYCS,71
jurkat,CYREN,78
jurkat,DAD1,72
jurkat,DAP3,96
jurkat,DARS,30
jurkat,DAXX,56
jurkat,DBF4,54
jurkat,DCTN5,56
jurkat,DDB1,80
jurkat,DDX10,124
jurkat,DDX18,78
jurkat,DDX23,51
jurkat,DDX3X,48
jurkat,DDX42,61
jurkat,DDX46,113
jurkat,DDX5,149
jurkat,DDX52,213
jurkat,DDX55,385
jurkat,DDX59,44
jurkat,DENR,52
jurkat,DEPDC5,100
jurkat,DGCR8,36
jurkat,DHPS,55
jurkat,DHX16,81
jurkat,DHX29,35
jurkat,DHX33,113
jurkat,DHX36,106
jurkat,DHX37,131
jurkat,DHX8,105
jurkat,DHX9,56
jurkat,DIS3,49
jurkat,DKC1,91
jurkat,DLD,47
jurkat,DMAP1,33
jurkat,DNAJC17,79
jurkat,DNAJC8,124
jurkat,DNM1L,41
jurkat,DNMT1,155
jurkat,DNTTIP2,65
jurkat,DPAGT1,90
jurkat,DPM2,81
jurkat,DPY19L4,167
jurkat,DR1,55
jurkat,DSTYK,247
jurkat,DTL,25
jurkat,DUT,31
jurkat,DYNC1H1,15
jurkat,DYNC1I2,39
jurkat,DYNLL2,159
jurkat,EBNA1BP2,36
jurkat,EDC4,129
jurkat,EEF2,98
jurkat,EEFSEC,52
jurkat,EFR3A,99
jurkat,EHMT2,116
jurkat,EIF1AD,67
jurkat,EIF2B1,249
jurkat,EIF2B5,126
jurkat,EIF2S1,28
jurkat,EIF2S2,25
jurkat,EIF2S3,24
jurkat,EIF3B,124
jurkat,EIF3D,48
jurkat,EIF3E,33
jurkat,EIF3I,61
jurkat,EIF3J,82
jurkat,EIF3L,137
jurkat,EIF3M,90
jurkat,EIF4A1,60
jurkat,EIF4E,53
jurkat,EIF4G2,109
jurkat,EIF4H,117
jurkat,EIF5,32
jurkat,EIF6,114
jurkat,ELL,89
jurkat,ELOB,185
jurkat,ELOF1,158
jurkat,ELP2,95
jurkat,ELP6,94
jurkat,EMC7,63
jurkat,EMG1,41
jurkat,ENO1,63
jurkat,ENY2,94
jurkat,ERCC2,89
jurkat,ESF1,193
jurkat,ESYT1,99
jurkat,ESYT2,56
jurkat,ETF1,40
jurkat,EXOC3,51
jurkat,EXOC4,44
jurkat,EXOC5,96
jurkat,EXOC7,90
jurkat,EXOC8,56
jurkat,EXOSC1,78
jurkat,EXOSC10,53
jurkat,EXOSC2,114
jurkat,EXOSC3,117
jurkat,EXOSC7,67
jurkat,FAM133B,45
jurkat,FAM136A,462
jurkat,FAM32A,27
jurkat,FARSA,128
jurkat,FASN,29
jurkat,FBL,42
jurkat,FBXW7,106
jurkat,FNBP4,248
jurkat,FTSJ3,42
jurkat,FUNDC2,66
jurkat,FXN,52
jurkat,FYN,214
jurkat,GABPB1,93
jurkat,GARS,99
jurkat,GART,15
jurkat,GEMIN4,112
jurkat,GEMIN6,69
jurkat,GEMIN7,34
jurkat,GEMIN8,57
jurkat,GFER,110
jurkat,GFM1,1353
jurkat,GFOD2,216
jurkat,GINS2,155
jurkat,GINS3,69
jurkat,GLB1,107
jurkat,GLE1,27
jurkat,GLRX3,60
jurkat,GLRX5,185
jurkat,GMPS,38
jurkat,GNL3,123
jurkat,GNL3L,69
jurkat,GNPAT,35
jurkat,GPN1,50
jurkat,GPN2,53
jurkat,GPN3,179
jurkat,GRSF1,96
jurkat,GRWD1,116
jurkat,GSK3B,56
jurkat,GTF2B,43
jurkat,GTF2E1,65
jurkat,GTF2F1,41
jurkat,GTF2F2,117
jurkat,GTF2H2,69
jurkat,GTF2H3,92
jurkat,GTF3A,54
jurkat,GTF3C2,72
jurkat,GTF3C4,1160
jurkat,GTF3C5,80
jurkat,GYG1,179
jurkat,H2AFZ,217
jurkat,HARS2,27
jurkat,HAUS5,27
jurkat,HAUS6,25
jurkat,HBS1L,47
jurkat,HEATR1,77
jurkat,HECTD1,102
jurkat,HERC1,131
jurkat,HEXIM1,64
jurkat,HGS,29
jurkat,HIPK1,94
jurkat,HMBOX1,64
jurkat,HMGA1,59
jurkat,HMGB3,68
jurkat,HMGCS1,126
jurkat,HMGN2,51
jurkat,HMX3,171
jurkat,HNRNPDL,49
jurkat,HNRNPH1,41
jurkat,HNRNPK,24
jurkat,HNRNPM,73
jurkat,HNRNPR,64
jurkat,HPS5,61
jurkat,HSCB,319
jurkat,HSD17B10,639
jurkat,HSPA14,146
jurkat,HSPA9,47
jurkat,HSPE1,149
jurkat,HSPH1,66
jurkat,HTATSF1,75
jurkat,HYOU1,55
jurkat,IARS,55
jurkat,ICE1,40
jurkat,IFITM2,55
jurkat,IGBP1,68
jurkat,ILF2,76
jurkat,IMPA2,75
jurkat,IMPDH2,97
jurkat,INF2,99
jurkat,ING3,223
jurkat,INO80B,125
jurkat,INO80C,183
jurkat,INTS10,89
jurkat,INTS11,70
jurkat,INTS13,301
jurkat,INTS3,87
jurkat,INTS4,64
jurkat,INTS9,144
jurkat,IPO11,93
jurkat,IPO7,122
jurkat,IPO9,137
jurkat,ISCA2,127
jurkat,ISG20L2,79
jurkat,IST1,122
jurkat,ISY1,24
jurkat,KANSL1,60
jurkat,KARS,39
jurkat,KAT8,94
jurkat,KCMF1,85
jurkat,KDM1A,185
jurkat,KDM2A,41
jurkat,KIAA0586,62
jurkat,KIF14,28
jurkat,KIF18A,47
jurkat,KIF18B,88
jurkat,KIF20A,35
jurkat,KRI1,165
jurkat,KRR1,83
jurkat,LAMTOR1,274
jurkat,LAMTOR3,78
jurkat,LARS2,112
jurkat,LAS1L,150
jurkat,LDB1,138
jurkat,LETM1,150
jurkat,LRP5,89
jurkat,LRRC37B,95
jurkat,LSG1,162
jurkat,LSM12,99
jurkat,LSM3,116
jurkat,LSM4,34
jurkat,LSM5,61
jurkat,LSM6,50
jurkat,LSM7,67
jurkat,LYRM4,36
jurkat,MAD2L1,51
jurkat,MAK16,51
jurkat,MALSU1,88
jurkat,MAP2K7,28
jurkat,MARS,74
jurkat,MASTL,54
jurkat,MAX,73
jurkat,MBD3,168
jurkat,MBIP,70
jurkat,MBNL1,161
jurkat,MBTPS1,182
jurkat,MCM2,111
jurkat,MCM3,284
jurkat,MCM3AP,25
jurkat,MCM4,37
jurkat,MCM6,324
jurkat,MED10,41
jurkat,MED11,93
jurkat,MED16,55
jurkat,MED17,31
jurkat,MED18,79
jurkat,MED19,257
jurkat,MED22,57
jurkat,MED24,43
jurkat,MED26,82
jurkat,MED27,35
jurkat,MED28,34
jurkat,MED29,38
jurkat,MED30,92
jurkat,MED4,194
jurkat,MEN1,90
jurkat,METAP2,62
jurkat,MICOS10,135
jurkat,MIOS,130
jurkat,MIS12,30
jurkat,MLST8,59
jurkat,MMS19,114
jurkat,MNAT1,141
jurkat,MPG,63
jurkat,MPHOSPH10,137
jurkat,MRGBP,167
jurkat,MRPL13,50
jurkat,MRPL14,75
jurkat,MRPL15,85
jurkat,MRPL17,69
jurkat,MRPL18,63
jurkat,MRPL28,103
jurkat,MRPL3,133
jurkat,MRPL34,689
jurkat,MRPL36,1095
jurkat,MRPL37,71
jurkat,MRPL38,122
jurkat,MRPL41,139
jurkat,MRPL42,87
jurkat,MRPL43,47
jurkat,MRPL44,74
jurkat,MRPL46,82
jurkat,MRPL51,36
jurkat,MRPS11,92
jurkat,MRPS12,49
jurkat,MRPS14,26
jurkat,MRPS16,144
jurkat,MRPS17,96
jurkat,MRPS2,51
jurkat,MRPS21,175
jurkat,MRPS22,68
jurkat,MRPS23,65
jurkat,MRPS31,55
jurkat,MRPS33,64
jurkat,MRPS35,98
jurkat,MRPS6,150
jurkat,MRPS7,80
jurkat,MRPS9,107
jurkat,MRTO4,56
jurkat,MTBP,276
jurkat,MTG2,176
jurkat,MTHFD1,66
jurkat,MYBBP1A,100
jurkat,MYSM1,115
jurkat,MZT1,21
jurkat,NAA10,113
jurkat,NAA20,101
jurkat,NAA35,232
jurkat,NAA50,60
jurkat,NACA,67
jurkat,NAF1,181
jurkat,NAPA,42
jurkat,NAT10,32
jurkat,NCAPG,20
jurkat,NCAPH2,159
jurkat,NCBP1,45
jurkat,NCBP2,50
jurkat,NDUFA3,133
jurkat,NDUFA8,47
jurkat,NDUFAF5,29
jurkat,NDUFAF7,42
jurkat,NDUFB4,122
jurkat,NDUFB7,58
jurkat,NDUFB8,79
jurkat,NDUFS3,80
jurkat,NELFA,126
jurkat,NELFCD,115
jurkat,NFRKB,168
jurkat,NFS1,27
jurkat,NHP2,121
jurkat,NKAPD1,143
jurkat,NOC2L,47
jurkat,NOC3L,172
jurkat,NOL11,139
jurkat,NOL12,121
jurkat,NOL8,193
jurkat,NOL9,53
jurkat,NOP9,167
jurkat,NR2C2AP,56
jurkat,NRBP1,80
jurkat,NUB1,124
jurkat,NUBP1,26
jurkat,NUBP2,115
jurkat,NUF2,23
jurkat,NUP133,30
jurkat,NUP35,92
jurkat,NUP43,66
jurkat,NUP54,24
jurkat,NUP85,38
jurkat,OGFOD1,65
jurkat,ORC1,37
jurkat,ORC3,56
jurkat,ORC6,39
jurkat,OSGEP,112
jurkat,OSTC,81
jurkat,OXA1L,49
jurkat,PABPC1,39
jurkat,PABPC4,118
jurkat,PABPN1,24
jurkat,PAF1,48
jurkat,PAK1IP1,43
jurkat,PAM16,68
jurkat,PAXBP1,117
jurkat,PCBP2,183
jurkat,PCID2,94
jurkat,PCM1,31
jurkat,PDAP1,64
jurkat,PDCD2,108
jurkat,PDCD7,34
jurkat,PDRG1,32
jurkat,PEF1,54
jurkat,PELP1,156
jurkat,PET117,149
jurkat,PEX1,34
jurkat,PFDN1,55
jurkat,PFDN2,50
jurkat,PFDN5,42
jurkat,PFDN6,30
jurkat,PGAM1,147
jurkat,PGAM5,90
jurkat,PGD,77
jurkat,PGK1,100
jurkat,PHAX,142
jurkat,PHB2,27
jurkat,PHF10,121
jurkat,PI4KA,167
jurkat,PIGH,55
jurkat,PMPCB,242
jurkat,PNN,71
jurkat,PNO1,107
jurkat,POLD2,64
jurkat,POLD3,74
jurkat,POLR1B,48
jurkat,POLR1D,64
jurkat,POLR2F,33
jurkat,POLR2I,82
jurkat,POLR2L,25
jurkat,POLR2M,105
jurkat,POLR3D,38
jurkat,POLR3E,76
jurkat,POLR3F,41
jurkat,POLR3H,50
jurkat,POLRMT,186
jurkat,POP4,124
jurkat,POP5,195
jurkat,POP7,109
jurkat,PPIE,41
jurkat,PPIH,72
jurkat,PPIL2,39
jurkat,PPIL4,81
jurkat,PPP1R10,33
jurkat,PPP1R11,92
jurkat,PPP1R15B,31
jurkat,PPP1R2,97
jurkat,PPP1R37,469
jurkat,PPP1R8,83
jurkat,PPP2CA,258
jurkat,PPP2CB,160
jurkat,PPP2R1A,439
jurkat,PPP2R3C,74
jurkat,PPP4R2,75
jurkat,PPP6C,1139
jurkat,PRKCA,24
jurkat,PRKRA,34
jurkat,PRMT1,50
jurkat,PRMT5,203
jurkat,PRORP,97
jurkat,PRPF18,50
jurkat,PRPF38A,42
jurkat,PRRC2A,100
jurkat,PSMB2,21
jurkat,PSMB4,26
jurkat,PSMB6,81
jurkat,PSMC1,12
jurkat,PSMC2,15
jurkat,PSMD12,10
jurkat,PSMD4,57
jurkat,PSMG1,36
jurkat,PTCD1,72
jurkat,PTCD3,30
jurkat,PTGR2,94
jurkat,PTPN23,51
jurkat,PUM1,99
jurkat,PWP1,61
jurkat,PYROXD1,142
jurkat,QARS,106
jurkat,RAB4B,151
jurkat,RABGGTA,168
jurkat,RAC3,289
jurkat,RACK1,31
jurkat,RAD17,29
jurkat,RAD21,19
jurkat,RAD9A,128
jurkat,RAE1,23
jurkat,RAMAC,92
jurkat,RARS2,186
jurkat,RBBP4,31
jurkat,RBM10,82
jurkat,RBM15,132
jurkat,RBM25,35
jurkat,RBM28,141
jurkat,RBM33,117
jurkat,RBM42,25
jurkat,RBM48,106
jurkat,RBM8A,11
jurkat,RCL1,197
jurkat,RELL2,42
jurkat,RFC2,40
jurkat,RFC4,32
jurkat,RINT1,122
jurkat,RIOK2,62
jurkat,RNASEH2C,226
jurkat,RNF113A,55
jurkat,RNF20,130
jurkat,RNF31,85
jurkat,RNMT,78
jurkat,RNPS1,24
jurkat,RPAP1,108
jurkat,RPIA,36
jurkat,RPL10,49
jurkat,RPL11,29
jurkat,RPL12,42
jurkat,RPL14,24
jurkat,RPL17,42
jurkat,RPL18,42
jurkat,RPL19,22
jurkat,RPL21,41
jurkat,RPL23A,51
jurkat,RPL26,129
jurkat,RPL29,80
jurkat,RPL32,85
jurkat,RPL34,41
jurkat,RPL35,62
jurkat,RPL35A,93
jurkat,RPL37A,58
jurkat,RPL38,27
jurkat,RPL39,156
jurkat,RPL4,37
jurkat,RPL5,51
jurkat,RPL7,115
jurkat,RPL9,41
jurkat,RPLP0,52
jurkat,RPLP1,22
jurkat,RPN2,43
jurkat,RPP21,183
jurkat,RPP30,136
jurkat,RPP38,43
jurkat,RPRD1B,96
jurkat,RPS10,54
jurkat,RPS11,59
jurkat,RPS15,92
jurkat,RPS15A,61
jurkat,RPS19BP1,98
jurkat,RPS2,102
jurkat,RPS20,88
jurkat,RPS24,72
jurkat,RPS25,66
jurkat,RPS27,60
jurkat,RPS27A,170
jurkat,RPS28,54
jurkat,RPS29,90
jurkat,RPS3,77
jurkat,RPS3A,104
jurkat,RPS4X,86
jurkat,RPS6,118
jurkat,RPS8,96
jurkat,RPSA,67
jurkat,RPTOR,53
jurkat,RPUSD3,77
jurkat,RRN3,79
jurkat,RRP1,110
jurkat,RRP12,123
jurkat,RRP15,78
jurkat,RRP7A,111
jurkat,RSL1D1,143
jurkat,RSL24D1,44
jurkat,RSRC2,33
jurkat,RTF1,33
jurkat,RUVBL1,13
jurkat,SAMD4B,110
jurkat,SAMM50,46
jurkat,SAP18,51
jurkat,SARS2,79
jurkat,SART3,170
jurkat,SBDS,81
jurkat,SBNO1,73
jurkat,SCAF1,76
jurkat,SCAP,111
jurkat,SDAD1,126
jurkat,SDE2,24
jurkat,SDHC,62
jurkat,SDHD,25
jurkat,SEC61A1,127
jurkat,SEC61G,97
jurkat,SEC62,54
jurkat,SENP6,52
jurkat,SET,57
jurkat,SETD1A,62
jurkat,SETD2,67
jurkat,SETDB1,125
jurkat,SF3A2,131
jurkat,SF3A3,26
jurkat,SF3B1,22
jurkat,SFSWAP,56
jurkat,SH3KBP1,37
jurkat,SHOC2,92
jurkat,SIRT7,235
jurkat,SKP2,69
jurkat,SLBP,79
jurkat,SLC25A3,59
jurkat,SLC25A42,46
jurkat,SLC35A4,37
jurkat,SLC35B1,64
jurkat,SLC35G2,344
jurkat,SLC39A9,24
jurkat,SLC7A6OS,53
jurkat,SLU7,44
jurkat,SMARCC1,22
jurkat,SMC1A,44
jurkat,SMG1,18
jurkat,SMG5,207
jurkat,SMG6,81
jurkat,SMG7,46
jurkat,SMG8,93
jurkat,SMNDC1,30
jurkat,SMUG1,52
jurkat,SNAPC1,72
jurkat,SNIP1,33
jurkat,SNRNP200,20
jurkat,SNRPA,69
jurkat,SNRPB,22
jurkat,SNRPC,22
jurkat,SNRPD1,17
jurkat,SNRPD2,26
jurkat,SNRPD3,19
jurkat,SNRPF,24
jurkat,SNTB2,68
jurkat,SOD1,49
jurkat,SP1,190
jurkat,SP2,27
jurkat,SPAG7,28
jurkat,SPCS3,108
jurkat,SPEN,61
jurkat,SRCAP,86
jurkat,SRP19,75
jurkat,SRP9,160
jurkat,SRRM1,63
jurkat,SRRM2,52
jurkat,SRSF1,33
jurkat,SRSF10,61
jurkat,SSBP1,38
jurkat,SSU72,223
jurkat,STAG2,56
jurkat,STAT5B,186
jurkat,STIL,153
jurkat,STRAP,89
jurkat,STX18,82
jurkat,SUGP1,66
jurkat,SUMO2,66
jurkat,SUPT16H,48
jurkat,SUPT20H,147
jurkat,SUPT5H,48
jurkat,SUPV3L1,71
jurkat,SURF6,128
jurkat,TADA2A,118
jurkat,TADA2B,85
jurkat,TADA3,92
jurkat,TAF10,117
jurkat,TAF11,75
jurkat,TAF13,198
jurkat,TAF1A,38
jurkat,TAF1C,87
jurkat,TAF6,92
jurkat,TAF7,95
jurkat,TARDBP,778
jurkat,TARS2,132
jurkat,TBCB,42
jurkat,TBL3,47
jurkat,TBPL1,101
jurkat,TCERG1,61
jurkat,TCOF1,31
jurkat,TELO2,96
jurkat,TERF1,63
jurkat,TERF2,90
jurkat,TFAM,2443
jurkat,TFAP4,26
jurkat,TFPT,22
jurkat,TGS1,147
jurkat,THAP11,165
jurkat,THOC6,97
jurkat,THOC7,83
jurkat,THRAP3,70
jurkat,THUMPD1,72
jurkat,TIMM10,128
jurkat,TIMM13,42
jurkat,TIMM22,68
jurkat,TIMM23B,244
jurkat,TIMM44,94
jurkat,TMEM214,448
jurkat,TMEM242,466
jurkat,TMEM258,100
jurkat,TMX2,199
jurkat,TNRC6A,152
jurkat,TOMM20,54
jurkat,TOMM22,92
jurkat,TOP1,100
jurkat,TOP3A,79
jurkat,TOPBP1,83
jurkat,TOX4,108
jurkat,TP53I13,108
jurkat,TP53RK,123
jurkat,TPI1,83
jurkat,TPP2,54
jurkat,TPR,25
jurkat,TPRKB,25
jurkat,TRA2B,89
jurkat,TRAPPC11,412
jurkat,TRAPPC4,97
jurkat,TRAPPC8,78
jurkat,TRMT10C,74
jurkat,TRMT112,214
jurkat,TRMT5,81
jurkat,TRNT1,638
jurkat,TSEN2,115
jurkat,TSEN54,77
jurkat,TSG101,30
jurkat,TSPYL5,89
jurkat,TSR1,304
jurkat,TTC1,166
jurkat,TTC4,104
jurkat,TTF2,24
jurkat,TTI1,119
jurkat,TTI2,35
jurkat,TUBA1C,49
jurkat,TUBGCP4,34
jurkat,TUBGCP5,136
jurkat,TUFM,113
jurkat,TWSG1,64
jurkat,TXNL4A,23
jurkat,TYK2,39
jurkat,U2AF1,30
jurkat,U2SURP,17
jurkat,UBA3,33
jurkat,UBA5,83
jurkat,UBA52,205
jurkat,UBAP1,35
jurkat,UBC,22
jurkat,UBE2N,59
jurkat,UBE3C,68
jurkat,UBE3D,116
jurkat,UBL5,21
jurkat,UBQLN4,69
jurkat,UBR4,31
jurkat,UBR5,85
jurkat,UFM1,58
jurkat,UHRF1,73
jurkat,UMPS,50
jurkat,UNC50,43
jurkat,UPF2,51
jurkat,UPF3A,48
jurkat,UQCRB,77
jurkat,UQCRC1,86
jurkat,UQCRFS1,65
jurkat,UQCRH,33
jurkat,UQCRQ,105
jurkat,URB1,134
jurkat,URM1,93
jurkat,USP10,83
jurkat,USP14,164
jurkat,USP19,60
jurkat,USP36,42
jurkat,USP8,26
jurkat,USPL1,32
jurkat,UTP11,35
jurkat,UTP20,97
jurkat,UTP23,172
jurkat,UTP25,41
jurkat,UXT,51
jurkat,VARS2,91
jurkat,VMP1,31
jurkat,VPS13D,110
jurkat,VPS18,97
jurkat,VPS37A,93
jurkat,WAC,47
jurkat,WARS,54
jurkat,WBP1,65
jurkat,WDHD1,58
jurkat,WDR1,27
jurkat,WDR12,101
jurkat,WDR18,189
jurkat,WDR25,56
jurkat,WDR26,76
jurkat,WDR33,35
jurkat,WDR44,98
jurkat,WDR61,58
jurkat,WDR82,34
jurkat,WNK1,74
jurkat,WTAP,232
jurkat,XPO5,129
jurkat,XRCC5,69
jurkat,XRN1,47
jurkat,XRN2,43
jurkat,YARS,77
jurkat,YARS2,128
jurkat,YBX3,27
jurkat,YEATS2,103
jurkat,YKT6,68
jurkat,YY1,49
jurkat,ZBTB14,40
jurkat,ZBTB17,392
jurkat,ZBTB44,26
jurkat,ZC3H13,92
jurkat,ZC3H18,46
jurkat,ZC3H3,88
jurkat,ZC3H4,88
jurkat,ZC3H8,40
jurkat,ZCRB1,107
jurkat,ZDHHC7,616
jurkat,ZFC3H1,86
jurkat,ZMAT2,60
jurkat,ZMAT5,36
jurkat,ZMYM4,53
jurkat,ZNF236,469
jurkat,ZNF292,154
jurkat,ZNF317,59
jurkat,ZNF559,68
jurkat,ZNF787,77
jurkat,ZNF84,28
jurkat,ZNHIT1,90
jurkat,ZNHIT2,35
jurkat,ZNHIT6,84
jurkat,ZRANB2,53
jurkat,ZWINT,24
