batch_time_avg,batch_time_cv_percent,batch_time_max,batch_time_max_min_ratio,batch_time_min,batches_per_second,cumulative_flops,cumulative_flops_val_sync,epoch,step,train/gradient_norm,train_loss,val_loss
,,,,,,114880484999168.0,,0,49,13.219557762145996,4.331709384918213,
4.285593032836914,230.1363525390625,56.20135498046875,231.08560180664062,0.24320578575134277,0.23333993554115295,229760969998336.0,,0,99,5.716230392456055,1.472247838973999,
2.0581321716308594,176.92160034179688,16.677583694458008,76.41043853759766,0.2182631492614746,0.48587745428085327,344641463386112.0,,0,149,3.4856300354003906,0.8712064027786255,
,,,,,,459521939996672.0,,1,199,3.4360909461975098,0.7895224094390869,
1.5112605094909668,216.62535095214844,20.968416213989258,118.0615005493164,0.17760586738586426,0.6616992950439453,574402416607232.0,,1,249,3.170409679412842,0.8304233551025391,
0.48822247982025146,81.58209228515625,2.4042410850524902,12.062573432922363,0.19931411743164062,2.0482466220855713,689282926772224.0,,1,299,2.8928539752960205,0.9187440872192383,
0.46524250507354736,61.353721618652344,1.0733487606048584,5.277890682220459,0.20336699485778809,2.14941668510437,804163369828352.0,,1,349,3.1830708980560303,0.718778133392334,
,,,,,,919043879993344.0,,2,399,3.026681423187256,0.5788722038269043,
0.7346714735031128,179.1489715576172,9.10912036895752,57.781707763671875,0.15764713287353516,1.3611526489257812,1033924390158336.0,,2,449,3.4065425395965576,0.5295188426971436,
0.45803916454315186,64.20539855957031,1.2578167915344238,6.2364983558654785,0.20168638229370117,2.1832194328308105,1148804833214464.0,,2,499,2.259992837905884,0.7869462966918945,
1.1561228036880493,173.56459045410156,9.234335899353027,46.26686477661133,0.19958853721618652,0.8649600148200989,1263685410488320.0,,2,549,2.9434947967529297,0.47402000427246094,
,,,,,,1378565853544448.0,,3,599,1.9273838996887207,0.49875879287719727,
0.9636149406433105,181.70477294921875,9.022863388061523,51.941505432128906,0.17371201515197754,1.0377589464187622,1493446296600576.0,,3,649,1.814123511314392,0.4221491813659668,
0.9067308306694031,180.3450469970703,9.162456512451172,43.66623306274414,0.20982933044433594,1.102863073348999,1608326739656704.0,,3,699,1.6237549781799316,0.4358963966369629,
0.6976217031478882,173.61610412597656,8.562177658081055,41.68596649169922,0.2053971290588379,1.4334416389465332,1723207316930560.0,,3,749,1.8875372409820557,0.584282398223877,
,,,,,,1838087759986688.0,,4,799,1.6638392210006714,0.4944188594818115,
0.7403432726860046,174.17111206054688,7.888792037963867,40.822662353515625,0.19324541091918945,1.3507248163223267,1952968203042816.0,,4,849,2.300485134124756,0.49955058097839355,
0.8884863257408142,177.57908630371094,8.534891128540039,42.41918182373047,0.2012035846710205,1.1255097389221191,2067848780316672.0,,4,899,1.6954033374786377,0.40629148483276367,
0.5965576767921448,170.15789794921875,7.261730194091797,34.86066436767578,0.20830726623535156,1.676283836364746,2182729223372800.0,,4,949,1.9074122905731201,0.567337155342102,
,,,,,,2297609666428928.0,,5,999,1.906954050064087,0.5079324245452881,
0.8556315898895264,198.6101531982422,9.93124008178711,59.818538665771484,0.16602277755737305,1.1687272787094116,2412490109485056.0,,5,1049,1.9171291589736938,0.32259559631347656,
0.8475679755210876,185.79879760742188,8.41224193572998,42.59722900390625,0.19748330116271973,1.1798464059829712,2527370820976640.0,,5,1099,1.7707654237747192,0.6109592914581299,
0.5473966002464294,131.62615966796875,5.168346405029297,25.276628494262695,0.20447134971618652,1.826828956604004,2642251264032768.0,,5,1149,1.7905900478363037,0.49190664291381836,
,,,,,,2757131707088896.0,,6,1199,2.3553667068481445,0.4218670129776001,
0.7866254448890686,194.94105529785156,9.902830123901367,68.10111236572266,0.14541363716125488,1.271252989768982,2872012150145024.0,,6,1249,1.9347676038742065,0.6883549690246582,
0.7919716238975525,164.17018127441406,7.055083274841309,34.358951568603516,0.20533466339111328,1.2626714706420898,2986892593201152.0,,6,1299,1.9208660125732422,0.35190916061401367,
0.518694281578064,94.3622817993164,3.2689921855926514,15.780471801757812,0.2071542739868164,1.9279178380966187,3101773036257280.0,,6,1349,1.7801679372787476,0.7625863552093506,
,,,,,,3216653479313408.0,,7,1399,1.543334722518921,0.6205055713653564,
0.9708678126335144,194.80377197265625,10.773571014404297,54.963226318359375,0.1960141658782959,1.0300064086914062,3331534190804992.0,,7,1449,1.5822252035140991,0.5229347944259644,
1.0143687725067139,171.95013427734375,8.545729637145996,40.1504020690918,0.2128429412841797,0.9858347177505493,3446414633861120.0,,7,1499,1.9637826681137085,0.4305962324142456,
0.5612931251525879,129.19410705566406,5.2179718017578125,25.6562557220459,0.20338010787963867,1.7816003561019897,3561295076917248.0,,7,1549,1.712848424911499,0.2774231433868408,
,,,,,,3676175519973376.0,,8,1599,1.5976358652114868,0.5104824304580688,
0.752232551574707,166.97256469726562,7.156093120574951,38.75336456298828,0.18465733528137207,1.3293761014938354,3791055963029504.0,,8,1649,1.112828016281128,0.5046522617340088,
0.6876605749130249,137.83706665039062,5.792040824890137,29.087732315063477,0.19912314414978027,1.454205870628357,3905936406085632.0,,8,1699,1.9827289581298828,0.365939736366272,
0.5356523990631104,126.16548919677734,4.845861434936523,23.529499053955078,0.2059483528137207,1.86688232421875,4020817117577216.0,,8,1749,1.4070556163787842,0.399702787399292,
,,,,,,4135697560633344.0,,9,1799,2.0695888996124268,0.5557979345321655,
0.7286843061447144,188.46450805664062,9.929879188537598,59.876895904541016,0.16583824157714844,1.3723363876342773,4250578003689472.0,,9,1849,1.5541373491287231,0.5302181243896484,
0.626808762550354,128.55738830566406,3.7719388008117676,17.83572006225586,0.21148228645324707,1.5953830480575562,4365458446745600.0,,9,1899,1.6851706504821777,0.41245222091674805,
0.5849742293357849,181.72828674316406,7.646640300750732,38.315086364746094,0.19957256317138672,1.7094770669937134,4480338889801728.0,,9,1949,1.625766634941101,0.4839458465576172,
,,,,,,4595219332857856.0,,10,1999,4.171476364135742,0.5995628833770752,
0.7770015597343445,185.7056427001953,8.556485176086426,54.10411071777344,0.15814852714538574,1.2869987487792969,4710100044349440.0,,10,2049,1.7547402381896973,0.4410395622253418,
0.7102907299995422,162.0416717529297,6.7405900955200195,34.06578826904297,0.19786977767944336,1.4078742265701294,4824980218970112.0,,10,2099,2.475022315979004,0.4814023971557617,
,,,,,,4939860930461696.0,,11,2149,7.25778865814209,0.6546227931976318,
0.7225040793418884,158.9016876220703,6.208219528198242,37.00394821166992,0.1677718162536621,1.3840751647949219,5054741641953280.0,,11,2199,1.7678860425949097,0.5854701995849609,
0.50322425365448,82.04945373535156,2.653008460998535,13.279840469360352,0.19977712631225586,1.9871857166290283,5169621816573952.0,,11,2249,4.39544677734375,0.6889469623565674,
0.4470849931240082,65.4961929321289,0.9804961681365967,4.861248016357422,0.20169639587402344,2.236711263656616,5284502528065536.0,,11,2299,4.392182350158691,0.5555357933044434,
,,,,,,5399382702686208.0,,12,2349,2.6010797023773193,0.41114330291748047,
1.0652077198028564,207.75201416015625,13.610937118530273,87.58819580078125,0.1553969383239746,0.9387840032577515,5514263414177792.0,,12,2399,1.8819814920425415,0.3888324499130249,
0.7189525365829468,149.8037109375,5.935941696166992,28.677003860473633,0.20699310302734375,1.390912413597107,5629143588798464.0,,12,2449,1.352716088294983,0.6109356880187988,
0.5200546383857727,99.45175170898438,3.5334064960479736,16.646446228027344,0.21226191520690918,1.9228748083114624,5744024300290048.0,,12,2499,1.5725706815719604,0.3516552448272705,
,,,,,,5858905011781632.0,,13,2549,4.004306793212891,0.41330480575561523,
0.4838358163833618,134.1086883544922,4.847970962524414,29.687376022338867,0.1633007526397705,2.066816806793213,5973785186402304.0,,13,2599,1.5968797206878662,0.3836028575897217,
0.5187332034111023,109.7113265991211,3.67453932762146,16.309171676635742,0.22530508041381836,1.9277732372283936,6088665897893888.0,,13,2649,7.110858917236328,0.415716290473938,
0.4297771155834198,77.33731842041016,1.8819856643676758,8.711787223815918,0.21602749824523926,2.3267874717712402,6203546072514560.0,,13,2699,3.1477110385894775,0.4863765239715576,
,,,,,,6318426784006144.0,,14,2749,1.718930959701538,0.4212111234664917,
0.8414597511291504,170.7980194091797,7.971381187438965,49.865020751953125,0.15985918045043945,1.188410997390747,6433306958626816.0,,14,2799,2.1397416591644287,0.4453451633453369,
0.4240225553512573,61.9456672668457,0.9378399848937988,4.6469316482543945,0.20181918144226074,2.358365058898926,6548187670118400.0,,14,2849,2.887580633163452,0.36550891399383545,
0.45642417669296265,61.331321716308594,0.9472970962524414,4.600870609283447,0.20589518547058105,2.1909444332122803,6663068381609984.0,,14,2899,1.9829868078231812,0.4075824022293091,
,,,,,,6777948556230656.0,,15,2949,5.997743606567383,0.40103137493133545,
1.378281831741333,240.884765625,21.973608016967773,134.55441284179688,0.16330647468566895,0.7255410552024841,6892829267722240.0,,15,2999,4.701519966125488,0.2810816764831543,
2.349337339401245,206.16934204101562,19.416709899902344,97.2760238647461,0.19960427284240723,0.4256519377231598,7007709442342912.0,,15,3049,1.2723588943481445,0.47696173191070557,
2.186187505722046,175.9630889892578,14.70710563659668,70.86720275878906,0.20753049850463867,0.4574173092842102,7122590153834496.0,,15,3099,1.1347181797027588,0.4019787311553955,
,,,,,,7237470865326080.0,,16,3149,7.525594234466553,0.3775670528411865,
1.220291256904602,166.86231994628906,14.455187797546387,69.05750274658203,0.2093210220336914,0.8194765448570251,7352351039946752.0,,16,3199,6.066939353942871,0.5494872331619263,
0.4414605498313904,63.2761344909668,0.9496996402740479,4.516026020050049,0.2102954387664795,2.2652080059051514,7467231751438336.0,,16,3249,2.247702121734619,0.2794334888458252,
0.4780142605304718,63.5626220703125,1.0234334468841553,4.977736473083496,0.20560216903686523,2.0919878482818604,7582111926059008.0,,16,3299,2.395660400390625,0.6443573236465454,
,,,,,,7696992637550592.0,,17,3349,1.721983551979065,0.5553452968597412,
0.6775299906730652,137.84991455078125,5.7471723556518555,33.025150299072266,0.17402410507202148,1.4759495258331299,7811872812171264.0,,17,3399,5.4821624755859375,0.4734196662902832,
0.4546626806259155,61.02712631225586,0.8985071182250977,4.432248115539551,0.20272040367126465,2.199432849884033,7926753523662848.0,,17,3449,1.5249953269958496,0.2957266569137573,
0.44832006096839905,65.43285369873047,0.9864163398742676,4.852968215942383,0.2032604217529297,2.2305493354797363,8041634235154432.0,,17,3499,4.287386417388916,0.21101140975952148,
,,,,,,8156514409775104.0,,18,3549,6.326563358306885,0.4864511489868164,
0.6043483018875122,127.63465881347656,4.714700698852539,29.465150833129883,0.16000938415527344,1.654675006866455,8271395121266688.0,,18,3599,3.1983883380889893,0.4142913818359375,
0.4178939163684845,69.3709945678711,0.9957122802734375,4.889377117156982,0.20364809036254883,2.392951726913452,8386275295887360.0,,18,3649,9.210086822509766,0.3711719512939453,
0.4227776527404785,68.08028411865234,1.0147738456726074,5.003532409667969,0.20281147956848145,2.365309476852417,8501156007378944.0,,18,3699,2.2494800090789795,0.2971806526184082,
,,,,,,8616036181999616.0,,19,3749,4.010935306549072,0.4038938283920288,
0.7654969096183777,159.25559997558594,6.16883659362793,42.347625732421875,0.14567136764526367,1.3063410520553589,8730916893491200.0,,19,3799,4.148001670837402,0.46652793884277344,
0.40853351354599,62.96916198730469,0.881525993347168,4.250931739807129,0.20737242698669434,2.447779417037964,8845797604982784.0,,19,3849,4.346014499664307,0.36848342418670654,
0.4759822487831116,64.03401184082031,0.9958593845367432,4.936320781707764,0.20174121856689453,2.100918769836426,8960677779603456.0,,19,3899,3.0959410667419434,0.4336533546447754,
,,,,,,9075557954224128.0,,20,3949,3.792036294937134,0.4865238666534424,
0.6903268694877625,163.09039306640625,7.5640716552734375,38.559444427490234,0.1961665153503418,1.4485890865325928,9190438665715712.0,,20,3999,1.5258121490478516,0.33151280879974365,
0.603743314743042,160.8974609375,6.537182807922363,32.90190124511719,0.19868707656860352,1.656333088874817,9305319377207296.0,,20,4049,5.77085018157959,0.430910587310791,
,,,,,,9420200088698880.0,,21,4099,8.170707702636719,0.504082202911377,
0.4530980885028839,85.56753540039062,2.8717539310455322,17.765499114990234,0.16164779663085938,2.2070276737213135,9535080800190464.0,,21,4149,2.0358543395996094,0.47269749641418457,
0.44948244094848633,64.74715423583984,0.9768528938293457,4.894918441772461,0.19956469535827637,2.224781036376953,9649960437940224.0,,21,4199,2.1620657444000244,0.5972733497619629,
0.3881473243236542,67.71135711669922,1.0018255710601807,4.847005367279053,0.20668959617614746,2.576341390609741,9764841149431808.0,,21,4249,3.055694103240967,0.45531702041625977,
,,,,,,9879721860923392.0,,22,4299,2.585084915161133,0.36403346061706543,
1.4873812198638916,248.48284912109375,20.22702980041504,132.7247314453125,0.15239834785461426,0.6723226308822632,9994602572414976.0,,22,4349,4.230677127838135,0.3222954273223877,
1.1531440019607544,208.10877990722656,11.41848373413086,52.598472595214844,0.2170877456665039,0.8671943545341492,1.010948328390656e+16,,22,4399,5.854361057281494,0.5260137319564819,
0.4872027635574341,87.67179870605469,2.5299057960510254,12.315427780151367,0.20542573928833008,2.0525333881378174,1.022436292165632e+16,,22,4449,2.0441579818725586,0.2837400436401367,
,,,,,,1.0339243633147904e+16,,23,4499,3.117464065551758,0.2961130142211914,
0.887545108795166,194.27371215820312,8.696107864379883,51.04023742675781,0.17037749290466309,1.1267033815383911,1.0454124344639488e+16,,23,4549,3.825784921646118,0.3118736743927002,
0.8575648665428162,145.2174072265625,7.572477340698242,37.45667266845703,0.20216631889343262,1.1660925149917603,1.0569005056131072e+16,,23,4599,3.584174633026123,0.355574369430542,
0.4824659824371338,72.76871490478516,1.4806628227233887,7.420145511627197,0.19954633712768555,2.0726850032806396,1.0683884693880832e+16,,23,4649,2.436962604522705,0.43116331100463867,
,,,,,,1.0798765405372416e+16,,24,4699,1.1304227113723755,0.3331584930419922,
1.1638604402542114,216.93121337890625,13.801397323608398,88.5445785522461,0.1558694839477539,0.8592095375061035,1.0913646116864e+16,,24,4749,7.657022953033447,0.38785266876220703,
1.1611878871917725,158.23411560058594,7.9332427978515625,39.21028137207031,0.20232558250427246,0.8611870408058167,1.1028526828355584e+16,,24,4799,3.358090400695801,0.29972028732299805,
0.696370005607605,108.81207275390625,3.6575610637664795,16.025516510009766,0.22823357582092285,1.4360182285308838,1.1143407539847168e+16,,24,4849,1.816412329673767,0.34195899963378906,
,,,,,,1.1258287177596928e+16,,25,4899,2.6150381565093994,0.37203872203826904,
0.7187792658805847,150.96473693847656,7.189723968505859,36.017093658447266,0.19961977005004883,1.3912476301193237,1.1373167889088512e+16,,25,4949,2.162168264389038,0.2226853370666504,
0.4724292755126953,63.08338928222656,1.0225481986999512,5.108702182769775,0.20015811920166016,2.1167190074920654,1.1488048600580096e+16,,25,4999,4.4883270263671875,0.4589416980743408,
0.549191951751709,71.49356842041016,1.311326503753662,6.303596019744873,0.20802831649780273,1.8208569288253784,1.160292931207168e+16,,25,5049,7.684326171875,0.396838903427124,
,,,,,,1.1717810023563264e+16,,26,5099,2.3221709728240967,0.22872412204742432,
0.9369378685951233,187.4869842529297,10.395732879638672,62.24676513671875,0.1670083999633789,1.067306637763977,1.1832689661313024e+16,,26,5149,1.6100043058395386,0.4543665647506714,
0.6446712613105774,121.04569244384766,4.620335578918457,21.4921817779541,0.21497750282287598,1.5511780977249146,1.1947570372804608e+16,,26,5199,1.4448415040969849,0.2562514543533325,
0.49893009662628174,68.69972229003906,1.2131822109222412,5.512235641479492,0.22008895874023438,2.004288911819458,1.2062451084296192e+16,,26,5249,7.399205207824707,0.6235619783401489,
,,,,,,1.2177331795787776e+16,,27,5299,4.395218372344971,0.5289890766143799,
0.6711757779121399,144.57437133789062,6.0580291748046875,30.46982765197754,0.1988205909729004,1.4899226427078247,1.229221250727936e+16,,27,5349,3.6230623722076416,0.3401377201080322,
0.5227538347244263,70.23042297363281,1.3229517936706543,6.232575416564941,0.2122640609741211,1.912946343421936,1.240709214502912e+16,,27,5399,5.25465202331543,0.28474462032318115,
0.5407525897026062,66.80648040771484,1.3457984924316406,5.772225379943848,0.23315072059631348,1.8492745161056519,1.2521972856520704e+16,,27,5449,1.0985589027404785,0.16127526760101318,
,,,,,,1.2636853568012288e+16,,28,5499,1.830532431602478,0.39608657360076904,
0.9499848484992981,202.50830078125,12.743379592895508,70.29782104492188,0.18127703666687012,1.0526484251022339,1.2751734279503872e+16,,28,5549,3.9776620864868164,0.37604689598083496,
0.7771668434143066,135.5011749267578,6.120560646057129,27.15338897705078,0.22540688514709473,1.2867249250411987,1.2866613917253632e+16,,28,5599,1.1256343126296997,0.22134041786193848,
0.625859797000885,174.9827423095703,6.953553199768066,34.28208923339844,0.2028334140777588,1.597801923751831,1.2981494628745216e+16,,28,5649,3.5319929122924805,0.30930256843566895,
,,,,,,1.30963753402368e+16,,29,5699,6.929934978485107,0.36547398567199707,
0.5051010847091675,120.4389877319336,4.117845058441162,20.365406036376953,0.20219802856445312,1.9798017740249634,1.3211256051728384e+16,,29,5749,2.3812248706817627,0.40351152420043945,
0.42716699838638306,65.4637222290039,0.9616045951843262,4.736260414123535,0.20303034782409668,2.3410048484802246,1.3326136763219968e+16,,29,5799,2.9286763668060303,0.2866055965423584,
0.42997345328330994,64.68255615234375,0.9512248039245605,4.775209903717041,0.19920063018798828,2.3257250785827637,1.3441016400969728e+16,,29,5849,2.1953325271606445,0.34731292724609375,
,,,,,,1.3555897112461312e+16,,30,5899,4.196771144866943,0.4277397394180298,
0.49907103180885315,121.49028778076172,4.357294082641602,27.52298927307129,0.15831470489501953,2.003722667694092,1.3670777823952896e+16,,30,5949,1.8587276935577393,0.3180513381958008,
0.4524349868297577,69.07856750488281,1.2285833358764648,5.9903883934021,0.2050924301147461,2.2102622985839844,1.378565853544448e+16,,30,5999,1.5422608852386475,0.38421761989593506,
,,,,,,1.3900539246936064e+16,,31,6049,5.265817165374756,0.39347875118255615,
0.8775448799133301,179.72808837890625,8.428821563720703,42.39481735229492,0.19881725311279297,1.139542818069458,1.4015418884685824e+16,,31,6099,3.684293270111084,0.47098422050476074,
0.44413700699806213,66.99712371826172,1.2345378398895264,6.148748397827148,0.20077872276306152,2.2515575885772705,1.4130299596177408e+16,,31,6149,8.845178604125977,0.573371171951294,
0.44015538692474365,66.2953109741211,1.0673232078552246,5.102482318878174,0.20917725563049316,2.2719249725341797,1.4245180307668992e+16,,31,6199,1.8567297458648682,0.40088319778442383,
,,,,,,1.4360061019160576e+16,,32,6249,10.09252643585205,0.35674190521240234,
0.5844255089759827,112.163818359375,4.080747604370117,20.617563247680664,0.19792580604553223,1.711082100868225,1.447494173065216e+16,,32,6299,3.4210448265075684,0.31198668479919434,
0.38870978355407715,67.6169662475586,0.937570333480835,4.714292049407959,0.19887828826904297,2.572613477706909,1.458982136840192e+16,,32,6349,1.12330961227417,0.4869474172592163,
0.4217545986175537,64.75775909423828,0.9693305492401123,4.8686017990112305,0.1990983486175537,2.371047019958496,1.4704702079893504e+16,,32,6399,1.783445954322815,0.2640641927719116,
,,,,,,1.4819582791385088e+16,,33,6449,9.847452163696289,0.31016087532043457,
1.4058889150619507,245.0176544189453,20.93531036376953,131.0794219970703,0.1597146987915039,0.7112936973571777,1.4934463502876672e+16,,33,6499,2.0044615268707275,0.30016958713531494,
2.408729314804077,203.50025939941406,18.917524337768555,94.85162353515625,0.19944334030151367,0.41515666246414185,1.5049343140626432e+16,,33,6549,1.141536831855774,0.3001999855041504,
2.1999826431274414,182.982177734375,17.16938018798828,84.97419738769531,0.20205402374267578,0.45454904437065125,1.5164223852118016e+16,,33,6599,4.203039169311523,0.4078371524810791,
,,,,,,1.52791045636096e+16,,34,6649,2.4072933197021484,0.3464726209640503,
1.3387070894241333,195.95692443847656,15.018491744995117,93.64448547363281,0.16037774085998535,0.746989369392395,1.5393985275101184e+16,,34,6699,3.0685555934906006,0.31135666370391846,
0.4430268406867981,68.27787780761719,1.0022773742675781,5.032750129699707,0.19915103912353516,2.25719952583313,1.5508865986592768e+16,,34,6749,2.8162660598754883,0.3001577854156494,
0.41357338428497314,64.9229507446289,0.9674544334411621,4.731866359710693,0.20445513725280762,2.4179506301879883,1.5623745624342528e+16,,34,6799,4.196342945098877,0.34544944763183594,
,,,,,,1.5738626335834112e+16,,35,6849,3.5198662281036377,0.3589729070663452,
1.0741024017333984,239.1151580810547,17.504505157470703,105.80723571777344,0.1654376983642578,0.9310099482536316,1.5853507047325696e+16,,35,6899,2.6944196224212646,0.22256827354431152,
1.929591178894043,223.5523681640625,17.437110900878906,87.04523468017578,0.20032238960266113,0.5182445049285889,1.596838775881728e+16,,35,6949,2.9101459980010986,0.41844379901885986,
2.4086458683013916,171.5714874267578,18.3571834564209,90.49650573730469,0.2028496265411377,0.4151710271835327,1.6083268470308864e+16,,35,6999,1.6758710145950317,0.35259413719177246,
,,,,,,1.6198148108058624e+16,,36,7049,1.320480227470398,0.20226514339447021,
1.2080146074295044,233.6137237548828,16.468252182006836,89.06639099121094,0.18489861488342285,0.8278045654296875,1.6313028819550208e+16,,36,7099,4.141383171081543,0.5244171619415283,
0.45058631896972656,67.86034393310547,1.0289266109466553,5.158763885498047,0.19945216178894043,2.2193305492401123,1.6427909531041792e+16,,36,7149,3.6240804195404053,0.24299883842468262,
0.45020416378974915,67.54945373535156,1.4136462211608887,7.0582756996154785,0.20028209686279297,2.221214532852173,1.6542790242533376e+16,,36,7199,6.302156448364258,0.5150333642959595,
,,,,,,1.665767095402496e+16,,37,7249,4.028186798095703,0.44975781440734863,
0.9600831270217896,224.0008087158203,15.397101402282715,99.98857879638672,0.15398859977722168,1.0415765047073364,1.677255059177472e+16,,37,7299,2.8266148567199707,0.4151715040206909,
1.6377770900726318,183.22544860839844,12.209872245788574,60.03727340698242,0.20337152481079102,0.6105836629867554,1.6887431303266304e+16,,37,7349,1.0095558166503906,0.27486515045166016,
2.448524236679077,184.15884399414062,19.12963104248047,94.43124389648438,0.2025773525238037,0.4084092676639557,1.7002312014757888e+16,,37,7399,2.193819522857666,0.18070387840270996,
,,,,,,1.7117192726249472e+16,,38,7449,4.011902332305908,0.3722963333129883,
1.5702110528945923,230.48326110839844,21.76702880859375,143.19564819335938,0.1520090103149414,0.6368570327758789,1.7232072363999232e+16,,38,7499,4.75376033782959,0.32086920738220215,
0.6852248907089233,115.25084686279297,4.695237636566162,23.485309600830078,0.1999223232269287,1.4593749046325684,1.7346953075490816e+16,,38,7549,1.902388095855713,0.23248827457427979,
1.35319185256958,155.34767150878906,9.538507461547852,46.65129089355469,0.20446395874023438,0.7389935255050659,1.74618337869824e+16,,38,7599,1.9998403787612915,0.28407740592956543,
,,,,,,1.7576714498473984e+16,,39,7649,5.8263630867004395,0.3601938486099243,
0.6638591289520264,164.9054412841797,7.6523332595825195,46.90803527832031,0.16313481330871582,1.5063437223434448,1.7691595209965568e+16,,39,7699,3.288998603820801,0.4171832799911499,
0.44906026124954224,66.61812591552734,1.1141924858093262,5.457377910614014,0.20416259765625,2.226872682571411,1.7806474847715328e+16,,39,7749,0.9686107039451599,0.27250123023986816,
0.4554648697376251,66.13324737548828,1.0441200733184814,5.043959140777588,0.20700407028198242,2.195559024810791,1.7921355559206912e+16,,39,7799,3.454496383666992,0.35743045806884766,
,,,,,,1.8036236270698496e+16,,40,7849,2.7807857990264893,0.40038812160491943,
0.8079819083213806,183.48216247558594,10.009637832641602,61.9294548034668,0.16162967681884766,1.2376514673233032,1.8151115908448256e+16,,40,7899,3.9859800338745117,0.3296349048614502,
0.7617915868759155,155.52297973632812,5.646527290344238,28.383502960205078,0.19893693923950195,1.312695026397705,1.8265997693681664e+16,,40,7949,1.5897908210754395,0.3714510202407837,
,,,,,,1.8380877331431424e+16,,41,7999,3.3199174404144287,0.40789198875427246,
1.0300061702728271,215.36077880859375,13.004042625427246,78.48544311523438,0.16568732261657715,0.970867931842804,1.849575911666483e+16,,41,8049,4.368798732757568,0.4188382625579834,
0.8904874920845032,193.3716583251953,8.734662055969238,38.182884216308594,0.2287585735321045,1.1229803562164307,1.861063875441459e+16,,41,8099,1.540278434753418,0.5873825550079346,
0.4716794490814209,60.39620590209961,0.9833240509033203,4.798272609710693,0.20493292808532715,2.120084047317505,1.872551839216435e+16,,41,8149,4.0336809158325195,0.4019150733947754,
,,,,,,1.884040017739776e+16,,42,8199,3.11639142036438,0.37786805629730225,
0.8558386564254761,187.40213012695312,8.984502792358398,53.49049758911133,0.16796445846557617,1.1684445142745972,1.895527981514752e+16,,42,8249,3.1898322105407715,0.3043067455291748,
0.7306657433509827,151.43991088867188,5.741655349731445,29.115854263305664,0.19720029830932617,1.368614912033081,1.907016160038093e+16,,42,8299,2.1798980236053467,0.5151499509811401,
1.0736430883407593,231.38258361816406,11.696449279785156,55.37278747558594,0.21123099327087402,0.9314082264900208,1.918504123813069e+16,,42,8349,3.0576722621917725,0.2682652473449707,
,,,,,,1.929992087588045e+16,,43,8399,3.0960805416107178,0.3145807981491089,
1.2668230533599854,209.45204162597656,13.241815567016602,78.16827392578125,0.1694014072418213,0.7893761992454529,1.9414802661113856e+16,,43,8449,2.745788335800171,0.30840885639190674,
1.4435662031173706,203.95181274414062,13.519330978393555,60.74272155761719,0.22256708145141602,0.6927288770675659,1.9529682298863616e+16,,43,8499,2.6851131916046143,0.30822861194610596,
0.9330439567565918,189.5009307861328,11.336997985839844,52.28271484375,0.21684026718139648,1.071760892868042,1.9644564084097024e+16,,43,8549,3.128272533416748,0.3887166976928711,
,,,,,,1.9759443721846784e+16,,44,8599,1.2496249675750732,0.31263554096221924,
0.8523604273796082,186.22604370117188,10.474788665771484,63.00092315673828,0.16626405715942383,1.1732126474380493,1.9874323359596544e+16,,44,8649,4.009387016296387,0.3034698963165283,
1.0201507806777954,161.54296875,6.707057952880859,34.09119415283203,0.19673871994018555,0.9802472591400146,1.998920514482995e+16,,44,8699,4.257850170135498,0.2986205816268921,
0.6362928152084351,159.81634521484375,7.146487236022949,31.98959732055664,0.22340035438537598,1.5716034173965454,2.010408478257971e+16,,44,8749,3.206138849258423,0.3061870336532593,
,,,,,,2.021896656781312e+16,,45,8799,2.745008707046509,0.3304542303085327,
0.8414739966392517,215.36526489257812,12.301238059997559,74.92997741699219,0.1641697883605957,1.188390851020813,2.033384620556288e+16,,45,8849,2.036921501159668,0.20484209060668945,
1.0107580423355103,175.97900390625,8.26248550415039,38.681888580322266,0.21360087394714355,0.9893564581871033,2.044872584331264e+16,,45,8899,1.4583909511566162,0.38713836669921875,
0.5710788369178772,183.26754760742188,7.681537628173828,36.148681640625,0.21249842643737793,1.7510716915130615,2.056360762854605e+16,,45,8949,3.2976367473602295,0.3491581678390503,
,,,,,,2.067848726629581e+16,,46,8999,1.4175148010253906,0.23190391063690186,
0.8794714212417603,187.26519775390625,9.668575286865234,59.981666564941406,0.1611921787261963,1.1370465755462646,2.079336690404557e+16,,46,9049,6.942266464233398,0.5384280681610107,
0.9564970135688782,184.64234924316406,8.969510078430176,42.70186233520508,0.21004962921142578,1.045481562614441,2.0908248689278976e+16,,46,9099,2.7456395626068115,0.2492821216583252,
0.625076174736023,155.84703063964844,5.285545349121094,26.239973068237305,0.2014310359954834,1.5998049974441528,2.1023128327028736e+16,,46,9149,4.609818458557129,0.5049632787704468,
,,,,,,2.1138010112262144e+16,,47,9199,1.9731409549713135,0.43518638610839844,
0.8381009101867676,194.59458923339844,10.7052001953125,68.3563003540039,0.15660881996154785,1.1931737661361694,2.1252889750011904e+16,,47,9249,2.349776029586792,0.30538010597229004,
1.122450351715088,142.25730895996094,6.542068958282471,30.76796531677246,0.21262598037719727,0.8909080028533936,2.1367769387761664e+16,,47,9299,2.0584089756011963,0.2850518226623535,
0.7397412657737732,166.57984924316406,6.88320779800415,34.35713577270508,0.20034289360046387,1.3518240451812744,2.148265117299507e+16,,47,9349,2.0895657539367676,0.17868292331695557,
,,,,,,2.159753081074483e+16,,48,9399,2.791914939880371,0.3410896062850952,
0.9094001054763794,182.26605224609375,10.828376770019531,66.13994598388672,0.16371917724609375,1.0996259450912476,2.171241259597824e+16,,48,9449,2.4183123111724854,0.34499967098236084,
0.8496043682098389,171.91067504882812,6.778156280517578,33.948726654052734,0.19965863227844238,1.177018404006958,2.1827292233728e+16,,48,9499,1.2846086025238037,0.20120418071746826,
0.5958506464958191,154.6287841796875,6.664401531219482,32.11774826049805,0.20749902725219727,1.6782728433609009,2.194217187147776e+16,,48,9549,2.497624397277832,0.2958343029022217,
,,,,,,2.205705365671117e+16,,49,9599,3.4098594188690186,0.3132714033126831,
0.7670877575874329,161.0774383544922,6.443899154663086,39.98324203491211,0.1611649990081787,1.3036317825317383,2.217193329446093e+16,,49,9649,2.38188099861145,0.39435017108917236,
0.6121091842651367,135.7501220703125,5.146635055541992,24.995140075683594,0.20590543746948242,1.6336954832077026,2.2286815079694336e+16,,49,9699,2.411266803741455,0.29323482513427734,
0.5644547343254089,120.88432312011719,4.591226577758789,22.876741409301758,0.20069408416748047,1.7716213464736938,2.2401694717444096e+16,,49,9749,17.496925354003906,0.5650463104248047,
,,,,,,2.2516574355193856e+16,,50,9799,2.9251387119293213,0.38140034675598145,
0.8688840270042419,189.7140655517578,9.267632484436035,57.625308990478516,0.1608257293701172,1.1509015560150146,2.2631456140427264e+16,,50,9849,2.354418992996216,0.32103991508483887,
1.0778388977050781,177.1459197998047,9.440423965454102,44.84284591674805,0.21052241325378418,0.927782416343689,2.2746335778177024e+16,,50,9899,1.6714116334915161,0.36637401580810547,
,,,,,,2.286121756341043e+16,,51,9949,5.386351585388184,0.4150737524032593,
0.8725231885910034,188.93658447265625,9.869621276855469,59.74571228027344,0.16519379615783691,1.1461013555526733,2.297609720116019e+16,,51,9999,0.8918126225471497,0.40661120414733887,
,,,,,,,2.297609720116019e+16,51,9999,,,0.05310908332467079
0.7235507369041443,158.30950927734375,7.070870876312256,34.91453170776367,0.20251941680908203,1.3820730447769165,2.309097683890995e+16,,51,10049,3.964730739593506,0.5280542373657227,
0.5567122101783752,118.82320404052734,4.721282958984375,21.98691749572754,0.21473145484924316,1.7962602376937866,2.320585862414336e+16,,51,10099,2.340733289718628,0.39374256134033203,
,,,,,,2.332073826189312e+16,,52,10149,2.290430784225464,0.3733959197998047,
0.8864760398864746,194.03411865234375,9.302865028381348,57.489585876464844,0.161818265914917,1.1280620098114014,2.343562004712653e+16,,52,10199,2.4795520305633545,0.3138796091079712,
0.7905812859535217,145.95437622070312,6.624142646789551,28.95667266845703,0.2287604808807373,1.2648921012878418,2.355049968487629e+16,,52,10249,3.5346999168395996,0.4551604986190796,
0.48125603795051575,104.68482208251953,3.4449286460876465,16.996196746826172,0.20268821716308594,2.0778961181640625,2.366537932262605e+16,,52,10299,0.9417811632156372,0.2505197525024414,
,,,,,,2.3780261107859456e+16,,53,10349,2.3724915981292725,0.3446197509765625,
0.9552654027938843,194.08351135253906,10.469938278198242,63.39354705810547,0.16515779495239258,1.0468294620513916,2.3895140745609216e+16,,53,10399,2.19413161277771,0.3001837730407715,
1.0028119087219238,165.3371124267578,8.509370803833008,40.93935775756836,0.20785307884216309,0.9971960186958313,2.4010022530842624e+16,,53,10449,1.4327912330627441,0.2980306148529053,
0.5954309105873108,170.9988250732422,7.458987712860107,34.70568084716797,0.214921236038208,1.6794558763504028,2.4124902168592384e+16,,53,10499,2.7419238090515137,0.4405639171600342,
,,,,,,2.4239781806342144e+16,,54,10549,0.9626715183258057,0.3017604351043701,
0.8574333190917969,213.68124389648438,12.019243240356445,70.0127944946289,0.17167210578918457,1.166271448135376,2.435466359157555e+16,,54,10599,1.9403830766677856,0.2741450071334839,
0.9008583426475525,171.49490356445312,6.932424545288086,34.70804214477539,0.19973540306091309,1.110052466392517,2.446954322932531e+16,,54,10649,5.317434787750244,0.29006636142730713,
0.6118858456611633,186.47869873046875,8.327089309692383,41.36222457885742,0.20132112503051758,1.6342917680740356,2.458442501455872e+16,,54,10699,3.9071621894836426,0.35560405254364014,
,,,,,,2.469930465230848e+16,,55,10749,2.5023841857910156,0.30141425132751465,
0.809930145740509,211.15341186523438,11.928695678710938,75.7497787475586,0.15747499465942383,1.234674334526062,2.481418429005824e+16,,55,10799,1.6422396898269653,0.18581700325012207,
0.9490072131156921,171.6190948486328,7.366976737976074,36.311710357666016,0.2028815746307373,1.0537327527999878,2.492906607529165e+16,,55,10849,2.8600873947143555,0.37935590744018555,
0.6459846496582031,172.47972106933594,7.634853363037109,36.06376647949219,0.21170425415039062,1.548024296760559,2.504394571304141e+16,,55,10899,1.0564632415771484,0.40350914001464844,
,,,,,,2.515882535079117e+16,,56,10949,1.2906283140182495,0.1863042116165161,
0.8851850032806396,180.2904815673828,9.396799087524414,55.857234954833984,0.1682288646697998,1.1297073364257812,2.5273707136024576e+16,,56,10999,3.396484136581421,0.40319061279296875,
0.8856878876686096,154.68911743164062,7.346920967102051,35.40351486206055,0.20751953125,1.1290658712387085,2.5388586773774336e+16,,56,11049,1.9570225477218628,0.24900305271148682,
0.5511832237243652,131.82400512695312,4.847514629364014,23.281827926635742,0.20821022987365723,1.8142788410186768,2.5503468559007744e+16,,56,11099,2.281243085861206,0.6091351509094238,
,,,,,,2.5618348196757504e+16,,57,11149,3.762282371520996,0.4130551815032959,
1.2232180833816528,230.3313446044922,18.27362060546875,101.6180648803711,0.1798264980316162,0.8175156712532043,2.5733227834507264e+16,,57,11199,3.749209403991699,0.28972291946411133,
2.186469078063965,201.30569458007812,19.67843246459961,96.64033508300781,0.20362544059753418,0.4573584198951721,2.584810961974067e+16,,57,11249,1.8533250093460083,0.2631911039352417,
1.50160551071167,179.40213012695312,13.169038772583008,61.01435470581055,0.2158350944519043,0.6659538745880127,2.596298925749043e+16,,57,11299,1.5970120429992676,0.16306889057159424,
,,,,,,2.607787104272384e+16,,58,11349,3.141279697418213,0.31359541416168213,
0.62653648853302,110.10087585449219,3.176912784576416,19.77219581604004,0.1606757640838623,1.596076250076294,2.61927506804736e+16,,58,11399,2.881850004196167,0.32068538665771484,
0.44694197177886963,65.38835906982422,0.9835734367370605,4.429623603820801,0.2220444679260254,2.237426996231079,2.630763031822336e+16,,58,11449,1.5323030948638916,0.19286322593688965,
0.4080384373664856,65.47634887695312,1.0656044483184814,4.727585792541504,0.2254014015197754,2.450749635696411,2.642251210345677e+16,,58,11499,2.7319834232330322,0.2514925003051758,
,,,,,,2.653739174120653e+16,,59,11549,4.756514072418213,0.3050941228866577,
0.7130261659622192,177.25009155273438,8.473957061767578,59.224815368652344,0.1430811882019043,1.4024730920791626,2.6652273526439936e+16,,59,11599,2.7263128757476807,0.3828268051147461,
0.6032394170761108,118.40936279296875,4.054022789001465,20.13263702392578,0.20136570930480957,1.6577165126800537,2.6767153164189696e+16,,59,11649,1.8545154333114624,0.2896144390106201,
0.5054016709327698,76.9466323852539,2.25188946723938,10.15272331237793,0.2218015193939209,1.9786242246627808,2.6882032801939456e+16,,59,11699,2.943854570388794,0.3665456771850586,
,,,,,,2.6996914587172864e+16,,60,11749,2.3790764808654785,0.35906553268432617,
0.7887987494468689,189.54331970214844,8.536750793457031,52.757659912109375,0.16181063652038574,1.2677505016326904,2.7111794224922624e+16,,60,11799,1.7206629514694214,0.2918388843536377,
0.5240203142166138,80.51617431640625,2.2363178730010986,10.376903533935547,0.21550917625427246,1.908322811126709,2.722667601015603e+16,,60,11849,2.417766809463501,0.3528956174850464,
,,,,,,2.734155564790579e+16,,61,11899,5.409931182861328,0.3846120834350586,
1.0576118230819702,210.60113525390625,13.087969779968262,72.92932891845703,0.17946100234985352,0.9455265402793884,2.745643528565555e+16,,61,11949,2.498297691345215,0.38080501556396484,
1.3318405151367188,222.2127227783203,14.002381324768066,66.2276840209961,0.21142792701721191,0.7508406639099121,2.757131707088896e+16,,61,11999,6.2271270751953125,0.5016376972198486,
0.9681835174560547,216.82461547851562,12.769868850708008,64.00796508789062,0.19950437545776367,1.0328620672225952,2.768619670863872e+16,,61,12049,5.801839828491211,0.43801140785217285,
,,,,,,2.780107849387213e+16,,62,12099,2.407522201538086,0.3553370237350464,
0.977047860622406,189.58731079101562,10.639488220214844,66.2509536743164,0.16059374809265137,1.023491382598877,2.791595813162189e+16,,62,12149,3.475555896759033,0.3311893939971924,
0.9840701818466187,198.5839080810547,9.783613204956055,47.97980499267578,0.20391106605529785,1.0161876678466797,2.803083776937165e+16,,62,12199,3.3687169551849365,0.47635817527770996,
0.5450223684310913,204.220703125,8.131793975830078,40.530731201171875,0.20063281059265137,1.834787130355835,2.8145719554605056e+16,,62,12249,8.934799194335938,0.3007340431213379,
,,,,,,2.8260599192354816e+16,,63,12299,2.2079527378082275,0.24360549449920654,
0.8538339734077454,197.4728546142578,10.338236808776855,72.25072479248047,0.14308834075927734,1.1711878776550293,2.8375480977588224e+16,,63,12349,1.7960922718048096,0.2925093173980713,
0.7912358045578003,155.4701385498047,6.042269229888916,26.684967041015625,0.22642970085144043,1.2638458013534546,2.8490360615337984e+16,,63,12399,2.3909754753112793,0.2906825542449951,
0.5445644855499268,90.85973358154297,3.2860825061798096,16.09940528869629,0.20411205291748047,1.8363298177719116,2.8605240253087744e+16,,63,12449,4.3261871337890625,0.410811185836792,
,,,,,,2.872012203832115e+16,,64,12499,1.4784138202667236,0.3099546432495117,
0.9883426427841187,190.44029235839844,10.253290176391602,62.15266418457031,0.16496944427490234,1.0117948055267334,2.883500167607091e+16,,64,12549,1.6469618082046509,0.29277336597442627,
0.8963958024978638,171.07945251464844,8.123392105102539,41.03114700317383,0.1979811191558838,1.1155786514282227,2.894988346130432e+16,,64,12599,1.5345120429992676,0.2625511884689331,
0.5151169300079346,143.54852294921875,5.330502986907959,25.10439682006836,0.21233344078063965,1.9413068294525146,2.906476309905408e+16,,64,12649,4.4492411613464355,0.34216368198394775,
,,,,,,2.917964273680384e+16,,65,12699,1.7906416654586792,0.3141627311706543,
1.0706632137298584,202.1499481201172,11.389351844787598,73.65372467041016,0.1546337604522705,0.934000551700592,2.929452452203725e+16,,65,12749,1.7306479215621948,0.18750953674316406,
0.84112149477005,197.090087890625,8.201242446899414,36.72726821899414,0.22330117225646973,1.1888889074325562,2.940940415978701e+16,,65,12799,3.2583444118499756,0.39483094215393066,
0.41935795545578003,61.48990249633789,0.9417784214019775,4.28220272064209,0.21992850303649902,2.3845975399017334,2.952428379753677e+16,,65,12849,2.0286197662353516,0.3739415407180786,
,,,,,,2.9639165582770176e+16,,66,12899,1.7244012355804443,0.21025192737579346,
0.9603879451751709,204.43724060058594,10.717486381530762,65.25100708007812,0.16425013542175293,1.041245937347412,2.9754045220519936e+16,,66,12949,1.5806186199188232,0.37793290615081787,
1.0952932834625244,204.84056091308594,11.541275978088379,57.07799530029297,0.20220184326171875,0.9129974842071533,2.9868927005753344e+16,,66,12999,3.830540895462036,0.26162242889404297,
0.5980395078659058,184.5980224609375,8.08194351196289,37.18559646606445,0.21734070777893066,1.6721303462982178,2.9983806643503104e+16,,66,13049,2.4256889820098877,0.5760219097137451,
,,,,,,3.0098686281252864e+16,,67,13099,1.7521111965179443,0.42874979972839355,
0.8330749869346619,186.28433227539062,10.299701690673828,64.10848999023438,0.1606605052947998,1.2003720998764038,3.021356806648627e+16,,67,13149,4.048496246337891,0.29159343242645264,
0.5553985834121704,101.0392837524414,3.138871908187866,15.451257705688477,0.20314669609069824,1.800508737564087,3.032844770423603e+16,,67,13199,1.769246220588684,0.2538595199584961,
0.7319316267967224,177.79949951171875,8.161445617675781,39.05138397216797,0.20899248123168945,1.3662478923797607,3.044332948946944e+16,,67,13249,1.3515641689300537,0.1661360263824463,
,,,,,,3.05582091272192e+16,,68,13299,2.198835611343384,0.3108333349227905,
1.5248912572860718,216.85015869140625,17.0833683013916,109.64726257324219,0.15580296516418457,0.6557844877243042,3.067308876496896e+16,,68,13349,3.330432891845703,0.35228753089904785,
1.2461609840393066,225.45396423339844,13.065547943115234,62.01762390136719,0.21067476272583008,0.8024645447731018,3.078797055020237e+16,,68,13399,2.0035157203674316,0.21783053874969482,
0.45721083879470825,63.133731842041016,1.0238864421844482,4.691346168518066,0.21825003623962402,2.1871747970581055,3.090285018795213e+16,,68,13449,1.832024097442627,0.23824119567871094,
,,,,,,3.1017731973185536e+16,,69,13499,4.868032455444336,0.29060637950897217,
1.0226686000823975,173.0880584716797,8.380867004394531,52.46725082397461,0.15973520278930664,0.9778338074684143,3.1132611610935296e+16,,69,13549,1.5460401773452759,0.3775324821472168,
0.6947006583213806,128.35220336914062,5.54127311706543,24.809179306030273,0.22335577011108398,1.4394689798355103,3.1247491248685056e+16,,69,13599,1.863844633102417,0.2709479331970215,
0.8587279319763184,177.4194793701172,8.512531280517578,39.4124641418457,0.21598577499389648,1.1645132303237915,3.1362373033918464e+16,,69,13649,2.6873977184295654,0.34737300872802734,
,,,,,,3.1477252671668224e+16,,70,13699,2.1824026107788086,0.3597733974456787,
1.1906026601791382,207.24038696289062,13.982234001159668,66.09243774414062,0.21155571937561035,0.8399108052253723,3.159213445690163e+16,,70,13749,3.757810592651367,0.3240056037902832,
1.1842777729034424,197.36729431152344,10.848249435424805,53.14881134033203,0.20411086082458496,0.8443965315818787,3.170701409465139e+16,,70,13799,1.4085216522216797,0.36523616313934326,
,,,,,,3.182189373240115e+16,,71,13849,3.5349488258361816,0.42443180084228516,
0.9678889513015747,197.09788513183594,9.352855682373047,57.57135772705078,0.16245675086975098,1.033176302909851,3.193677551763456e+16,,71,13899,1.877808928489685,0.35853028297424316,
0.6628124713897705,145.39810180664062,5.354691505432129,24.61174774169922,0.21756649017333984,1.5087224245071411,3.205165515538432e+16,,71,13949,2.224891185760498,0.49790239334106445,
0.5120527744293213,78.93274688720703,2.480515241622925,11.899954795837402,0.20844745635986328,1.9529237747192383,3.216653694061773e+16,,71,13999,2.298009157180786,0.3761942386627197,
,,,,,,3.228141657836749e+16,,72,14049,7.985306739807129,0.33405113220214844,
0.7233443856239319,150.81661987304688,6.614590644836426,41.16976547241211,0.16066622734069824,1.382467269897461,3.239629621611725e+16,,72,14099,1.793698787689209,0.28691017627716064,
0.4966226816177368,70.5743637084961,1.6762018203735352,7.692602157592773,0.21789789199829102,2.013601064682007,3.2511178001350656e+16,,72,14149,3.4082913398742676,0.4479794502258301,
0.4628414809703827,63.81570053100586,1.0182433128356934,4.901520252227783,0.20774030685424805,2.160567045211792,3.2626057639100416e+16,,72,14199,1.037250280380249,0.2587311267852783,
,,,,,,3.2740939424333824e+16,,73,14249,1.2943894863128662,0.2171483039855957,
1.0392791032791138,205.34503173828125,11.502082824707031,74.48828125,0.15441465377807617,0.9622054696083069,3.2855819062083584e+16,,73,14299,1.4136204719543457,0.28624045848846436,
0.8579832911491394,181.56150817871094,8.035497665405273,38.69057083129883,0.207686185836792,1.165523886680603,3.2970698699833344e+16,,73,14349,2.309713125228882,0.31233835220336914,
0.5719354152679443,156.16188049316406,6.482670307159424,32.833717346191406,0.19743943214416504,1.7484492063522339,3.308558048506675e+16,,73,14399,3.5541462898254395,0.3953092098236084,
,,,,,,3.320046012281651e+16,,74,14449,2.312920331954956,0.30536556243896484,
0.7943481206893921,189.74530029296875,8.107538223266602,49.2088508605957,0.16475772857666016,1.2588938474655151,3.331534190804992e+16,,74,14499,3.371427059173584,0.2781991958618164,
0.6408911943435669,129.47373962402344,4.706758975982666,21.41921615600586,0.21974468231201172,1.5603272914886475,3.343022154579968e+16,,74,14549,2.7147011756896973,0.2634485960006714,
0.49396848678588867,74.91483306884766,2.1124768257141113,9.747928619384766,0.21671032905578613,2.0244204998016357,3.354510118354944e+16,,74,14599,2.5756661891937256,0.3241809606552124,
,,,,,,3.365998296878285e+16,,75,14649,1.6472127437591553,0.29971277713775635,
0.9855680465698242,215.43470764160156,11.561079025268555,71.47189331054688,0.1617569923400879,1.0146433115005493,3.377486260653261e+16,,75,14699,3.0940845012664795,0.1916060447692871,
0.9226766228675842,191.63882446289062,8.992327690124512,39.928897857666016,0.22520852088928223,1.083803415298462,3.388974224428237e+16,,75,14749,1.683260440826416,0.35851919651031494,
0.501066267490387,197.02297973632812,7.206699848175049,36.303192138671875,0.19851422309875488,1.9957441091537476,3.4004624029515776e+16,,75,14799,2.857344388961792,0.37689244747161865,
,,,,,,3.4119503667265536e+16,,76,14849,2.9969863891601562,0.23822104930877686,
0.911694347858429,183.06582641601562,8.83930492401123,42.235870361328125,0.20928430557250977,1.0968588590621948,3.4234385452498944e+16,,76,14899,2.0586047172546387,0.3775092363357544,
0.7218654751777649,161.4630584716797,6.59918737411499,31.333236694335938,0.21061301231384277,1.3852996826171875,3.4349265090248704e+16,,76,14949,1.3125742673873901,0.24302208423614502,
0.47160807251930237,99.95271301269531,3.2154765129089355,15.981398582458496,0.2012012004852295,2.1204047203063965,3.4464144727998464e+16,,76,14999,2.8472084999084473,0.45235776901245117,
,,,,,,3.457902651323187e+16,,77,15049,3.761883497238159,0.4091758728027344,
0.8423277735710144,181.72203063964844,8.909431457519531,53.98151397705078,0.16504597663879395,1.1871862411499023,3.469390615098163e+16,,77,15099,3.1471574306488037,0.30510592460632324,
0.802415668964386,163.724853515625,7.059591293334961,31.325090408325195,0.22536540031433105,1.246236801147461,3.480878793621504e+16,,77,15149,1.2248847484588623,0.23831617832183838,
0.502338707447052,115.26799011230469,4.08306884765625,18.917999267578125,0.21582984924316406,1.990688681602478,3.49236675739648e+16,,77,15199,1.0797245502471924,0.14480161666870117,
,,,,,,3.503854721171456e+16,,78,15249,1.9695031642913818,0.2913163900375366,
0.6883823871612549,151.42938232421875,5.310617923736572,30.032245635986328,0.17683053016662598,1.4526809453964233,3.515342899694797e+16,,78,15299,1.7578469514846802,0.3039628267288208,
0.4090443253517151,64.30247497558594,0.9584805965423584,4.569229602813721,0.20976853370666504,2.444722890853882,3.526830863469773e+16,,78,15349,1.7867624759674072,0.18938887119293213,
0.4755845069885254,65.09964752197266,1.2242515087127686,5.714117527008057,0.2142503261566162,2.102675676345825,3.5383190419931136e+16,,78,15399,2.5392942428588867,0.2474064826965332,
,,,,,,3.5498070057680896e+16,,79,15449,1.5154337882995605,0.2921116352081299,
0.567681610584259,116.44708251953125,3.8522329330444336,16.94921875,0.227280855178833,1.761550784111023,3.5612949695430656e+16,,79,15499,1.5794284343719482,0.37091851234436035,
0.42642515897750854,66.22857666015625,1.0624074935913086,4.762284278869629,0.22308778762817383,2.3450775146484375,3.5727831480664064e+16,,79,15549,1.1202385425567627,0.2740894556045532,
0.5130347609519958,67.89665985107422,1.190474271774292,5.236888885498047,0.2273247241973877,1.9491857290267944,3.5842711118413824e+16,,79,15599,1.3360892534255981,0.32108211517333984,
,,,,,,3.595759290364723e+16,,80,15649,2.719228982925415,0.3635028600692749,
0.689362108707428,152.07456970214844,7.5217156410217285,34.95825958251953,0.2151627540588379,1.4506163597106934,3.607247254139699e+16,,80,15699,1.0617650747299194,0.28025996685028076,
0.49750182032585144,70.58836364746094,1.6163544654846191,7.819886684417725,0.20669794082641602,2.010042905807495,3.61873543266304e+16,,80,15749,2.3881583213806152,0.3591049909591675,
,,,,,,3.630223181689651e+16,,81,15799,2.5084190368652344,0.3823709487915039,
0.5911258459091187,131.4125518798828,5.221096992492676,25.625568389892578,0.20374560356140137,1.6916871070861816,3.641711360212992e+16,,81,15849,2.4913010597229004,0.35605287551879883,
0.4018341600894928,68.30107879638672,0.9861712455749512,4.763815402984619,0.20701289176940918,2.488588809967041,3.653199538736333e+16,,81,15899,2.0128226280212402,0.474257230758667,
0.49642491340637207,66.70909881591797,1.2888479232788086,5.94212007522583,0.21690034866333008,2.0144033432006836,3.664687287762944e+16,,81,15949,10.189922332763672,0.40514612197875977,
,,,,,,3.676175466286285e+16,,82,15999,1.67851722240448,0.30430305004119873,
0.5352116227149963,113.32300567626953,4.3671369552612305,25.515687942504883,0.17115497589111328,1.8684197664260864,3.687663644809626e+16,,82,16049,2.718799352645874,0.2856563329696655,
0.4620424509048462,65.61517333984375,1.107543706893921,5.0704731941223145,0.2184300422668457,2.1643033027648926,3.699151823332966e+16,,82,16099,4.851742744445801,0.49529194831848145,
0.42211344838142395,66.85424041748047,1.0407147407531738,4.837660312652588,0.21512770652770996,2.3690314292907715,3.710639572359578e+16,,82,16149,1.2797960042953491,0.25702404975891113,
,,,,,,3.722127750882918e+16,,83,16199,1.4390994310379028,0.20941519737243652,
0.8093335628509521,158.54653930664062,7.3153767585754395,43.42595672607422,0.1684563159942627,1.2355844974517822,3.733615929406259e+16,,83,16249,1.2074369192123413,0.2821425199508667,
0.46143361926078796,64.14042663574219,1.0108203887939453,4.545919418334961,0.22235774993896484,2.167158842086792,3.74510367843287e+16,,83,16299,1.2035354375839233,0.2855520248413086,
0.45767858624458313,62.04944610595703,1.0845005512237549,5.350893497467041,0.20267653465270996,2.1849396228790283,3.756591856956211e+16,,83,16349,1.5223660469055176,0.36350154876708984,
,,,,,,3.768080035479552e+16,,84,16399,1.845788598060608,0.30425822734832764,
0.8408511877059937,197.73365783691406,10.68408203125,61.65977096557617,0.17327475547790527,1.189271092414856,3.779567784506163e+16,,84,16449,2.2325186729431152,0.2778700590133667,
0.4669515788555145,91.20881652832031,2.8020312786102295,12.92432975769043,0.21680283546447754,2.141549825668335,3.791055963029504e+16,,84,16499,2.610072374343872,0.2868598699569702,
0.4116741716861725,66.28461456298828,0.9283139705657959,4.508750915527344,0.20589160919189453,2.429105520248413,3.802544141552845e+16,,84,16549,1.7596969604492188,0.2493906021118164,
,,,,,,3.814032320076186e+16,,85,16599,2.169203519821167,0.3122391700744629,
0.7601701617240906,185.48793029785156,9.347532272338867,56.77650451660156,0.16463732719421387,1.3154948949813843,3.825520069102797e+16,,85,16649,2.6040215492248535,0.1802823543548584,
0.48042893409729004,80.63833618164062,2.3446273803710938,11.064284324645996,0.21190953254699707,2.0814733505249023,3.837008247626138e+16,,85,16699,1.1256614923477173,0.33234548568725586,
0.47758182883262634,86.9010238647461,2.605377674102783,12.58936595916748,0.20695066452026367,2.0938820838928223,3.848496426149478e+16,,85,16749,1.531482219696045,0.34422850608825684,
,,,,,,3.85998417517609e+16,,86,16799,2.63716197013855,0.20612037181854248,
0.6800678372383118,164.87948608398438,5.724583625793457,35.792388916015625,0.15993857383728027,1.4704415798187256,3.87147235369943e+16,,86,16849,1.9357799291610718,0.3755340576171875,
0.521385133266449,106.458984375,3.839221954345703,19.215255737304688,0.19980072975158691,1.9179679155349731,3.882960532222771e+16,,86,16899,1.376120686531067,0.23282957077026367,
0.41295135021209717,68.15047454833984,0.9276294708251953,4.655801296234131,0.19924163818359375,2.4215927124023438,3.894448281249382e+16,,86,16949,3.8076956272125244,0.46927309036254883,
,,,,,,3.905936459772723e+16,,87,16999,4.2400803565979,0.4020228385925293,
1.2025717496871948,226.03192138671875,14.575162887573242,88.93175506591797,0.16389155387878418,0.8315512537956238,3.917424638296064e+16,,87,17049,1.4717848300933838,0.25795185565948486,
0.724260151386261,202.53993225097656,7.775459289550781,39.01729202270508,0.19928240776062012,1.3807194232940674,3.928912816819405e+16,,87,17099,3.7010271549224854,0.28052616119384766,
0.408731609582901,65.20925903320312,1.0155014991760254,5.154192924499512,0.19702434539794922,2.4465932846069336,3.940400565846016e+16,,87,17149,1.267323613166809,0.14699649810791016,
,,,,,,3.951888744369357e+16,,88,17199,1.0560076236724854,0.27914416790008545,
1.1907352209091187,228.0281219482422,15.612967491149902,97.61502838134766,0.1599442958831787,0.839817225933075,3.963376922892698e+16,,88,17249,1.6154855489730835,0.27939939498901367,
0.9590137600898743,206.12171936035156,9.27591323852539,46.90968322753906,0.197739839553833,1.0427379608154297,3.974864671919309e+16,,88,17299,1.375051736831665,0.18856322765350342,
0.43334028124809265,67.54425811767578,0.990821123123169,4.878134727478027,0.20311474800109863,2.3076553344726562,3.98635285044265e+16,,88,17349,1.2882634401321411,0.21344614028930664,
,,,,,,3.99784102896599e+16,,89,17399,11.411124229431152,0.30955255031585693,
0.4294610917568207,85.29730224609375,2.705127239227295,20.696073532104492,0.1307072639465332,2.3284997940063477,4.009328777992602e+16,,89,17449,1.5317611694335938,0.36504650115966797,
0.39821526408195496,63.35569381713867,0.8651218414306641,4.294177055358887,0.20146393775939941,2.511204481124878,4.020816956515942e+16,,89,17499,3.4463064670562744,0.2894589900970459,
0.49133315682411194,84.88087463378906,2.4761462211608887,12.341124534606934,0.20064187049865723,2.035278797149658,4.032305135039283e+16,,89,17549,1.7304171323776245,0.34141063690185547,
,,,,,,4.043793313562624e+16,,90,17599,1.7274459600448608,0.35170042514801025,
1.468821406364441,255.3145751953125,22.9324893951416,139.4013671875,0.1645069122314453,0.6808179616928101,4.055281062589235e+16,,90,17649,0.9626299142837524,0.28475379943847656,
2.417508363723755,218.3348388671875,20.592334747314453,103.921875,0.1981520652770996,0.4136490225791931,4.066769241112576e+16,,90,17699,3.4602017402648926,0.3798104524612427,
,,,,,,4.078257419635917e+16,,91,17749,1.915993332862854,0.3811156749725342,
1.5286935567855835,220.8902587890625,19.808855056762695,144.29278564453125,0.1372823715209961,0.6541533470153809,4.089745168662528e+16,,91,17799,1.1671727895736694,0.33784914016723633,
1.014456868171692,204.32456970214844,11.156476974487305,54.200599670410156,0.20583677291870117,0.9857491254806519,4.101233347185869e+16,,91,17849,1.5669984817504883,0.4556238651275635,
0.615397036075592,185.69345092773438,8.30510425567627,38.560035705566406,0.21538114547729492,1.624967098236084,4.11272152570921e+16,,91,17899,3.01261043548584,0.35310959815979004,
,,,,,,4.124209274735821e+16,,92,17949,3.5413177013397217,0.27745771408081055,
0.527614176273346,104.26802062988281,4.217160224914551,30.036104202270508,0.14040303230285645,1.8953242301940918,4.135697453259162e+16,,92,17999,1.8319940567016602,0.27810585498809814,
0.4328809380531311,66.42923736572266,0.9653022289276123,4.813055515289307,0.20055913925170898,2.3101038932800293,4.147185631782502e+16,,92,18049,2.638681650161743,0.41006267070770264,
0.39878031611442566,65.7812271118164,0.921259880065918,4.549991607666016,0.20247507095336914,2.507646322250366,4.158673380809114e+16,,92,18099,1.6662715673446655,0.24594426155090332,
,,,,,,4.170161559332454e+16,,93,18149,1.2186031341552734,0.21298599243164062,
0.6926017999649048,155.4086151123047,7.467432022094727,48.11149597167969,0.1552109718322754,1.4438310861587524,4.181649737855795e+16,,93,18199,1.9206236600875854,0.2989671230316162,
0.45869123935699463,61.92519760131836,0.9973170757293701,5.011532306671143,0.1990044116973877,2.1801156997680664,4.193137916379136e+16,,93,18249,1.0187708139419556,0.2687329053878784,
0.4392189085483551,62.508201599121094,0.9914939403533936,4.901792526245117,0.2022716999053955,2.276768922805786,4.204625665405747e+16,,93,18299,1.9907007217407227,0.3569660186767578,
,,,,,,4.216113843929088e+16,,94,18349,1.7178536653518677,0.2973029613494873,
0.7624436616897583,164.8610076904297,7.402192115783691,45.63963317871094,0.16218781471252441,1.3115723133087158,4.227602022452429e+16,,94,18399,3.5892179012298584,0.26657629013061523,
0.6864475607872009,116.39579010009766,3.9332542419433594,17.21486473083496,0.22848010063171387,1.4567755460739136,4.23908977147904e+16,,94,18449,2.0428874492645264,0.26337528228759766,
0.5441721677780151,119.54269409179688,4.504061222076416,21.34136962890625,0.21104836463928223,1.837653636932373,4.250577950002381e+16,,94,18499,1.9820964336395264,0.23792874813079834,
,,,,,,4.262066128525722e+16,,95,18549,1.695900559425354,0.27564358711242676,
0.625459611415863,129.89566040039062,4.308099746704102,26.156755447387695,0.1647031307220459,1.598824143409729,4.273553877552333e+16,,95,18599,1.339433193206787,0.1710524559020996,
0.48629453778266907,75.35771179199219,2.0000369548797607,10.035426139831543,0.19929766654968262,2.0563669204711914,4.285042056075674e+16,,95,18649,2.034614324569702,0.33488428592681885,
0.4440315365791321,67.41460418701172,1.0152795314788818,5.092660427093506,0.19936132431030273,2.2520923614501953,4.296530234599014e+16,,95,18699,2.118924856185913,0.3273274898529053,
,,,,,,4.308018413122355e+16,,96,18749,2.2381198406219482,0.20589053630828857,
0.9791170358657837,183.4875946044922,10.973075866699219,77.22282409667969,0.14209628105163574,1.021328330039978,4.319506162148966e+16,,96,18799,2.588204860687256,0.3853011131286621,
0.7542964220046997,116.66506958007812,5.2273054122924805,23.02608299255371,0.22701668739318848,1.3257386684417725,4.330994340672307e+16,,96,18849,1.6988276243209839,0.2498987913131714,
0.773443877696991,90.17950439453125,3.5060107707977295,14.951648712158203,0.23448991775512695,1.2929186820983887,4.342482519195648e+16,,96,18899,1.6156150102615356,0.5012466907501221,
,,,,,,4.353970268222259e+16,,97,18949,2.5501813888549805,0.39014554023742676,
0.9515987634658813,175.0948028564453,13.888948440551758,85.88836669921875,0.16170930862426758,1.0508631467819214,4.3654584467456e+16,,97,18999,0.9105222821235657,0.2506195306777954,
1.4359742403030396,193.4711456298828,17.7074031829834,77.47093963623047,0.22856831550598145,0.6963912844657898,4.376946625268941e+16,,97,19049,3.3469667434692383,0.2514430284500122,
1.0666937828063965,174.05209350585938,11.990158081054688,55.99770736694336,0.21411871910095215,0.9374761581420898,4.388434374295552e+16,,97,19099,1.837370753288269,0.13786888122558594,
,,,,,,4.399922552818893e+16,,98,19149,6.655760765075684,0.3223750591278076,
1.2282376289367676,189.80038452148438,11.642748832702637,57.38786697387695,0.20287823677062988,0.8141747117042542,4.411410731342234e+16,,98,19199,1.9136680364608765,0.27492427825927734,
0.9835792183876038,120.47482299804688,5.821098327636719,26.202857971191406,0.22215509414672852,1.0166949033737183,4.422898909865574e+16,,98,19249,1.5143659114837646,0.19203436374664307,
2.45947527885437,158.53851318359375,18.19977378845215,64.25769805908203,0.2832310199737549,0.4065908193588257,4.434386658892186e+16,,98,19299,1.4558336734771729,0.20870399475097656,
,,,,,,4.445874837415526e+16,,99,19349,2.5051684379577637,0.2878159284591675,
1.4846912622451782,149.2049560546875,13.919856071472168,100.83158111572266,0.13805055618286133,0.6735407114028931,4.457363015938867e+16,,99,19399,2.58111834526062,0.36136460304260254,
0.9824068546295166,125.46837615966797,7.2659711837768555,31.110851287841797,0.233551025390625,1.0179082155227661,4.468850764965478e+16,,99,19449,0.7928016185760498,0.2662956714630127,
0.6638175845146179,66.47620391845703,2.088217258453369,6.977894306182861,0.29926180839538574,1.50643789768219,4.480338943488819e+16,,99,19499,1.5952414274215698,0.3106684684753418,
,,,,,,4.49182712201216e+16,,100,19549,3.3726248741149902,0.40081608295440674,
1.3927258253097534,186.95693969726562,16.16293716430664,106.45001983642578,0.15183591842651367,0.7180163860321045,4.503314871038771e+16,,100,19599,1.9265320301055908,0.30684828758239746,
2.226491928100586,192.81813049316406,19.11945915222168,88.77771759033203,0.2153632640838623,0.44913703203201294,4.514803049562112e+16,,100,19649,2.2075891494750977,0.38052821159362793,
,,,,,,4.526291228085453e+16,,101,19699,4.220545768737793,0.41445350646972656,
2.167741298675537,194.54263305664062,27.515544891357422,179.401123046875,0.15337443351745605,0.46130967140197754,4.537778977112064e+16,,101,19749,1.0928319692611694,0.33936381340026855,
1.8842337131500244,203.03526306152344,15.986276626586914,62.02733612060547,0.25772953033447266,0.5307196974754333,4.549267155635405e+16,,101,19799,4.559603691101074,0.4451863765716553,
3.2727811336517334,213.762451171875,34.01569747924805,165.24649047851562,0.20584821701049805,0.3055505156517029,4.560755334158746e+16,,101,19849,2.826493978500366,0.34352779388427734,
,,,,,,4.572243512682086e+16,,102,19899,4.951529502868652,0.30069196224212646,
1.885797381401062,233.25621032714844,28.66202163696289,181.0784149169922,0.15828514099121094,0.5302796363830566,4.583731261708698e+16,,102,19949,1.4890642166137695,0.2818131446838379,
0.8552970290184021,79.21813201904297,3.238934278488159,10.69885540008545,0.3027365207672119,1.1691844463348389,4.595219440232038e+16,,102,19999,2.1442646980285645,0.42555439472198486,
,,,,,,,4.595219440232038e+16,102,19999,,,0.04695146903395653
1.759891390800476,173.2769775390625,13.706998825073242,47.40379333496094,0.289154052734375,0.568216860294342,4.606707618755379e+16,,102,20049,1.4457396268844604,0.23143088817596436,
,,,,,,4.61819536778199e+16,,103,20099,1.7283899784088135,0.2260192632675171,
2.1292226314544678,235.0435333251953,30.988418579101562,154.8025360107422,0.2001802921295166,0.46965500712394714,4.629683546305331e+16,,103,20149,1.3119335174560547,0.2815154790878296,
3.076934814453125,265.8527526855469,33.859405517578125,117.52238464355469,0.28811025619506836,0.32499876618385315,4.641171724828672e+16,,103,20199,1.6510303020477295,0.269378662109375,
3.167012929916382,272.5665588378906,38.709529876708984,175.0833740234375,0.22109198570251465,0.3157549500465393,4.652659473855283e+16,,103,20249,1.3411356210708618,0.35752129554748535,
,,,,,,4.664147652378624e+16,,104,20299,1.206834316253662,0.286413311958313,
1.6331971883773804,262.7494201660156,29.00803565979004,148.2094268798828,0.195723295211792,0.612295925617218,4.675635830901965e+16,,104,20349,1.1310228109359741,0.2612491846084595,
0.43937501311302185,72.80221557617188,1.6268064975738525,8.06512451171875,0.20170879364013672,2.2759602069854736,4.687124009425306e+16,,104,20399,1.5841814279556274,0.24797427654266357,
0.6241135001182556,78.81642150878906,1.854844093322754,8.529740333557129,0.21745610237121582,1.602272629737854,4.698611758451917e+16,,104,20449,3.432297468185425,0.24233579635620117,
,,,,,,4.710099936975258e+16,,105,20499,1.12009596824646,0.29294562339782715,
2.904827356338501,245.14129638671875,39.13165283203125,181.44216918945312,0.21567010879516602,0.3442545533180237,4.721588115498598e+16,,105,20549,1.2557225227355957,0.1815633773803711,
4.274497032165527,193.3290252685547,28.80303192138672,76.04644012451172,0.3787558078765869,0.23394566774368286,4.73307586452521e+16,,105,20599,1.5281423330307007,0.3278069496154785,
4.174527645111084,190.53622436523438,33.59495544433594,154.6564178466797,0.2172231674194336,0.23954804241657257,4.74456404304855e+16,,105,20649,1.0662504434585571,0.3269873857498169,
,,,,,,4.756052221571891e+16,,106,20699,0.8771364688873291,0.1845790147781372,
3.706800937652588,198.6716766357422,39.83015441894531,204.751953125,0.19452881813049316,0.2697744071483612,4.767539970598502e+16,,106,20749,1.5850237607955933,0.3382248878479004,
4.152311325073242,184.30874633789062,36.149837493896484,127.59647369384766,0.2833137512207031,0.240829735994339,4.779028149121843e+16,,106,20799,2.1189942359924316,0.23865127563476562,
4.062594413757324,196.7633819580078,33.27824401855469,84.1776351928711,0.39533352851867676,0.24614812433719635,4.790516327645184e+16,,106,20849,1.8082363605499268,0.4733768701553345,
,,,,,,4.802004506168525e+16,,107,20899,2.4342782497406006,0.38073182106018066,
2.296173095703125,217.74400329589844,29.744216918945312,154.7888946533203,0.19215989112854004,0.43550723791122437,4.813492255195136e+16,,107,20949,2.2547554969787598,0.2661937475204468,
2.8335933685302734,263.8329162597656,38.89175796508789,128.83148193359375,0.3018808364868164,0.35290876030921936,4.824980433718477e+16,,107,20999,0.849757730960846,0.24246394634246826,
3.717252731323242,251.46710205078125,39.28055191040039,118.8966293334961,0.33037567138671875,0.2690158784389496,4.836468612241818e+16,,107,21049,0.9061649441719055,0.13337206840515137,
,,,,,,4.847956361268429e+16,,108,21099,2.345900535583496,0.30168819427490234,
2.266038179397583,211.50889587402344,27.765493392944336,189.85044860839844,0.14624929428100586,0.44129884243011475,4.85944453979177e+16,,108,21149,3.4508249759674072,0.3080192804336548,
2.3461127281188965,193.82684326171875,24.24635124206543,94.26893615722656,0.2572040557861328,0.42623695731163025,4.87093271831511e+16,,108,21199,1.5023226737976074,0.18280315399169922,
2.8522229194641113,156.7491912841797,17.42082405090332,49.355953216552734,0.3529629707336426,0.35060372948646545,4.882420467341722e+16,,108,21249,1.2793444395065308,0.21466541290283203,
,,,,,,4.893908645865062e+16,,109,21299,10.970247268676758,0.2870978116989136,
1.7542905807495117,220.6491241455078,20.769994735717773,126.17706298828125,0.1646099090576172,0.5700309872627258,4.905396824388403e+16,,109,21349,2.1525795459747314,0.34413790702819824,
2.1555325984954834,260.1329040527344,23.070295333862305,100.44608306884766,0.22967839241027832,0.4639224410057068,4.916885002911744e+16,,109,21399,2.4585981369018555,0.3202941417694092,
2.195540189743042,263.71783447265625,26.84194564819336,124.40361785888672,0.21576499938964844,0.4554687738418579,4.928372751938355e+16,,109,21449,1.268006443977356,0.30904054641723633,
,,,,,,4.939860930461696e+16,,110,21499,2.1851532459259033,0.37694382667541504,
1.5005083084106445,199.98782348632812,14.46191120147705,97.13492584228516,0.14888477325439453,0.6664408445358276,4.951349108985037e+16,,110,21549,0.8836066126823425,0.27966034412384033,
0.8370072841644287,165.28512573242188,7.043179512023926,32.88194274902344,0.21419596672058105,1.194732666015625,4.962836858011648e+16,,110,21599,2.132162570953369,0.38321709632873535,
,,,,,,4.974325036534989e+16,,111,21649,2.1363637447357178,0.3718080520629883,
1.2973006963729858,181.01710510253906,9.462601661682129,59.626529693603516,0.15869784355163574,0.770831286907196,4.98581321505833e+16,,111,21699,1.7836410999298096,0.32831907272338867,
0.7885228395462036,153.97698974609375,6.053709983825684,29.27278709411621,0.2068033218383789,1.2681940793991089,4.997300964084941e+16,,111,21749,1.6578110456466675,0.4650726318359375,
0.6667870283126831,177.89476013183594,7.674990653991699,37.27914047241211,0.20587897300720215,1.4997292757034302,5.008789142608282e+16,,111,21799,4.461498737335205,0.3780372142791748,
,,,,,,5.020277321131622e+16,,112,21849,4.4926533699035645,0.2971363067626953,
1.005222201347351,175.60447692871094,9.874558448791504,61.85652160644531,0.1596364974975586,0.9948049187660217,5.031765070158234e+16,,112,21899,1.4128646850585938,0.3132352828979492,
0.8047018647193909,149.26028442382812,5.651537895202637,26.787540435791016,0.21097636222839355,1.2426962852478027,5.043253248681574e+16,,112,21949,3.5420517921447754,0.4122328758239746,
1.1297200918197632,215.24130249023438,10.398140907287598,46.210208892822266,0.22501826286315918,0.8851749897003174,5.054741427204915e+16,,112,21999,1.447387933731079,0.24421656131744385,
,,,,,,5.066229605728256e+16,,113,22049,1.3193409442901611,0.20398330688476562,
1.1979061365127563,195.6822052001953,10.490318298339844,61.48894500732422,0.17060494422912598,0.8347899913787842,5.077717354754867e+16,,113,22099,0.9670103788375854,0.29694676399230957,
0.985041618347168,182.86289978027344,8.905546188354492,40.2719612121582,0.22113513946533203,1.0151855945587158,5.089205533278208e+16,,113,22149,2.5210330486297607,0.29325950145721436,
1.3097941875457764,213.73214721679688,13.930953025817871,70.0761947631836,0.19879722595214844,0.763478696346283,5.100693711801549e+16,,113,22199,1.785333514213562,0.36524343490600586,
,,,,,,5.11218146082816e+16,,114,22249,1.458630084991455,0.29158926010131836,
0.8578762412071228,175.59190368652344,9.450006484985352,54.512271881103516,0.1733555793762207,1.165669322013855,5.123669639351501e+16,,114,22299,1.9110183715820312,0.2531311511993408,
1.4487136602401733,238.975830078125,16.220924377441406,75.83259582519531,0.21390438079833984,0.6902675032615662,5.135157817874842e+16,,114,22349,1.5675543546676636,0.2547264099121094,
1.7328088283538818,248.33799743652344,19.110380172729492,87.80435180664062,0.21764731407165527,0.5770977139472961,5.146645566901453e+16,,114,22399,1.9971883296966553,0.2293713092803955,
,,,,,,5.158133745424794e+16,,115,22449,1.1849349737167358,0.2739759683609009,
1.3175567388534546,273.2696838378906,23.607458114624023,148.35430908203125,0.15912890434265137,0.7589805722236633,5.169621923948134e+16,,115,22499,2.283430576324463,0.20506072044372559,
1.710990071296692,250.3087921142578,17.6583309173584,76.64996337890625,0.2303762435913086,0.5844569206237793,5.181110102471475e+16,,115,22549,2.314978837966919,0.34122395515441895,
0.9774160981178284,224.25967407226562,13.952230453491211,69.59281158447266,0.2004837989807129,1.0231057405471802,5.192597851498086e+16,,115,22599,1.9727429151535034,0.337283730506897,
,,,,,,5.204086030021427e+16,,116,22649,1.1593778133392334,0.1801300048828125,
1.4787856340408325,236.6684112548828,21.156930923461914,136.79534912109375,0.1546611785888672,0.6762305498123169,5.215574208544768e+16,,116,22699,2.466116189956665,0.359220027923584,
1.3231897354125977,259.8273010253906,18.886415481567383,87.10421752929688,0.2168254852294922,0.755749523639679,5.227061957571379e+16,,116,22749,4.0467529296875,0.24216032028198242,
0.4483945965766907,63.2340087890625,0.9468908309936523,4.35780668258667,0.2172861099243164,2.2301785945892334,5.23855013609472e+16,,116,22799,5.585397720336914,0.4399690628051758,
,,,,,,5.250038314618061e+16,,117,22849,2.5213093757629395,0.3706839084625244,
0.6702122688293457,146.05487060546875,5.498085975646973,34.90213394165039,0.15752863883972168,1.4920645952224731,5.261526063644672e+16,,117,22899,1.3931878805160522,0.25675034523010254,
0.49955081939697266,92.63595581054688,2.8810172080993652,14.171160697937012,0.20330142974853516,2.001798391342163,5.273014242168013e+16,,117,22949,0.8436315059661865,0.2323298454284668,
0.4005143642425537,65.69401550292969,0.9877040386199951,4.62315034866333,0.21364307403564453,2.4967894554138184,5.284502420691354e+16,,117,22999,1.1490389108657837,0.12889528274536133,
,,,,,,5.295990599214694e+16,,118,23049,1.7817667722702026,0.2805219888687134,
1.1295689344406128,223.22189331054688,13.525877952575684,80.26548767089844,0.16851425170898438,0.8852934241294861,5.307478348241306e+16,,118,23099,2.8267576694488525,0.281607985496521,
0.8749485015869141,185.97439575195312,7.894006252288818,39.46945571899414,0.20000290870666504,1.142924427986145,5.318966526764646e+16,,118,23149,1.1303315162658691,0.1960376501083374,
0.4380922019481659,61.259464263916016,0.9096417427062988,3.9296188354492188,0.23148345947265625,2.2826244831085205,5.330454705287987e+16,,118,23199,1.2784727811813354,0.19616913795471191,
,,,,,,5.341942454314598e+16,,119,23249,1.8780784606933594,0.2806965112686157,
0.738032877445221,157.21307373046875,6.578388214111328,40.34342956542969,0.16305971145629883,1.3549531698226929,5.353430632837939e+16,,119,23299,1.3001329898834229,0.3471505641937256,
0.5473951697349548,93.6126480102539,2.905797004699707,13.139092445373535,0.22115659713745117,1.8268338441848755,5.36491881136128e+16,,119,23349,1.335092306137085,0.2661306858062744,
0.4349086880683899,62.65878677368164,0.9605262279510498,4.563261032104492,0.21049118041992188,2.299333095550537,5.376406560387891e+16,,119,23399,1.498341679573059,0.2987217903137207,
,,,,,,5.387894738911232e+16,,120,23449,2.333975076675415,0.33018195629119873,
1.523258090019226,239.70443725585938,20.458581924438477,130.80657958984375,0.1564033031463623,0.6564875245094299,5.399382917434573e+16,,120,23499,1.7072504758834839,0.29453158378601074,
2.310074806213379,216.83042907714844,19.918498992919922,88.44657135009766,0.2252037525177002,0.43288642168045044,5.410870666461184e+16,,120,23549,1.1240772008895874,0.315659761428833,
,,,,,,5.422358844984525e+16,,121,23599,1.2233293056488037,0.3424406051635742,
0.8419603705406189,200.30287170410156,11.089767456054688,69.41082000732422,0.15977001190185547,1.18770432472229,5.433847023507866e+16,,121,23649,1.6599856615066528,0.3058500289916992,
1.9061070680618286,209.05995178222656,17.849952697753906,85.52857971191406,0.20870161056518555,0.5246294736862183,5.445335202031206e+16,,121,23699,1.7677973508834839,0.46085309982299805,
2.353699207305908,166.6239013671875,16.617767333984375,76.53592681884766,0.21712374687194824,0.4248631000518799,5.456822951057818e+16,,121,23749,3.9967875480651855,0.37260985374450684,
,,,,,,5.468311129581158e+16,,122,23799,6.490073204040527,0.2898157835006714,
1.9118244647979736,200.4990234375,17.201778411865234,110.40387725830078,0.1558077335357666,0.5230605602264404,5.479799308104499e+16,,122,23849,1.4674973487854004,0.27582454681396484,
2.1949050426483154,216.60006713867188,19.641311645507812,87.44597625732422,0.2246108055114746,0.4556005895137787,5.49128705713111e+16,,122,23899,4.377479553222656,0.5041353702545166,
1.698042869567871,222.08242797851562,19.192378997802734,94.06819152832031,0.2040262222290039,0.5889132618904114,5.502775235654451e+16,,122,23949,1.543303370475769,0.23847651481628418,
,,,,,,5.514263414177792e+16,,123,23999,1.3396871089935303,0.21009600162506104,
1.9236228466033936,215.5962677001953,22.9476318359375,144.6805877685547,0.15860891342163086,0.5198524594306946,5.525751163204403e+16,,123,24049,1.6397734880447388,0.2847914695739746,
2.32480788230896,234.57919311523438,21.05100440979004,92.29338836669922,0.2280879020690918,0.4301430881023407,5.537239341727744e+16,,123,24099,2.2686426639556885,0.3050433397293091,
2.2773873805999756,174.0387420654297,17.682218551635742,74.30257415771484,0.2379758358001709,0.43909963965415955,5.548727520251085e+16,,123,24149,2.5149097442626953,0.38347744941711426,
,,,,,,5.560215698774426e+16,,124,24199,0.6647235751152039,0.2790015935897827,
1.2711212635040283,193.25015258789062,14.917415618896484,96.47394561767578,0.15462636947631836,0.7867069840431213,5.571703447801037e+16,,124,24249,1.819342017173767,0.2480543851852417,
0.7660694718360901,139.9226837158203,6.426835060119629,28.77797508239746,0.22332477569580078,1.3053646087646484,5.583191626324378e+16,,124,24299,1.5050766468048096,0.2621816396713257,
0.8297440409660339,164.0464630126953,6.483036518096924,29.689289093017578,0.21836280822753906,1.205190896987915,5.594679804847718e+16,,124,24349,2.0533971786499023,0.2557563781738281,
,,,,,,5.60616755387433e+16,,125,24399,1.1787679195404053,0.2788655757904053,
0.8908021450042725,183.59872436523438,11.499137878417969,66.34042358398438,0.17333531379699707,1.1225837469100952,5.61765573239767e+16,,125,24449,1.754264235496521,0.1636209487915039,
0.9565927386283875,158.767333984375,6.270453453063965,31.234968185424805,0.20075106620788574,1.0453768968582153,5.629143910921011e+16,,125,24499,3.3724749088287354,0.40621185302734375,
0.7112854719161987,147.8112030029297,5.549716949462891,25.54857063293457,0.2172222137451172,1.4059052467346191,5.640631659947622e+16,,125,24549,2.8862502574920654,0.32005250453948975,
,,,,,,5.652119838470963e+16,,126,24599,0.7656638026237488,0.17615461349487305,
0.6873928904533386,161.93606567382812,8.421506881713867,51.575504302978516,0.1632850170135498,1.4547721147537231,5.663608016994304e+16,,126,24649,2.1283843517303467,0.34132349491119385,
0.48381394147872925,67.67720794677734,1.7560522556304932,7.780416488647461,0.22570157051086426,2.0669102668762207,5.675096195517645e+16,,126,24699,2.045893669128418,0.23096859455108643,
1.132594347000122,229.20223999023438,13.79015064239502,68.18513488769531,0.20224571228027344,0.8829286694526672,5.686583944544256e+16,,126,24749,1.1061760187149048,0.3741196393966675,
,,,,,,5.698072123067597e+16,,127,24799,1.10360848903656,0.3431990146636963,
0.6429605484008789,171.12109375,8.41898250579834,53.09434127807617,0.15856647491455078,1.5553054809570312,5.709560301590938e+16,,127,24849,2.836102247238159,0.2746155261993408,
0.5245208740234375,102.03575897216797,2.720897912979126,11.834001541137695,0.22992205619812012,1.9065018892288208,5.721048050617549e+16,,127,24899,0.9655681848526001,0.2334192991256714,
0.4744168519973755,63.34747314453125,1.3114585876464844,6.22245454788208,0.21076226234436035,2.1078507900238037,5.73253622914089e+16,,127,24949,1.0953792333602905,0.1276000738143921,
,,,,,,5.74402440766423e+16,,128,24999,1.288374423980713,0.25707006454467773,
0.7011176347732544,163.27418518066406,7.579275131225586,47.87495422363281,0.15831398963928223,1.4262940883636475,5.755512156690842e+16,,128,25049,3.143742084503174,0.31406378746032715,
0.44685301184654236,62.47418975830078,0.9878318309783936,4.593824863433838,0.21503472328186035,2.237872362136841,5.767000335214182e+16,,128,25099,1.1991589069366455,0.21364974975585938,
0.48239028453826904,94.2337875366211,3.013204574584961,12.81778335571289,0.23508000373840332,2.073010206222534,5.778488513737523e+16,,128,25149,1.585427165031433,0.21826410293579102,
,,,,,,5.789976692260864e+16,,129,25199,2.2823867797851562,0.2636028528213501,
0.7830262184143066,176.92730712890625,9.809082984924316,42.208072662353516,0.23239827156066895,1.2770965099334717,5.801464441287475e+16,,129,25249,1.13789963722229,0.3430004119873047,
0.5766546726226807,120.12317657470703,3.55731201171875,15.538847923278809,0.22893023490905762,1.734140157699585,5.812952619810816e+16,,129,25299,1.8734384775161743,0.2931821346282959,
0.6629056930541992,155.8643798828125,6.488796710968018,29.280967712402344,0.221604585647583,1.5085102319717407,5.824440798334157e+16,,129,25349,1.469818353652954,0.31299734115600586,
,,,,,,5.835928547360768e+16,,130,25399,1.5523097515106201,0.31729722023010254,
0.641477644443512,123.29219055175781,5.370769023895264,32.65085220336914,0.1644909381866455,1.5589008331298828,5.847416725884109e+16,,130,25449,0.9377347230911255,0.28606128692626953,
0.511738657951355,103.29147338867188,3.0430500507354736,14.270530700683594,0.2132401466369629,1.9541224241256714,5.85890490440745e+16,,130,25499,1.3556828498840332,0.3056296110153198,
,,,,,,5.870392653434061e+16,,131,25549,4.198080539703369,0.34697210788726807,
0.8476239442825317,195.52903747558594,11.743656158447266,72.63936614990234,0.16167068481445312,1.179768443107605,5.881880831957402e+16,,131,25599,2.6537833213806152,0.2994992733001709,
0.642427384853363,144.541259765625,4.924307823181152,23.81377410888672,0.20678400993347168,1.5565961599349976,5.893369010480742e+16,,131,25649,1.5568013191223145,0.4254446029663086,
1.3160158395767212,214.00531005859375,13.680519104003906,60.64155960083008,0.22559642791748047,0.7598692774772644,5.904856759507354e+16,,131,25699,4.452216148376465,0.3617115020751953,
,,,,,,5.916344938030694e+16,,132,25749,1.5853675603866577,0.3068387508392334,
0.7580856680870056,167.7440643310547,8.065552711486816,50.079837799072266,0.16105389595031738,1.3191120624542236,5.927833116554035e+16,,132,25799,1.8618816137313843,0.28284144401550293,
0.5897169709205627,140.26795959472656,4.511312484741211,21.26460075378418,0.21215128898620605,1.6957287788391113,5.939321295077376e+16,,132,25849,1.6327040195465088,0.43853771686553955,
0.4572763442993164,105.56755828857422,3.265195369720459,14.446574211120605,0.22601866722106934,2.186861515045166,5.950809044103987e+16,,132,25899,1.5905081033706665,0.24451136589050293,
,,,,,,5.962297222627328e+16,,133,25949,1.1676299571990967,0.20444583892822266,
0.7600181698799133,192.8839874267578,9.104909896850586,53.37255859375,0.1705915927886963,1.3157579898834229,5.973785401150669e+16,,133,25999,1.6159870624542236,0.2865372896194458,
0.5398503541946411,104.52571105957031,3.293854236602783,14.89247989654541,0.2211756706237793,1.852365255355835,5.98527315017728e+16,,133,26049,1.29681396484375,0.26748061180114746,
0.5969415307044983,125.14559173583984,4.995193958282471,22.337993621826172,0.223618745803833,1.675205945968628,5.996761328700621e+16,,133,26099,2.5916943550109863,0.4037926197052002,
,,,,,,6.008249507223962e+16,,134,26149,0.6394848823547363,0.2712630033493042,
0.7367287278175354,181.1565399169922,8.94366455078125,55.946224212646484,0.15986180305480957,1.3573517799377441,6.019737256250573e+16,,134,26199,2.012272834777832,0.23152220249176025,
0.702713668346405,140.6576385498047,5.11048698425293,24.470361709594727,0.20884394645690918,1.4230546951293945,6.031225434773914e+16,,134,26249,2.5294229984283447,0.2514760494232178,
0.5754269361495972,138.39324951171875,5.645485877990723,27.66344451904297,0.20407748222351074,1.7378400564193726,6.042713613297254e+16,,134,26299,3.0198957920074463,0.23656654357910156,
,,,,,,6.054201791820595e+16,,135,26349,1.0786406993865967,0.2506164312362671,
0.7407493591308594,155.51235961914062,7.1775054931640625,48.232322692871094,0.14881110191345215,1.3499842882156372,6.065689540847206e+16,,135,26399,1.0100617408752441,0.1601390838623047,
0.7478395104408264,140.57205200195312,4.73823881149292,22.840635299682617,0.20744776725769043,1.3371853828430176,6.077177719370547e+16,,135,26449,2.2315738201141357,0.34402573108673096,
0.7388669848442078,158.08450317382812,7.202491760253906,34.67292022705078,0.20772671699523926,1.3534234762191772,6.088665897893888e+16,,135,26499,1.2443736791610718,0.32529890537261963,
,,,,,,6.100153646920499e+16,,136,26549,0.83200603723526,0.1746584177017212,
0.7270767092704773,166.6771240234375,8.252473831176758,60.683712005615234,0.13599157333374023,1.375370740890503,6.11164182544384e+16,,136,26599,1.6369483470916748,0.3022574186325073,
0.8087037801742554,146.07240295410156,5.943991661071777,29.77763557434082,0.19961261749267578,1.2365467548370361,6.123130003967181e+16,,136,26649,1.6283109188079834,0.21784067153930664,
0.8139769434928894,159.84524536132812,8.964543342590332,44.118324279785156,0.20319318771362305,1.2285360097885132,6.134617752993792e+16,,136,26699,3.7120330333709717,0.3924480676651001,
,,,,,,6.146105931517133e+16,,137,26749,1.7320754528045654,0.3671889305114746,
0.9397383332252502,192.56973266601562,12.60940933227539,62.35499572753906,0.20221972465515137,1.0641260147094727,6.157594110040474e+16,,137,26799,2.2409489154815674,0.27122294902801514,
1.024254560470581,170.95797729492188,8.78903579711914,40.761322021484375,0.2156219482421875,0.9763197898864746,6.169082288563814e+16,,137,26849,1.1031752824783325,0.2431166172027588,
1.2344677448272705,193.39430236816406,12.371931076049805,58.314056396484375,0.21216034889221191,0.810065746307373,6.180570037590426e+16,,137,26899,1.067291259765625,0.13154685497283936,
,,,,,,6.192058216113766e+16,,138,26949,1.0716480016708374,0.24981319904327393,
1.0456403493881226,173.11680603027344,10.984437942504883,67.71271514892578,0.16222119331359863,0.9563517570495605,6.203546394637107e+16,,138,26999,2.0460128784179688,0.2664048671722412,
1.9534852504730225,237.6412811279297,24.839941024780273,105.97782135009766,0.23438811302185059,0.5119056105613708,6.215034143663718e+16,,138,27049,2.405210494995117,0.2616046667098999,
3.1872658729553223,197.70578002929688,24.621171951293945,117.27388000488281,0.2099459171295166,0.3137485384941101,6.226522322187059e+16,,138,27099,2.070420980453491,0.22266387939453125,
,,,,,,6.2380105007104e+16,,139,27149,3.6286351680755615,0.2646760940551758,
1.2855513095855713,205.51759338378906,17.386367797851562,96.43659210205078,0.18028807640075684,0.7778763771057129,6.249498249737011e+16,,139,27199,1.0947405099868774,0.3179957866668701,
0.5796494483947754,69.06615447998047,1.9947969913482666,9.342089653015137,0.21352791786193848,1.7251806259155273,6.260986428260352e+16,,139,27249,0.8632745146751404,0.2569999694824219,
0.6507092714309692,70.05979919433594,2.009793758392334,9.090972900390625,0.22107577323913574,1.5367846488952637,6.272474606783693e+16,,139,27299,0.7181746959686279,0.26860475540161133,
,,,,,,6.283962785307034e+16,,140,27349,2.1001341342926025,0.31873273849487305,
1.5426088571548462,214.32583618164062,18.019380569458008,118.91399383544922,0.15153288841247559,0.6482524275779724,6.295450534333645e+16,,140,27399,1.049386978149414,0.2748345136642456,
2.965247631072998,139.80929565429688,14.065874099731445,70.0252456665039,0.2008686065673828,0.33723998069763184,6.306938712856986e+16,,140,27449,1.8361502885818481,0.3157738447189331,
,,,,,,6.318426891380326e+16,,141,27499,0.9961059093475342,0.34443092346191406,
2.047856092453003,172.98606872558594,16.334980010986328,105.01046752929688,0.15555572509765625,0.4883155822753906,6.329914640406938e+16,,141,27549,1.556699275970459,0.2749762535095215,
2.32483172416687,167.26026916503906,14.197366714477539,67.24052429199219,0.21114301681518555,0.43013864755630493,6.341402818930278e+16,,141,27599,1.1944348812103271,0.40385985374450684,
2.8509562015533447,169.22738647460938,23.23749542236328,98.7354507446289,0.2353510856628418,0.35075950622558594,6.352890997453619e+16,,141,27649,1.6738414764404297,0.3634183406829834,
,,,,,,6.36437874648023e+16,,142,27699,2.122110366821289,0.2769432067871094,
1.6386561393737793,210.3864288330078,20.96936798095703,100.2143325805664,0.2092452049255371,0.6102561950683594,6.375866925003571e+16,,142,27749,1.7050542831420898,0.26398372650146484,
0.70650714635849,67.29582214355469,2.2781503200531006,9.283706665039062,0.2453923225402832,1.4154138565063477,6.387355103526912e+16,,142,27799,2.002920150756836,0.3563321828842163,
1.2344086170196533,170.0097198486328,10.030691146850586,36.503173828125,0.27478957176208496,0.810104489326477,6.398842852553523e+16,,142,27849,1.2031841278076172,0.23421859741210938,
,,,,,,6.410331031076864e+16,,143,27899,2.878201723098755,0.1988769769668579,
1.5364649295806885,236.84112548828125,21.789575576782227,145.28060913085938,0.14998269081115723,0.6508446931838989,6.421819209600205e+16,,143,27949,1.344138264656067,0.27400803565979004,
1.5204176902770996,192.47882080078125,14.647972106933594,55.19306182861328,0.2653951644897461,0.6577140092849731,6.433307388123546e+16,,143,27999,2.2056996822357178,0.28322553634643555,
2.137202024459839,211.5896453857422,18.111736297607422,62.03403091430664,0.2919645309448242,0.4679014980792999,6.444795137150157e+16,,143,28049,4.602261066436768,0.4169807434082031,
,,,,,,6.456283315673498e+16,,144,28099,0.96314537525177,0.2753727436065674,
1.370802879333496,173.4642333984375,16.852224349975586,83.16627502441406,0.20263290405273438,0.7294994592666626,6.467771494196838e+16,,144,28149,1.7159826755523682,0.24074149131774902,
1.314734697341919,199.38441467285156,16.970293045043945,74.21183013916016,0.22867369651794434,0.7606097459793091,6.47925924322345e+16,,144,28199,2.2331552505493164,0.24099230766296387,
0.8464990258216858,102.16050720214844,4.252528190612793,21.054166793823242,0.2019803524017334,1.1813362836837769,6.49074742174679e+16,,144,28249,1.208693027496338,0.21409082412719727,
,,,,,,6.502235600270131e+16,,145,28299,1.1388001441955566,0.23973536491394043,
0.5453616976737976,89.18900299072266,3.3086397647857666,20.865068435668945,0.15857315063476562,1.8336453437805176,6.513723349296742e+16,,145,28349,1.4842904806137085,0.17432713508605957,
0.4551066756248474,69.98832702636719,1.180929183959961,5.944940567016602,0.19864439964294434,2.197287082672119,6.525211527820083e+16,,145,28399,2.905620574951172,0.3626723289489746,
0.4519619643688202,60.998531341552734,1.023200511932373,4.40907621383667,0.23206686973571777,2.212575674057007,6.536699706343424e+16,,145,28449,0.940416693687439,0.3066202402114868,
,,,,,,6.548187884866765e+16,,146,28499,1.004529595375061,0.17646849155426025,
0.8655979633331299,200.51795959472656,11.021772384643555,62.653202056884766,0.1759171485900879,1.1552706956863403,6.559675633893376e+16,,146,28549,2.2911882400512695,0.31612706184387207,
0.6827914118766785,190.56930541992188,8.398909568786621,42.41415023803711,0.19802141189575195,1.4645761251449585,6.571163812416717e+16,,146,28599,1.1443519592285156,0.21836650371551514,
0.6232658624649048,121.20866394042969,4.499947547912598,21.623586654663086,0.20810365676879883,1.6044516563415527,6.582651990940058e+16,,146,28649,1.128039002418518,0.3404083251953125,
,,,,,,6.594139739966669e+16,,147,28699,1.5223098993301392,0.35031771659851074,
1.09226393699646,274.52008056640625,19.852031707763672,124.05960083007812,0.160020112991333,0.9155296087265015,6.60562791849001e+16,,147,28749,1.6558083295822144,0.2461644411087036,
1.5382459163665771,238.140625,15.62868881225586,71.54508972167969,0.2184453010559082,0.6500911116600037,6.61711609701335e+16,,147,28799,1.3804107904434204,0.23264527320861816,
1.4125685691833496,251.73681640625,21.301864624023438,98.113525390625,0.21711444854736328,0.7079302668571472,6.628603846039962e+16,,147,28849,1.4916881322860718,0.13853132724761963,
,,,,,,6.640092024563302e+16,,148,28899,0.8918054103851318,0.24326419830322266,
0.8872562646865845,260.0702209472656,15.115726470947266,85.8109359741211,0.17615151405334473,1.1270700693130493,6.651580203086643e+16,,148,28949,2.2472290992736816,0.28665971755981445,
0.7453212141990662,164.91876220703125,6.205804824829102,28.5360050201416,0.21747279167175293,1.3417034149169922,6.663068381609984e+16,,148,28999,1.683689832687378,0.2028566598892212,
0.9468753933906555,214.92352294921875,11.679960250854492,56.74090576171875,0.20584726333618164,1.056105136871338,6.674556130636595e+16,,148,29049,1.7809802293777466,0.2596156597137451,
,,,,,,6.686044309159936e+16,,149,29099,7.098611831665039,0.3087503910064697,
1.2746942043304443,289.267822265625,22.200580596923828,136.8119354248047,0.16227078437805176,0.784501850605011,6.697532487683277e+16,,149,29149,1.7296199798583984,0.33173227310180664,
1.9442297220230103,263.4512023925781,21.306236267089844,106.1303482055664,0.20075535774230957,0.5143424868583679,6.709020236709888e+16,,149,29199,0.927636981010437,0.2547045946121216,
2.0525078773498535,262.0166320800781,21.445926666259766,100.67223358154297,0.2130272388458252,0.48720884323120117,6.720508415233229e+16,,149,29249,0.8973778486251831,0.2661585807800293,
,,,,,,6.73199659375657e+16,,150,29299,0.9967852830886841,0.28710687160491943,
0.9131332635879517,253.4166717529297,15.864542007446289,104.07654571533203,0.15243148803710938,1.095130443572998,6.743484342783181e+16,,150,29349,1.0110687017440796,0.272310733795166,
0.7678593397140503,153.77777099609375,5.736311912536621,27.54830551147461,0.20822739601135254,1.3023219108581543,6.754972521306522e+16,,150,29399,4.507832050323486,0.34213435649871826,
,,,,,,6.766460699829862e+16,,151,29449,1.1346631050109863,0.3354504108428955,
0.6099655628204346,133.07920837402344,5.629620552062988,34.79787063598633,0.16178059577941895,1.6394368410110474,6.777948448856474e+16,,151,29499,1.6065665483474731,0.2638225555419922,
0.4233688712120056,65.7592544555664,0.9754106998443604,4.80971097946167,0.20280027389526367,2.362006425857544,6.789436627379814e+16,,151,29549,1.5587211847305298,0.4198300838470459,
0.4622499346733093,65.13507080078125,1.0991523265838623,5.500100612640381,0.19984221458435059,2.1633317470550537,6.800924805903155e+16,,151,29599,1.874894618988037,0.3473536968231201,
,,,,,,6.812412984426496e+16,,152,29649,2.6187615394592285,0.2683295011520386,
0.709433913230896,194.24522399902344,9.858430862426758,62.80740737915039,0.15696287155151367,1.4095746278762817,6.823900733453107e+16,,152,29699,2.3425352573394775,0.25354504585266113,
0.43490326404571533,65.51608276367188,1.0016279220581055,4.677013397216797,0.21415972709655762,2.2993619441986084,6.835388911976448e+16,,152,29749,0.8797315955162048,0.3419128656387329,
0.4575616419315338,74.67249298095703,1.314199447631836,6.455190658569336,0.20358800888061523,2.185497760772705,6.846877090499789e+16,,152,29799,1.3061538934707642,0.24311935901641846,
,,,,,,6.8583648395264e+16,,153,29849,1.729914665222168,0.19276690483093262,
0.8722661733627319,248.85800170898438,15.449529647827148,93.92832946777344,0.16448211669921875,1.1464390754699707,6.869853018049741e+16,,153,29899,1.2585500478744507,0.28129732608795166,
0.4383118152618408,68.90006256103516,1.074617624282837,5.166141986846924,0.20801162719726562,2.2814807891845703,6.881341196573082e+16,,153,29949,1.1720645427703857,0.2582113742828369,
0.4039997160434723,66.62527465820312,1.147049903869629,5.452917098999023,0.21035528182983398,2.4752492904663086,6.892828945599693e+16,,153,29999,1.6053473949432373,0.35385870933532715,
,,,,,,,6.892828945599693e+16,153,29999,,,0.05648179352283478
