condition,n_pred_cells,n_true_cells,mean_pcc,mean_spearman,delta_pcc,delta_spearman
AAMP,2000,76,0.9935958305926196,0.9580113950252657,0.2549213672332547,0.10049762314128753
AARS,2000,38,0.9829002084504802,0.900573002212638,0.6064271940721242,0.42226748507766887
ABCE1,2000,177,0.9837462770183572,0.9273882125895889,0.6699076254839478,0.41566662505674357
ABCF1,2000,159,0.9945071702422748,0.9646134364788722,0.4840237160167311,0.23943317832016814
ABT1,2000,92,0.9946872199575946,0.9705004212186663,0.5181868787671503,0.12516422686915665
ACTB,2000,140,0.9963621152487949,0.980966008487355,0.12394261761559569,0.12276150376598012
ACTR6,2000,104,0.9965244196853598,0.9705268282145183,-0.04991592387447224,-0.06639692323985706
AHCTF1,2000,161,0.9974928056646712,0.9784993975321001,0.2869051780993192,0.24061914651762276
AKIRIN2,2000,144,0.9976557047147773,0.9779816435808402,0.3010691571285763,0.231544938698775
ALDOA,2000,77,0.9919450153538366,0.944786277327281,0.5118116195509282,0.31270411818419386
ALG13,2000,167,0.9980986318970688,0.9830131487104191,0.038942090622196675,0.060576203555279
ANAPC2,2000,237,0.9983429292020801,0.9852132315752408,0.31558654660329055,0.22103979988049546
AP2S1,2000,96,0.9896093082392023,0.9413331375842546,0.3240497990724104,0.1415043447674336
ARGLU1,2000,367,0.9975604883922808,0.9831029828378378,0.08632021707088336,0.03971345461654025
ARL2,2000,70,0.9955598019638904,0.9650400321295142,0.10323621195688157,0.10009371909100245
ATF4,2000,52,0.9952176051418246,0.9567629243165519,0.0974761187589415,0.0513304570001648
ATP6V0B,2000,134,0.9972161144434165,0.9794871182669216,0.30411733932485935,0.18882630964732838
ATP6V1A,2000,89,0.9956554903473089,0.9702124444536824,0.2194442766745482,0.13981520477339027
ATR,2000,133,0.9967551642129677,0.9703039035289636,0.38530097402351576,0.3039909744176308
ATRIP,2000,183,0.9973526340378124,0.9770352328440906,0.3330680716263336,0.26910504426963666
BCAS2,2000,197,0.9927913628618874,0.9574310636945859,0.5474421035702659,0.38735220741542614
BDP1,2000,277,0.9835778749137227,0.9163489142189826,0.4289245854930722,0.23463592153242493
BGLAP,2000,236,0.9977437863502667,0.9845035343218196,0.3502062575480222,0.23367683301617548
BNIP1,2000,107,0.9944632637206299,0.9673226454590383,0.3903348497293134,0.27356535218722655
BRD8,2000,68,0.99322696830944,0.9632950872838482,-0.013295488228775462,0.014676484169182182
BRIX1,2000,95,0.9882652376650337,0.9415466190924074,0.4253172750618203,0.25907837039362225
BUB3,2000,246,0.9972939818386732,0.9808530143922544,0.364296204612932,0.24331754417801033
BYSL,2000,87,0.9926594249981874,0.9622757348678711,0.6117157967506189,0.23986079227147064
CCDC59,2000,100,0.9956037720156307,0.9741026757360738,0.3606111725030419,0.06976566096058408
CCDC84,2000,77,0.9946355048794012,0.9649468805595182,0.24172428488590772,0.21079747598747475
CCNH,2000,75,0.9930843823328743,0.960561751014096,0.32331994491574784,0.160315962483711
CCNK,2000,211,0.997882251354026,0.9851626657466972,0.04098959255395475,0.05232407151646868
CCT4,2000,217,0.9841924252691658,0.9334444745205654,0.3312606384040757,0.27885250972678016
CCT7,2000,141,0.9801287707639261,0.9063624061865744,0.35846402222249335,0.268410952569423
CD3EAP,2000,85,0.9943088280010426,0.965742232638179,0.41165249180979524,0.13592732743507888
CDC123,2000,96,0.9938889977451543,0.960238127672267,0.44906552709688013,0.2948160864223079
CDC5L,2000,77,0.9860961225863303,0.9131043883821418,0.690311368935069,0.5613435297439527
CDC6,2000,153,0.9908478244521581,0.9424875967681862,0.42742817057948396,0.2288371638147518
CDC73,2000,140,0.9839185524871479,0.931885838868619,0.4764787054502674,0.4334355169158191
CENPE,2000,171,0.9969647440711145,0.9782366514281626,0.2633720483376131,0.2043882298184969
CENPK,2000,93,0.9946261890699367,0.9560048727636543,0.5934485945237746,0.46511354381496256
CEP192,2000,184,0.997481229823839,0.9802656792176698,0.3401499145412339,0.2539239408257992
CHCHD4,2000,132,0.9939308667284658,0.9650118418330375,0.5216909431898074,0.38286259149212387
CHD4,2000,33,0.9917720402531318,0.9346247065000864,0.11569840770750066,0.0868213128612809
CHEK1,2000,205,0.9929369546779595,0.9652290807941595,0.25916604370000346,0.28091140310214874
CHMP1A,2000,71,0.9947423161687792,0.9667682607223161,0.18959912295232262,0.15165312264233008
CHMP2A,2000,61,0.9913624780268477,0.9445835982176244,0.40021969298812193,0.3285270894156473
CINP,2000,73,0.9961568273270215,0.9701504358832911,0.13798665147544398,0.07706065473919718
CKAP5,2000,159,0.9974206768841706,0.9792240105324302,0.32176555872360163,0.2538087352085194
CLNS1A,2000,46,0.9925274132471386,0.9508273396233986,0.31712571113820415,0.2827340296955424
CLP1,2000,51,0.9942068429718665,0.9568755567879869,0.19042184573546522,0.12066385984473188
CMTR1,2000,138,0.9886680452620389,0.978180283261281,0.4753527546683801,-0.021452217892898768
CNOT2,2000,64,0.99278093314131,0.9592297576735198,0.2923004766808039,0.15187360002895695
CNOT3,2000,303,0.9891857060665871,0.9570247760688185,0.32494136757579084,0.2086421884745814
COPB1,2000,56,0.9763359995347612,0.859083994417099,0.5064818510453789,0.31576823521318365
COPS2,2000,44,0.9906771640340549,0.9314868439765556,0.21383770808826566,0.16917329392784214
COPS4,2000,253,0.9956272350634874,0.9715067154261734,0.2806979443544392,0.2287188586890785
COX11,2000,103,0.9976830717343912,0.977510915302104,0.17746480530584072,0.1402379811593209
COX17,2000,129,0.997971315277565,0.9786029796742874,0.2645646106904794,0.17509107939506152
COX7C,2000,154,0.9981295354142572,0.9813683688371707,0.43235479294582,0.2894695851495808
CPSF1,2000,48,0.9915762358976,0.943218347442441,0.22506166135343142,0.1541736560586249
CPSF3,2000,575,0.9930300173887738,0.9719589995908183,0.28541997483562787,0.23032112196081295
CPSF4,2000,57,0.9862195344702673,0.9315179179073515,0.3205224977942699,0.27210626625783035
CPSF6,2000,43,0.9822538161736917,0.9105894533889588,0.2790207525576766,0.1567746444669994
CSE1L,2000,373,0.9783662110740877,0.9021381783412638,0.4428295145843234,0.3107761892341993
CSNK1A1,2000,131,0.9971295814314546,0.9756224974373122,0.16166046817016622,0.10602150850194483
CSNK2B,2000,103,0.9923194223877212,0.9513227008372616,0.2148494401850188,0.16068022800190207
CSTF3,2000,59,0.9909056347999113,0.9457091886010434,0.3134289346905387,0.21233494302941397
CTR9,2000,197,0.9824314774389011,0.9279182664403165,0.42480178354882797,0.41747749021378494
CUL2,2000,84,0.995527833495756,0.9688456342155226,0.16098368968789956,0.07403374965349341
CUL7,2000,33,0.9876353079210656,0.9115789592268513,0.4205146806418331,0.2618769550110161
CWC15,2000,144,0.9902012364784604,0.938766582139704,0.6496548673911035,0.5891091623463292
CWC22,2000,28,0.9788443983179518,0.8719334470065443,0.5837159956346857,0.47187656789745647
CWF19L2,2000,187,0.9949312888809331,0.9701149472633144,0.5223495551466565,0.4275914250644852
CXXC1,2000,115,0.992412188225814,0.9704085030159596,0.10703445576417106,0.0572011116511751
CYCS,2000,162,0.9971903990558556,0.9823634021559906,0.24999873046952678,0.1966355226376747
DAD1,2000,71,0.9928393039974951,0.9661055942392944,-0.006125069795082432,0.038578585931486
DAP3,2000,141,0.9975417146299359,0.9805477485006305,0.3268671148698404,0.18769286295096246
DARS,2000,60,0.9872225095695395,0.913783027205906,0.5828876483446712,0.36758435854219945
DDB1,2000,85,0.9954063723579274,0.9670118302111554,0.30589980335986083,0.1670564147659257
DDX10,2000,97,0.9935368782318184,0.9613721415072987,0.6058160868087954,0.2553858337729736
DDX18,2000,112,0.9887430044548035,0.9537217936157428,0.7159970982473902,0.45345227721432874
DDX23,2000,126,0.9913155411119089,0.9437144824272877,0.583550066578446,0.46803579907214826
DDX41,2000,259,0.9896746753342703,0.9386893636614256,0.7085954794600869,0.6986109895966958
DDX46,2000,132,0.9862283758024767,0.9296708205026202,0.4612407474102354,0.37549937348096013
DDX47,2000,313,0.9899943325287899,0.9653465103596903,0.6945987404480418,0.42545141046841334
DDX5,2000,130,0.9973049676967299,0.9794316954373552,0.03253649112631075,0.05273754141178831
DDX52,2000,106,0.9934731579245717,0.9673381624366565,0.6008176563105262,0.2181246520178135
DDX55,2000,150,0.9967301816397799,0.9787571407083245,0.1422323211428675,0.0863705934258424
DDX59,2000,152,0.9980864160786563,0.982001597318651,0.20179992688398848,0.15854451728734525
DENR,2000,228,0.997923585830583,0.9851025111326787,0.14237499827975159,0.13716393283133613
DHX16,2000,305,0.9906063405857907,0.9418844129354493,0.6874228133631095,0.6301615724084934
DHX33,2000,127,0.9965903780020642,0.9811349645123717,0.2410599528519438,0.10204759813974414
DHX36,2000,248,0.9953899142973838,0.9808852409317746,0.14425329167572823,0.10910602308725031
DHX37,2000,202,0.9951130937566056,0.9785789505188076,0.580487154923291,0.20180887870607203
DIS3,2000,40,0.9878713567846285,0.926056717867586,0.5352817479236248,0.24388942928459462
DKC1,2000,51,0.9931463793917515,0.9568215082307395,0.4250288571052662,0.1259899638797604
DLD,2000,283,0.9878843527744049,0.9482870586299331,0.3704666719846366,0.2643210594825235
DMAP1,2000,71,0.9850439744036309,0.9356060442093422,0.25119838534371913,0.18915995445682796
DNAJC17,2000,30,0.9873956784272032,0.9139110264698153,0.6475560777119689,0.5444480151806377
DNAJC8,2000,260,0.9987058008430957,0.9881076731415132,0.1312726098772068,0.10127848323395268
DNM1L,2000,144,0.9975210967738684,0.9812303479960495,0.28121792357192676,0.17727034667776437
DNMT1,2000,146,0.9968407685190301,0.9779135627260421,-0.058661982773247495,-0.034963214898655774
DNTTIP2,2000,235,0.9904175227628634,0.9620699454168351,0.7030207541696183,0.41566291890114815
DR1,2000,103,0.997362184132422,0.9769191828911566,0.07052001293384348,0.07923667435649559
DSN1,2000,234,0.995607050980846,0.9764603234227787,0.5253185809356982,0.37653320163345444
DTL,2000,87,0.9940999854062533,0.9691307813409051,0.35071504106874524,0.21703823545461265
DUT,2000,46,0.9915193514176163,0.9435482289135985,0.31065235410197944,0.15718636515373763
DYNC1H1,2000,217,0.997259753959899,0.9816921607275133,0.4232438384653623,0.30052094318226485
DYNC1I2,2000,239,0.9966919637691964,0.9807065740908847,0.4604731783039662,0.30536096796051493
EBNA1BP2,2000,68,0.9928019894471389,0.9572127407976544,0.48292994347180945,0.3095602337391023
ECD,2000,69,0.9950510007924759,0.9616960496929295,0.48661789020902946,0.3773652542747505
EEF2,2000,196,0.9894558889257764,0.9671915296904812,0.30819455315897637,0.1212189101728433
EIF1AX,2000,95,0.9929545692338811,0.961498593038256,0.5184563428498725,0.3495885095779324
EIF2B1,2000,162,0.9939764146509945,0.9623017298916473,0.5611884445515103,0.3915075467112658
EIF2B5,2000,412,0.9879468675458428,0.9332555953602855,0.6674006148620315,0.4955874782942571
EIF2S1,2000,208,0.9769710178962409,0.9027381578405392,0.7007587954192032,0.5441387531917409
EIF2S2,2000,76,0.9868085961368763,0.9301800396541953,0.4928822769415893,0.32749127532197114
EIF2S3,2000,46,0.9727979930710878,0.880353230363747,0.6431833742667427,0.4482233173417796
EIF3B,2000,23,0.9750067142536647,0.8680588078465664,0.5508445760250753,0.3675972434228975
EIF3CL,2000,44,0.9842146876441129,0.9086986086744279,0.4367721305298395,0.22193919354738634
EIF3D,2000,144,0.9812116288078122,0.9201388553123859,0.570983183948425,0.45690275427318133
EIF3E,2000,171,0.9839601701332239,0.9324510298272441,0.5002204986912596,0.39328832994134816
EIF3I,2000,44,0.981571250922478,0.8972277079311498,0.6023402026726931,0.39997010917965425
EIF3J,2000,72,0.9967149892366565,0.971429976148206,0.26440492944522764,0.15266075472357735
EIF3M,2000,209,0.9908871216067233,0.9403207354844878,0.6491596607683829,0.4416400433987507
EIF4E,2000,324,0.9884224971549032,0.9363748953000689,0.5334727051163763,0.28897626085565614
EIF4G2,2000,205,0.9961072156531832,0.9809827432200183,0.438075404932466,0.2892095472920808
EIF5,2000,94,0.9939884961311348,0.9656534047039662,0.35723616653862983,0.26255382768038005
EIF6,2000,107,0.993662747748018,0.9690676807919971,0.34851217186205957,0.16574637510820647
ERCC2,2000,116,0.9944068796189901,0.9673634147636744,0.21910997175370703,0.11847054600291791
ESF1,2000,121,0.9950027948121717,0.9759201792830594,0.3680425721575614,0.12047426793771294
ETF1,2000,40,0.9876302802639411,0.910534644841681,0.6343710605418839,0.45123619657849207
EXOC7,2000,32,0.9890621913603764,0.9191182137476964,0.3917010567249936,0.21538377152933808
EXOSC10,2000,77,0.9962808761961677,0.9755226456656297,0.39593837901753626,0.1194294181780696
EXOSC2,2000,209,0.9877083954839332,0.9424277773394915,0.6112687026775954,0.3324460542368891
EXOSC3,2000,44,0.9840363528521506,0.9195641266550943,0.5368541837606262,0.2390981918135217
EXOSC7,2000,84,0.9939844025491585,0.9547627387212577,0.3518311167126707,0.19038811617792745
FAM136A,2000,40,0.973845842274831,0.8967180835661972,0.19750505225340334,0.12269158066637008
FAM32A,2000,332,0.9903493621284088,0.9412911084670993,0.6357037097865265,0.5538209620171949
FARSA,2000,128,0.9877195771100733,0.9276246173328234,0.6045207802975516,0.413555988243557
FBL,2000,124,0.9883083099369713,0.9507057409514401,0.68691195635162,0.4613843706737416
FBXO5,2000,233,0.9983894615344675,0.9862169057932826,-0.0009172657382027199,0.009050273611301889
FTSJ3,2000,153,0.9912409116182752,0.9548470658685086,0.44983660064806347,0.3413182730709959
GARS,2000,148,0.9916048625773058,0.9623942008952444,0.07525147050980856,0.03314684116836048
GBF1,2000,155,0.9896308036186013,0.9556668925295341,0.5138270763807484,0.41073917171114577
GFER,2000,198,0.9973416902669231,0.9811713203311663,0.21358267143905738,0.17863687557691185
GFM1,2000,230,0.9977995839315562,0.9840310880589904,0.3899412960850251,0.19972721057125012
GINS2,2000,130,0.9931332680645255,0.9668251641661407,0.36161256557624954,0.2103065875222577
GINS3,2000,98,0.99563260286254,0.9716608481032772,0.25209686221307115,0.1379858741549034
GLE1,2000,54,0.9943005333665211,0.9578727637135358,0.331425413679153,0.2415731667896273
GMPS,2000,94,0.9961405375018806,0.9695016623086,0.1342539271148857,0.07360510019620009
GNL3,2000,29,0.9902079399812788,0.9344768915514051,0.3387958009801294,0.16584295882298192
GNL3L,2000,66,0.9955757063861592,0.9645345162659795,0.2987881740509257,0.1731240691745046
GPN1,2000,76,0.9862236780464964,0.9294713473195111,0.5662416716806379,0.40969651818005465
GPN2,2000,42,0.9854729352319254,0.9199582015744624,0.39329606212095747,0.2535608181876048
GPN3,2000,250,0.9857356881934013,0.9325018339814741,0.6330735953432813,0.47327047302606334
GRB2,2000,53,0.9955806558371115,0.9619297659439946,0.08484376407271293,0.0776828877401411
GRSF1,2000,146,0.9976496856306298,0.9818960126671861,0.23221319092952594,0.1288907054644809
GTF2B,2000,34,0.9912063255553119,0.9364356457228777,0.33433434570747717,0.21823724433658975
GTF2E1,2000,176,0.9957820683735475,0.974485179860244,0.3402441488362934,0.2394711186224372
GTF2F2,2000,52,0.9887269976652013,0.9328214395600588,0.3813315249881291,0.2590531375022553
HARS2,2000,62,0.9873549386736722,0.9313120372794086,0.31963968694887546,0.19881897113425986
HAUS5,2000,153,0.9976284678645848,0.9816178043877937,0.2403510514951038,0.20009495124754637
HBS1L,2000,120,0.9846220667455376,0.943273141808571,0.6424426420907795,0.4720974368646565
HDAC7,2000,148,0.9933746018010483,0.9663073398004733,0.3713461325806992,0.22767994572424344
HEATR1,2000,216,0.9888396896849897,0.9617622500688482,0.5959164422870239,0.31578546603287083
HGS,2000,96,0.9877457723418869,0.9268103349301815,0.556619572092176,0.406612161310277
HMGCS1,2000,216,0.99576132385364,0.9757586948320379,0.3997403975732644,0.3386055385912025
HNRNPH1,2000,92,0.9939193904831183,0.964263922938335,0.151392205038621,0.12190280197973885
HNRNPM,2000,128,0.9960123515314206,0.9732926730000375,0.26961836269443906,0.19935568408505144
HSCB,2000,85,0.9967381262750955,0.9728037010174466,0.1352340232180375,0.08162268279989418
HSPA5,2000,202,0.9696211083372869,0.9344811332685129,0.5843043572706369,0.5958810430319081
HSPA8,2000,146,0.9870828556333309,0.9594732882910573,0.21500053934647012,0.2560378492006823
HSPA9,2000,374,0.9793268018900538,0.9121606314948597,0.7179412772499923,0.5141547388999077
HSPE1,2000,25,0.9856016621904953,0.9150008528879503,0.46006770642004063,0.29799565504107745
IARS,2000,45,0.9899725734795727,0.9276008834547773,0.5129259494596553,0.3285298604296787
ICE1,2000,319,0.9862845222294845,0.927206147695963,0.658396907666664,0.6040537899952902
IGBP1,2000,245,0.9915293823102307,0.9501464941158194,0.5068264685338748,0.32450073529496154
IK,2000,123,0.993379541720833,0.9581973116825603,0.5657436036639836,0.4665050644122355
ILF2,2000,53,0.9945355392674453,0.9636705464624914,0.007405855836123055,0.014716550285596089
IMPDH2,2000,70,0.9938805703369283,0.966102644162381,0.07418740245789855,0.04736630588365602
INO80B,2000,115,0.9960412000075624,0.9736465920609856,-0.003412545128307279,-0.007254495935855327
INTS3,2000,103,0.9876538797698344,0.9371413653642512,0.3578560948145667,0.3311314647251548
INTS4,2000,47,0.9869006321416047,0.9170455012430636,0.5970115785468407,0.47466319544752006
INTS9,2000,222,0.9898660539167954,0.9426652312892576,0.6368121640903394,0.5290078924985778
IPO9,2000,173,0.9980247637339446,0.9824611880135671,0.13975147560378257,0.1014535452395257
ISCU,2000,32,0.9911249209705523,0.9287553360742935,0.46294984759295316,0.2910553657148793
ISG20L2,2000,72,0.9932654552744165,0.957597143561886,0.37376232630931366,0.21031789238012236
KANSL1,2000,41,0.9895401282742212,0.9309171167239461,0.24556060564107807,0.1716126025728345
KARS,2000,45,0.9927559415746471,0.9439754016016808,0.4514262493409658,0.3074233584785773
KAT8,2000,254,0.9952183104150469,0.9735960641478921,0.07362261203825014,0.06783950033620458
KIF20A,2000,95,0.9945504243764594,0.9710102135626345,0.04606855242778826,0.05962047167152592
KPNB1,2000,214,0.9879203757409152,0.9297981373979687,0.5748254946950738,0.41111357053165437
KRI1,2000,51,0.9916350508936609,0.9531865116508473,0.5341039126982471,0.17509866662711054
KRR1,2000,398,0.9919158973724338,0.9771510142027013,0.6096476359317526,0.25814958014542966
LAS1L,2000,75,0.9953529081551487,0.9706639865588034,0.09462020697781,0.0379409614881118
LETM1,2000,110,0.9963224817003454,0.9763205581523344,0.3901635460049711,0.23781438901005475
LSG1,2000,106,0.9942196256833044,0.966679749812245,0.46230836175633877,0.26096587669452487
LSM3,2000,64,0.990327586959851,0.9337536498455762,0.5153822798753885,0.4183240702075891
LSM4,2000,68,0.9866453092020656,0.9102581546448849,0.6158450570478345,0.4824527707836393
LSM5,2000,139,0.9870207024283657,0.9279869192130387,0.4864661661838646,0.367232792788097
LSM6,2000,423,0.9876652769263227,0.9219512389991357,0.6752923669255352,0.5426598744415276
LSM7,2000,126,0.9906536851740401,0.9411210328211437,0.5606638942189945,0.44719283753773376
MAD2L1,2000,103,0.9956681455843492,0.9674877675629512,0.24692788710129066,0.1995766438581614
MAK16,2000,183,0.993755467201906,0.9712850272940804,0.5010219564161905,0.33388171829524194
MARS,2000,81,0.9885177956553474,0.9310514845364682,0.5886896760260915,0.3838782278753715
MAX,2000,161,0.9847546291261157,0.948814831818543,0.3527951502134902,0.20455477040630857
MCM2,2000,114,0.9954405883360664,0.9679513852610113,0.3976256022693585,0.21551308233129898
MCM3,2000,104,0.9955833313085268,0.9670513336495448,0.24108655206838053,0.09969062273539021
MCM3AP,2000,100,0.9948047120355326,0.9675063378494647,0.1505804266800554,0.09962976493314962
MCM4,2000,69,0.9944317413887738,0.9597713142434106,0.17886177017932453,0.08965893031941845
MCM6,2000,84,0.9953140936802007,0.9634369618003414,0.2843654665074783,0.1255520799393496
MED10,2000,454,0.9798161468611551,0.9128373085332456,0.4085115370149114,0.25120827124410205
MED11,2000,227,0.9881351842158246,0.9519551069676765,0.49070557759471406,0.2860899013339878
MED17,2000,143,0.9756169451685578,0.9014798026764509,0.5434882858525226,0.3552429215838925
MED19,2000,526,0.985693648423478,0.9440596796602381,0.57385452720295,0.35145291198778517
MED22,2000,279,0.9790507136364945,0.9163407623972056,0.554983764871686,0.32080695574850665
MED26,2000,99,0.9964623190268435,0.9737583680824239,0.19605309125719142,0.0853557730213155
MED28,2000,66,0.9809197766753226,0.9231338317656774,0.3566581296924793,0.20212870476777844
MED29,2000,86,0.9884917055621834,0.9353215773317413,0.5240181783614551,0.3955754851594566
MED30,2000,283,0.9701544263331274,0.8876355215358963,0.6293904350133126,0.4355364671280417
MED4,2000,56,0.9683432315678535,0.8550135283301887,0.5678505948787265,0.3539879941039423
METAP2,2000,131,0.9955678232967446,0.9741655076906587,0.07646153376579418,0.05977198021714043
MICOS10,2000,83,0.9962778004524945,0.9732898134104168,0.2423566304597399,0.18792397450618917
MIOS,2000,160,0.9980085268880936,0.9816987395360359,0.3149732326159601,0.2070974996545536
MNAT1,2000,79,0.992212150032246,0.9588716969072257,0.2838632679639487,0.18007671606988856
MPHOSPH10,2000,38,0.9874930566643216,0.939225010301572,0.5896350505240568,0.28460931925607397
MRGBP,2000,68,0.9946401257384554,0.9656414957478374,-0.02725314654460711,-0.005507676346420121
MRPL13,2000,72,0.9962698042788471,0.9682123949010566,0.29692121433301266,0.16063237615490614
MRPL14,2000,188,0.9982904708265853,0.984682050775378,0.299703509462708,0.13829826337189238
MRPL17,2000,96,0.9965924485530029,0.9735004799353608,0.39102685630375267,0.16816948397886128
MRPL18,2000,128,0.9968086899019094,0.9772096671737245,0.44468619940423615,0.259897411981798
MRPL3,2000,146,0.9969830492433666,0.9783653007807583,0.37576506678587235,0.12859917388708478
MRPL36,2000,160,0.9969720185139969,0.9806465838833558,0.25762343157689155,0.07749653808203373
MRPL37,2000,100,0.9973972958772458,0.9760070266925833,0.4419905517159651,0.21103848251933247
MRPL38,2000,132,0.9972614866907189,0.9801684264067158,0.2952801115937905,0.138849840453602
MRPL41,2000,66,0.9962905213998494,0.9685907085714449,0.3371575652070537,0.1613795412012473
MRPL43,2000,90,0.9960522166342288,0.9742203860033825,0.3332466526691972,0.16082834614159403
MRPL51,2000,100,0.9964879779467742,0.9746119302541612,0.33882631139804664,0.15633448368787772
MRPL54,2000,112,0.9976463684345894,0.9764359657729368,0.29096872197181317,0.13357516219501522
MRPS11,2000,90,0.9966410330254459,0.9719261622620721,0.3316335996756558,0.18578636961221223
MRPS14,2000,82,0.9914967786331793,0.9635982652767774,0.24477013714784132,0.19045214454020332
MRPS2,2000,93,0.9973641529317565,0.9757286616535147,0.12798130779573544,0.06270136421618414
MRPS21,2000,126,0.9971472295566537,0.9791916237284443,0.23114747284870346,0.10600090416304818
MRPS22,2000,142,0.9981341355573484,0.9807629059354024,0.27438042036185056,0.18019803818209323
MRPS23,2000,108,0.997660088027201,0.9773971788288622,0.2964077294818305,0.16929773307238777
MRPS35,2000,182,0.9977023768588276,0.9814450708369225,0.4040234523465943,0.2660996671941734
MRPS7,2000,101,0.9977380110848448,0.980221184959022,0.2320682494821236,0.11524440446670536
MRPS9,2000,69,0.9965543945627405,0.9692093004147079,0.25023569538241375,0.16120168715290584
MTBP,2000,183,0.9936084551069614,0.964590969503661,0.21695027753583254,0.11292395948338686
MYBBP1A,2000,106,0.993942058493307,0.965722722112226,0.3176092818081339,0.17116018395171936
MYBL2,2000,81,0.9952825496418155,0.9688981235362712,0.3021108224010237,0.19390290931041274
MZT1,2000,381,0.9983199697975498,0.9887601610785709,-0.005873086545472356,0.009527949020076115
NAA10,2000,113,0.9961342385067479,0.9751415883822916,0.05835398232514615,0.019458160893096172
NAA20,2000,158,0.9976228108679498,0.9811376590582684,0.050518941223678976,0.016313080677548126
NACA,2000,315,0.9884125269132658,0.9483464874339064,0.5224250839046091,0.3217451442490719
NAT10,2000,28,0.9871340270541022,0.9384819426959556,0.4696866036735708,0.1462760994322522
NCAPH,2000,64,0.9943376656459136,0.9589489134738006,0.28449176383804947,0.20012708666253953
NCBP1,2000,53,0.9795693610223217,0.9264364018929022,0.3495322628722486,0.1749224900984742
NCBP2,2000,765,0.9848225220820578,0.9508292436799528,0.4801298199809952,0.2417658617098292
NDC80,2000,171,0.9955999083219702,0.9728789686024382,0.5201097039398689,0.35900027514445615
NDUFA2,2000,111,0.9857868470566954,0.9280028682356178,0.5922483750783946,0.48133117186889446
NDUFA8,2000,85,0.9970989100840743,0.9752123140786989,0.18562416837252743,0.11914724024663423
NDUFB4,2000,147,0.9974888014161545,0.979131256915352,0.1933484235468348,0.1379040054581833
NDUFB8,2000,174,0.9981720043032265,0.9836030987765934,0.4223727464025004,0.28939270695450203
NELFA,2000,82,0.9920805366203482,0.9615845343003837,0.21056557679865032,0.08909767428355837
NELFCD,2000,174,0.9962561065095705,0.9798203045862302,0.12947019812975766,-0.02381253718505996
NFRKB,2000,223,0.9967442904595708,0.9816072119580507,-0.06118320669906642,-0.04595516165131405
NFS1,2000,75,0.9951856878597545,0.9622776851239233,0.3107586622910948,0.18339052449913532
NOC3L,2000,73,0.9947833766233011,0.9640154916692144,0.435933063524709,0.25858998530396515
NOL11,2000,219,0.9888726474408236,0.9574929267341806,0.5641682144190184,0.24522091857271622
NOL12,2000,83,0.9955482204163715,0.9686764726823939,0.2878503545608058,0.15148316520336597
NOL8,2000,70,0.9948408532869352,0.9631547599726139,0.4327479499715737,0.24589160369551352
NRBP1,2000,62,0.993127001180528,0.9567562406898493,0.12116007429879441,0.06495856941486594
NRDE2,2000,495,0.9913973277122975,0.9430546723477147,0.5703689711688246,0.41073207610547946
NRF1,2000,71,0.9931135326032183,0.954018950061681,0.053802811429443514,0.022988449974462477
NSRP1,2000,188,0.9931676469404361,0.9518051261916699,0.723459142116212,0.6517615111254008
NUBP1,2000,144,0.997268850736319,0.9789495125506573,0.27992851780653094,0.16650199721162898
NUF2,2000,404,0.9967170774291801,0.9758888614398731,0.6261876543621209,0.43428145170973664
NUMA1,2000,203,0.9928567233105848,0.95879929177941,0.2966210594037235,0.17830907484460723
NUP133,2000,70,0.9953063906146189,0.9618737386975469,0.3426353783011351,0.25291535448595426
NUP160,2000,234,0.984577306212243,0.9124196966139627,0.5244640792460227,0.37932197315884486
NUP54,2000,266,0.991889564716179,0.9569538614323951,0.471217244134844,0.3386884297306071
NUP85,2000,107,0.9949757253847644,0.9656933669511638,0.48843049972741714,0.3596447498582311
NUTF2,2000,44,0.987047989160033,0.9275487608577693,0.45673625733698603,0.3222062773699885
OGFOD1,2000,101,0.9841912631326976,0.9277013782767624,0.16191367937385442,0.06698603629857347
OPA1,2000,53,0.9938039559953603,0.9569431957206898,0.4168099172816277,0.2060817374175009
ORC1,2000,477,0.9956619554913438,0.9711524850761937,0.4034593229052618,0.22584718168650827
OXA1L,2000,305,0.9957275034945033,0.9727114135373727,0.5914432777003233,0.407784964243873
PABPN1,2000,93,0.9852224185988142,0.9244404061424255,0.3443741611390795,0.22188972121316908
PAF1,2000,229,0.9805943884989946,0.9202171287323059,0.4862055941050046,0.4840262046127377
PAM16,2000,43,0.9873815506705967,0.9109891267246183,0.6457396971349615,0.4221348039426708
PAXBP1,2000,114,0.9930062983299794,0.9589925484217847,0.45668545461763715,0.36123047243519407
PCID2,2000,208,0.9984084016660223,0.9861009670377612,0.03371330845163297,0.005092472536146024
PDAP1,2000,38,0.9935904607861006,0.9487429503831304,0.3327316303304892,0.19444168881254476
PDCD2,2000,59,0.9939150055919648,0.9669427798041327,0.38209405390269774,0.02492910449654113
PDCD7,2000,80,0.9936947297586743,0.9540116648787641,0.30549685856662495,0.20755780150312253
PDRG1,2000,111,0.9955681317910711,0.967507326518723,0.3725380506855353,0.23614790811741104
PELP1,2000,60,0.9910668929011903,0.9501106509521446,0.2364287562847995,0.08905310642433084
PET117,2000,80,0.9965234756095398,0.9767957075637256,0.21756467062057933,0.05609220230476755
PFDN2,2000,77,0.9854859066192547,0.9182054289407403,0.5024490720929772,0.31453936425013473
PGAM1,2000,145,0.9977870399169294,0.9798018165029615,0.19640155819824343,0.14048685626223992
PGD,2000,98,0.9936300997271126,0.9643335235973103,0.14022482550187562,0.123024046273509
PHAX,2000,304,0.9940476608451438,0.9634585197606013,0.6022469491678802,0.5021548487769705
PHB2,2000,292,0.9769803309348312,0.9084477387381349,0.6909975658449073,0.49235335157307786
PMPCB,2000,471,0.9939302543285489,0.961914770861396,0.6924958646811188,0.5164308619964987
PNN,2000,64,0.9859338437660227,0.9282817118377629,0.13946890438202034,0.026979153376279166
PNO1,2000,114,0.9907249091507068,0.9623166577460109,0.6470961699511624,0.3034990628724948
POLA1,2000,195,0.9909921440216911,0.9456355174563214,0.37320504225807527,0.20787227129060998
POLA2,2000,212,0.9876793002908081,0.9257860735785735,0.38339601319442734,0.20909869368026215
POLD2,2000,63,0.9906108509692141,0.9452394287680205,0.2552318596507675,0.05794856918813155
POLD3,2000,65,0.9911584109012477,0.9477543118263949,0.17155521639758875,0.041980776230826494
POLR1B,2000,174,0.9865573083872365,0.9584815810174799,0.5212682290924714,0.2590345694460624
POLR1C,2000,161,0.9945261189937249,0.9775063549337204,-0.023635314544350736,-0.041311137128388534
POLR2A,2000,264,0.985207626041046,0.9187620841438289,0.6120760383043857,0.4721986762143667
POLR2D,2000,182,0.9904504040036249,0.9452448688385704,0.588656834152985,0.41553448525241576
POLR2F,2000,209,0.9912569856864494,0.9516659576912937,0.6731050239586936,0.48351431226262015
POLR2G,2000,131,0.9737289518908705,0.891428246069403,0.5555838668899886,0.41758945007736376
POLR2H,2000,80,0.9666421023741794,0.8703611988082551,0.5559152350957552,0.4052344397065291
POLR2I,2000,179,0.9798519317443524,0.9129884599089476,0.6042796694025098,0.5202601730276728
POLR2L,2000,43,0.9914754564084703,0.9476646785033155,0.3251901818503862,0.13850832006346211
POLR3D,2000,108,0.993050594179044,0.9558041569733562,0.3054051314727226,0.20360782120644377
POLR3E,2000,192,0.9975575729516499,0.9809592566696776,0.11488824484392739,0.1216350115278485
POLR3F,2000,156,0.9948616560023426,0.9709295572044667,0.1883074804326063,0.11894909601598284
POLRMT,2000,208,0.9840613057625672,0.9405334953246194,0.6610092188689979,-0.042182968811976126
POP4,2000,116,0.9945651446261239,0.9682880088229749,0.5572825637375514,0.15396314756782592
POP5,2000,50,0.9914133716515315,0.9586857518929979,0.4272696920289865,0.14206978265441045
POP7,2000,196,0.9971446441339135,0.9777927816258905,0.3932436170294824,0.09608047575062935
PPARGC1B,2000,129,0.9975770202124165,0.9809234319858021,-0.06185373639093078,-0.05377130584083705
PPIE,2000,39,0.986499032646677,0.9186881402597993,0.4428127545446604,0.3508129473008717
PPIH,2000,93,0.9961423004341486,0.97062429163146,0.31789005810363546,0.23697366902430692
PPIL4,2000,69,0.9901886816869632,0.93440063262929,0.5602394242532833,0.46953855786497867
PPP1R11,2000,69,0.9950838777641962,0.9603030580399151,0.2294891336512882,0.16301042394686455
PPP1R8,2000,64,0.9955991683890824,0.9663264577900016,0.1555978589696909,0.0951440638597271
PPP2R1A,2000,301,0.99844555089927,0.9870060190280031,0.0723086358878196,0.051954142577050916
PPP4R2,2000,162,0.9892325801612338,0.9570917822277067,0.1530293190260143,0.12794408698929868
PRIM2,2000,149,0.9915188149023947,0.9587451752804782,0.42663810102985467,0.26365695762888997
PRMT1,2000,44,0.9944844935114093,0.9600208843269735,0.10951510650658765,0.06728160985412328
PRMT5,2000,92,0.997256501140604,0.9768933908265547,0.12354587087329287,0.08370849040974156
PRPF18,2000,256,0.992169874317678,0.9485598704893359,0.7014054310675972,0.633464985313444
PRRC2A,2000,82,0.997432638644749,0.9775229606264064,0.32560648896945943,0.21905921975220044
PSMA2,2000,38,0.9792881335213426,0.8773842071649921,0.26634579164028704,0.151760530102956
PSMA3,2000,194,0.9765895181715842,0.8890517566343064,0.5804723884066324,0.43445291716404066
PSMA6,2000,18,0.9717307641394409,0.8375770041971428,0.3514054555006774,0.2126265032823606
PSMA7,2000,22,0.9748110832257431,0.8480650288053797,0.36483872454210037,0.250186331656234
PSMB2,2000,46,0.9741763229275611,0.8685078963434938,0.43605212972663926,0.31098943974486193
PSMB3,2000,19,0.9679786967426081,0.832287685436572,0.2590101936275478,0.17349226292449899
PSMB6,2000,77,0.9789453130916302,0.9081007059513344,0.4942993022995299,0.41196891664125096
PSMC1,2000,177,0.9757056079893197,0.9083532464268437,0.6360186396201873,0.5084802419011326
PSMC2,2000,279,0.9819165536349205,0.9221937599186778,0.5992112899776335,0.48885657592621556
PSMC4,2000,149,0.9732099505117269,0.9027699634867015,0.6070622344007262,0.5123410517500785
PSMC6,2000,65,0.9739669155120041,0.8782851923804992,0.5321303003618619,0.397060332566201
PSMD1,2000,87,0.9849210635652068,0.9179772884911642,0.5966364020929983,0.44364619670161215
PSMD11,2000,40,0.9814323559151499,0.8948324864039875,0.515600518088863,0.37596556369451867
PSMD12,2000,116,0.9787086746928856,0.9146053990088184,0.5175348897419122,0.41362356440866604
PSMD4,2000,285,0.9924876645473605,0.968622328145146,0.417712333048229,0.2840671356474786
PSMD6,2000,282,0.9810807641438015,0.9303270384915655,0.5242458576584785,0.4497533714352935
PTCD1,2000,246,0.997932331001646,0.9829681252285557,0.2622605569007104,0.09313149838515326
QARS,2000,376,0.9858463821433717,0.9249074346379108,0.6192472282912371,0.455839385205781
RABGGTA,2000,114,0.9855577975652808,0.9284191814710797,0.16871650697142393,0.03145212951485208
RAD21,2000,62,0.9880608220538546,0.9370182182125649,0.40987724837653067,0.2983370161226033
RAE1,2000,51,0.9847396689667858,0.9304086013898578,0.27058386891803937,0.16878799553058282
RAN,2000,79,0.9908873112477841,0.9457991210305259,0.35117391215723587,0.2357834864767783
RARS2,2000,139,0.9972958104785848,0.9789444548207809,0.28688065218976644,0.19459148702087967
RBBP4,2000,65,0.995312342094258,0.9636074768194545,0.1832399144515511,0.13400665881585747
RBM17,2000,50,0.9885343444253408,0.9311388485728571,0.20741736704848876,0.1296981035046787
RBM25,2000,53,0.9832596476804547,0.8970294320073229,0.6095314188797416,0.4876133286352246
RBM28,2000,55,0.9918624079633044,0.9586874386526025,0.36651701253741104,0.19537166686576313
RBM39,2000,49,0.9910785287613333,0.9377432591158321,0.3774695680547704,0.2861866606068559
RBM42,2000,68,0.9859595563079884,0.9245447230159404,0.22263019569072312,0.17297013945657497
RBM48,2000,55,0.9921395272583285,0.9490618563926021,0.15711504578930444,0.09572023436802721
RBM8A,2000,17,0.9723473087254234,0.854008443736176,0.4115738534415078,0.2918788023090973
RBMX,2000,110,0.9950713074759102,0.9689754809316609,0.3058772912249341,0.200215392701733
RCL1,2000,104,0.9917899787887751,0.9612185823412052,0.6345865944413691,0.26583161483892165
REXO2,2000,65,0.9925896642843298,0.9661515506324014,0.04908095472713517,-0.024553066390394774
RFC2,2000,85,0.9951831415794519,0.9700019273602183,0.3738995581565475,0.2160416864736394
RFC4,2000,58,0.9949346080552683,0.9590999928420091,0.32717335185984464,0.17255490155425746
RFC5,2000,101,0.9971354311618551,0.9769707332469346,0.18265145158904614,0.08950456377726927
RINT1,2000,143,0.9974611932099399,0.9795582170641027,0.18931489892179898,0.1360750412495086
RIOK2,2000,161,0.9922347940159655,0.9665945464676173,0.6575928407547753,0.33661021413206715
RMI1,2000,195,0.9985505820758781,0.986977800374593,0.1507372851984737,0.11629942799305419
RNASEH2C,2000,89,0.9972207650507157,0.9740045769963794,0.1285189074480139,0.09984487075193059
RNF113A,2000,170,0.9899815942566337,0.9345718834204619,0.6771464290231582,0.6139294249674841
RNF20,2000,118,0.9896881442047198,0.961169104590495,0.3535193159211501,0.25362700613745165
RNMT,2000,106,0.9924613394380917,0.9645591982681594,0.4244399904630519,0.011997869452477623
RNPS1,2000,51,0.9942498222685635,0.9584813222870623,-0.02045296907718017,-0.05757789117961089
RPA1,2000,337,0.9891666280156557,0.9304336952900024,0.49220359993150775,0.36803051665340275
RPAP1,2000,88,0.9785016227308917,0.8932596088285696,0.4619031134517025,0.322095841452611
RPAP2,2000,373,0.9821630687042036,0.9184089383668931,0.5626204858172972,0.42789194674558495
RPL10,2000,215,0.9828528604112685,0.9319649164784223,0.6297663455166909,0.43205958402918887
RPL11,2000,315,0.9837844081665498,0.9224986606749583,0.6126548732316649,0.3819728684953355
RPL12,2000,185,0.9838751783402689,0.9381619049480197,0.5150910803047074,0.3750115615836961
RPL14,2000,189,0.9793035084616524,0.9330402222216503,0.6396925221725881,0.43195286892379925
RPL17,2000,134,0.9752155356021693,0.9253553199731067,0.6599242896157858,0.45768989335555754
RPL18,2000,229,0.9848158803948495,0.9371356834632253,0.6797163403625768,0.44724595325995253
RPL19,2000,226,0.9841286671858483,0.9337219904447216,0.605376035195611,0.3686163380775373
RPL21,2000,214,0.9893727951673952,0.9520438488752377,0.6255221395763295,0.4063899917475525
RPL23A,2000,84,0.9797691242266835,0.9239420151973421,0.641074535459191,0.39590474324696184
RPL26,2000,194,0.9848047906055215,0.9616390665947979,0.5525321472441573,0.39845953884824636
RPL32,2000,158,0.9867148399242184,0.9519103740647249,0.5743716267044077,0.43000336257789384
RPL34,2000,249,0.9792002148919906,0.9281243474261159,0.6387651504877755,0.42613171018468105
RPL35,2000,36,0.9832689828629982,0.9225737687062058,0.5335745679542712,0.30255351590705015
RPL35A,2000,97,0.9840485795394527,0.93207149617149,0.6202757754709862,0.39266228627835803
RPL37A,2000,295,0.9850781702042017,0.9448248832209394,0.6301997588440207,0.436929127419139
RPL38,2000,169,0.9843980472935631,0.9382808444405938,0.5878942164857485,0.3793702790353906
RPL39,2000,31,0.987300498835525,0.939560892142207,0.42926929820334014,0.2686500241388554
RPL4,2000,257,0.9845593350489844,0.9386534838567697,0.6597600660666846,0.4332824907963479
RPL5,2000,154,0.9784799044431615,0.9171326590720296,0.5942433868982504,0.3875464081206472
RPL7,2000,237,0.9820179479590296,0.9406776976585799,0.6116730717339667,0.3969928558096671
RPL9,2000,180,0.9853472717300134,0.9558173789510813,0.59160224643175,0.39004779965112163
RPLP0,2000,136,0.9856070874550739,0.9365289540579759,0.5948284234513279,0.4153210719283496
RPLP1,2000,96,0.9893796776140207,0.9680305992389883,0.18969125806542403,0.08739516638509942
RPP30,2000,97,0.993435008948346,0.9672442490528684,0.6311837730996255,0.2492482967291726
RPP38,2000,49,0.9945890990628687,0.9630408370256955,0.45477440682780496,0.1332197281091483
RPS10,2000,93,0.992171395279632,0.9653883148517,0.6253690123174225,0.30819522623721823
RPS11,2000,233,0.9861988974960274,0.956439721874969,0.6884987526183917,0.4640857384839281
RPS15,2000,18,0.9798407319015034,0.9033384303726697,0.5767674370523606,0.2778828131685436
RPS15A,2000,257,0.988139721074386,0.9518974722973137,0.6878393088772123,0.445604230200389
RPS19BP1,2000,50,0.9892525141220136,0.9503930168677446,0.5279270199827424,0.1786702959751853
RPS2,2000,50,0.989928949244709,0.9405506961942872,0.5869374619778611,0.3404870545696026
RPS20,2000,179,0.9864855890462039,0.9525245925679171,0.6657113824985571,0.4391363364768808
RPS24,2000,213,0.9829262788658416,0.954219777368009,0.6670441840716717,0.4549533116507215
RPS27,2000,161,0.9880379825516027,0.9706536276754886,0.5229209383060722,0.23167627495045393
RPS27A,2000,88,0.9852574495578326,0.943206840430991,0.6642893034657318,0.41958240848496436
RPS28,2000,262,0.9893628164574545,0.9617585576137936,0.6334935808434397,0.3627259753578925
RPS29,2000,211,0.98830657191563,0.9568634260742673,0.6887141463574891,0.4484442124355923
RPS3,2000,252,0.9818207282268892,0.9483011290853363,0.6501801901071326,0.4483463657221253
RPS3A,2000,120,0.9850406428433811,0.9467491837579421,0.6289884155061269,0.3948387127698565
RPS4X,2000,175,0.9795635838485266,0.9602814216998172,0.5855036593907015,0.33205786152073113
RPS6,2000,165,0.9803614498283136,0.9444134410056584,0.67066427553476,0.47143874162676397
RPSA,2000,191,0.9877594084450868,0.9565031830985791,0.6130440602720645,0.4023052596225113
RPTOR,2000,81,0.9944156674690211,0.9547628894272066,0.4371540261368458,0.25194513284652603
RRN3,2000,38,0.9858688755987901,0.9387044897537401,0.3870151698133405,0.16998294395460703
RRP1,2000,90,0.9943405725081442,0.9605788970816006,0.32617180038433014,0.18354075061040737
RRP12,2000,191,0.9908905225074979,0.9683514464689102,0.5907745509362345,0.2243393084499349
RRP7A,2000,40,0.9896010818214594,0.9439274879786244,0.598508374756607,0.2517190350519982
RSL1D1,2000,124,0.9959147854438296,0.9745532693177072,0.3294552430916761,0.21321575398371947
RSL24D1,2000,116,0.9912255847737375,0.9589421106773668,0.48940805065506804,0.3011549675695805
RTF1,2000,53,0.9802872737042748,0.9067124827876412,0.4015720060179513,0.34541574956653764
RUVBL1,2000,171,0.979823904831635,0.889506840169916,0.6601605734697855,0.5219313143345097
SAMM50,2000,94,0.9947786147643115,0.9609791574252669,0.6395512935279317,0.43080607471452026
SAP18,2000,40,0.9899389743416381,0.946844994665839,0.28309708674032774,0.048036637022713075
SARS2,2000,150,0.9981502695587285,0.9831548361985996,0.10401888380668474,0.074822443587942
SART3,2000,142,0.9906475863640348,0.9453940919428089,0.4627433072676411,0.40359493390425477
SBNO1,2000,127,0.9967075702405283,0.9801425241005528,-0.07231468574566291,-0.048361980897573015
SCAF1,2000,158,0.9959563736602669,0.9695352493436837,0.5801638322458638,0.3647114886367278
SCFD1,2000,103,0.9882084033286473,0.9363024274046593,0.4471151811349426,0.27148841870441187
SDAD1,2000,210,0.9944159941226901,0.9717212999871695,0.510365088419007,0.35575295958174336
SDC1,2000,170,0.997531586088321,0.9821527286214676,0.16576877455648564,0.10324440219050389
SDE2,2000,134,0.997615645460913,0.9819291032966286,0.3198052229450414,0.19107851701617268
SDHC,2000,91,0.9967294793507665,0.9742928022828012,0.0009897135633565896,0.015779998370068965
SEC61A1,2000,129,0.9914351288698912,0.9469982341003365,0.6140879757407135,0.42211610206724215
SEC61G,2000,74,0.9878953619712626,0.9262137891687716,0.5815800709359954,0.3966492609027561
SETD1A,2000,60,0.9884492196156639,0.9393413402178326,0.535971282229982,0.3917278692499199
SETDB1,2000,123,0.996177785249833,0.9763018260082692,-0.003958681260132633,0.03116103316858934
SF1,2000,18,0.9893001255448933,0.9116725504885946,0.2104831475531731,0.1522276752123467
SF3A2,2000,236,0.9925159846223446,0.9663494670517347,0.44295741958075996,0.3210862489195602
SF3B5,2000,55,0.9841886264777485,0.9053171993291309,0.7124233208433055,0.6254530234362681
SFPQ,2000,185,0.9675798266520822,0.8385039516300967,0.45997597136055296,0.3138593764601331
SFSWAP,2000,145,0.9931200809932589,0.9558621188636119,0.2810330135941404,0.2277226831274964
SKA3,2000,109,0.9975196238088433,0.976545370963582,0.2753609604681437,0.13037365869180512
SLBP,2000,63,0.9882982638356101,0.9405423968527337,0.24345907560915156,0.17077597968602082
SLC39A9,2000,724,0.9983114183538304,0.9883532260225965,0.2494802623044742,0.15747799709556054
SLC7A6OS,2000,36,0.9893149210645809,0.9212030602816667,0.40845343252142685,0.30647385014513767
SLU7,2000,195,0.9852484651108455,0.9297945771690637,0.7358890119243708,0.694839103267131
SMC1A,2000,156,0.9770766343328497,0.9109343853005345,0.3628733379388873,0.2531850993359208
SMC3,2000,42,0.9833813465925502,0.9222635488804348,0.25046604542753537,0.16617965248073568
SMC4,2000,169,0.9947345253218144,0.9627070718614821,0.4733883616940718,0.2711552505462853
SMG5,2000,82,0.9928716527393341,0.9564519421201295,0.7028607046217332,0.41298931539620465
SMN2,2000,319,0.9880455598183329,0.9350889826133185,0.6781961182478352,0.622059799025722
SMU1,2000,101,0.9803544315370357,0.9145303149473502,0.5975040520630471,0.49031710359856817
SNAPC1,2000,96,0.9913815535909738,0.9514399538888482,0.4932387238230683,0.4331138578492003
SNIP1,2000,43,0.9858469155209704,0.9050696359733197,0.43397364466661914,0.284937558087067
SNRNP200,2000,92,0.9880669809036842,0.9275393120306827,0.6974234835522919,0.5627481668566484
SNRNP70,2000,85,0.979121108684151,0.8953130806131875,0.6328543258098884,0.5096216651798001
SNRPB,2000,120,0.988435783376094,0.932767757655026,0.7283308036779031,0.6505273434695547
SNRPC,2000,28,0.982180048266558,0.8861498748075111,0.5128856249507295,0.3714638686734878
SNRPD1,2000,113,0.9833783574751104,0.9034447530366291,0.7663099749620809,0.6625502775835028
SNRPD3,2000,120,0.9855277600690702,0.9182589897712266,0.7699602965477357,0.6870904380644626
SNRPF,2000,92,0.9836039584053045,0.9037884967377856,0.7832646928171838,0.7089821938398024
SNW1,2000,115,0.9965387378192805,0.9709881340259724,0.48275272438964134,0.35127194759806446
SPC24,2000,95,0.9903048438007316,0.948850140023892,0.6320992965840478,0.4671646176863229
SPCS3,2000,115,0.9963367260752227,0.9754615269158795,0.2283490788458231,0.1890960949616829
SRBD1,2000,143,0.9970715476030065,0.9789144171816165,0.3932045304534803,0.24306331025193453
SRRM1,2000,136,0.9949662202888824,0.9695236223638016,0.3506319359192856,0.23022615586570375
SRRM2,2000,146,0.9951526861455005,0.9697233284561043,0.17543798125422277,0.12146716014876108
SRSF1,2000,117,0.9796548466028735,0.9201159871980846,0.3227016081482,0.2363731332193515
SRSF10,2000,120,0.9970353416402423,0.9770992902005342,0.12105328466008938,0.11425548509387247
SRSF3,2000,15,0.9146996755024459,0.7572171403681499,0.5032556077712782,0.34432998839897466
SRSF7,2000,100,0.9923629079911966,0.9527784126102138,0.2790665766565937,0.23338125372551558
SS18L2,2000,130,0.9975636963794642,0.9781329437507876,0.25294647941535064,0.15349299694212404
SSBP1,2000,115,0.9868853969551874,0.9761090785162247,0.3609653882842709,0.01786246495966412
SSU72,2000,55,0.9917182485276518,0.948072065920268,0.2689600680179926,0.20261452467013336
STARD7,2000,98,0.9955917986376169,0.9771339997241119,-0.04010880425827152,-0.010359935070371544
STRAP,2000,91,0.9963724034805748,0.9731800959748882,0.20313984471303942,0.13689840201282635
SUGP1,2000,146,0.993823725062787,0.9681252833578506,0.15394250105759122,0.09956778559826666
SUPT16H,2000,82,0.981447025853263,0.9080616195828964,0.5692724769236497,0.4373664961554922
SUPT5H,2000,367,0.9724416971890886,0.8745827104416974,0.643147223308006,0.5154178433723958
SUPV3L1,2000,74,0.9910403811517999,0.9676291224147456,0.2061831404207607,0.16982041189014013
SURF6,2000,113,0.9966159752533699,0.9732097570084892,0.4162554469720568,0.2771047059287279
TADA3,2000,139,0.995665153451821,0.9752202090949901,0.2640930661830778,0.06383373334908518
TAF10,2000,38,0.9777397123204944,0.9116388587585852,0.5310928086956903,0.28734053194200193
TAF1C,2000,128,0.997080018833766,0.9802229300255795,0.2945474751048768,0.09779317525835854
TAF6,2000,111,0.9907562639779441,0.9618825621644403,0.45116121660019354,0.14032324153643244
TAF7,2000,84,0.9883562964489242,0.9303647970968136,0.44930085737073294,0.31772863476349517
TBCB,2000,97,0.989701401583553,0.9443560551753506,0.24085884386875953,0.23568622474454176
TBL3,2000,70,0.9925366363691888,0.9655197036752214,0.5147519351517865,0.1360649605190337
TCERG1,2000,93,0.9956320509829557,0.9668341163543942,0.17020689921579263,0.11010359291782189
TCOF1,2000,86,0.9895096895248421,0.9447497472248629,0.10831863076088545,0.0507200539382772
TELO2,2000,73,0.9926585419795081,0.9610400200067659,0.2722714353530683,0.16091358230379627
TERF2,2000,47,0.9884365959950124,0.9143808970997861,0.5161535063076762,0.36228578622183755
THAP11,2000,60,0.9966026751500884,0.9667598734424078,-0.01399317162977667,0.011034606731924874
THOC6,2000,115,0.997826843392541,0.9810435838169286,0.06901591180868787,0.03444557055172216
THOC7,2000,104,0.995419436759929,0.9675720740000823,0.33021420044991184,0.23381983639350726
TIMM13,2000,162,0.9936989888724561,0.964049207107041,0.5081481006722327,0.37059118118402595
TIMM23B,2000,480,0.9885938409841705,0.9392232230763238,0.6976228687377436,0.5205794689103119
TIMM44,2000,38,0.9871301237160695,0.911424618545578,0.5895386139819053,0.3877296257714039
TIMM9,2000,183,0.9975449561375259,0.98252217198823,0.16019967579517755,0.09307816950800897
TMX2,2000,94,0.9916172379740265,0.9530243898894447,0.3978379128342145,0.21815407217679014
TOMM22,2000,89,0.9931323888121006,0.9574221589802994,0.5625117536983144,0.2569514876066001
TOP1,2000,91,0.9950949391254112,0.966950371496823,0.3794616677158454,0.1162310540104064
TPR,2000,68,0.9886752870439391,0.9377134792380052,0.3472645885540668,0.22939489913024308
TPX2,2000,212,0.9904617052308416,0.9458378333423382,0.5575019505379317,0.38798174599078955
TRA2B,2000,139,0.9946668380550786,0.9768969268405504,0.23403242898161566,0.21836461985750813
TREX2,2000,275,0.9969667035381198,0.9829447291655078,0.31122337471439926,0.23781416788969856
TRMT10C,2000,67,0.9948441572415433,0.9667517155669034,0.2743446459452106,0.09947959107510297
TRMT112,2000,150,0.9937317728934353,0.9689687756320988,0.6206123475700347,0.23655644677389379
TRMT5,2000,93,0.9961203712896559,0.9720895131728148,0.452710938615947,0.28572155624081014
TSEN2,2000,168,0.9936912153953179,0.9754920255941727,0.24554598892024873,0.24113647384041456
TSG101,2000,83,0.9847427324250033,0.9185625211106615,0.4904005920940165,0.3928162873665467
TSR1,2000,109,0.9957543707542713,0.9731132389288627,0.5498284097018404,0.22165603937276454
TTI1,2000,146,0.9915293302033863,0.9535554167971864,0.37467813276055084,0.22782719977401322
TTK,2000,185,0.9844440086236081,0.9142613682335395,0.6005269908877433,0.3969902769218241
TUBGCP2,2000,226,0.9972080381118815,0.9804326540807632,0.24392905306227175,0.15835057466207875
TXNL4A,2000,66,0.9913332036002538,0.9437933522986585,0.26211190022911474,0.18887721926386092
U2AF1,2000,141,0.9874713910897994,0.9350526930669074,0.5950512913518872,0.521138626851726
U2SURP,2000,263,0.9884986996937295,0.9355206844236555,0.45670005325760993,0.3459480149394444
UBA1,2000,251,0.9877152509582477,0.9511328655066804,0.15397011942070363,0.1454427168826467
UBA3,2000,94,0.9956382830068581,0.9737269348998011,0.01155504181635717,-0.015963083476058824
UBA52,2000,44,0.9930113087084022,0.9532388094067167,0.2466520477955905,0.1036573062216267
UBAP1,2000,102,0.9847383312644042,0.9188484842147648,0.4575244348355477,0.33053734300361515
UBL5,2000,198,0.9907197918130222,0.9415911541340606,0.6555039628330549,0.5538011306436932
UBQLN4,2000,145,0.9970390252274234,0.9773205386408527,0.3423228187649915,0.22094255376050312
UFM1,2000,119,0.997266517555204,0.980967265113702,0.17915328680034803,0.1661261117231348
UPF1,2000,115,0.9924262802963508,0.9586454267407776,0.4511070021300862,0.2938458144413576
UPF2,2000,133,0.9940001489241757,0.9636460721987441,0.5085657663595512,0.31450032025778807
UQCC2,2000,83,0.9966000847272096,0.9740100674084514,0.16941718380141202,0.13864890768497165
UQCRB,2000,93,0.9968377090839475,0.976256207349424,0.1987860858367503,0.19039061286252562
UQCRFS1,2000,114,0.9961336764173848,0.9744331464807485,0.36370919767475596,0.2661492230061044
UQCRQ,2000,148,0.9969519719774248,0.97983697304651,0.3036469784875947,0.27136772426814626
USP36,2000,151,0.997322294548991,0.9782488825063089,0.3263789778201562,0.09323101274119133
USP39,2000,166,0.9909185492397429,0.9526626930633453,0.43729710193960736,0.31503425900837595
USPL1,2000,96,0.9929822647307882,0.9613419069626874,0.21368079174047414,0.22515043208137905
UTP20,2000,92,0.9912835680643428,0.9621930406339133,0.59186540176502,0.2592843570687222
UTP23,2000,160,0.9944425054465518,0.9775401270854136,0.5486833414181338,0.16751814433829304
UXT,2000,206,0.9917038622716621,0.9548235907883883,0.4546481248862339,0.28701438833789983
VPS54,2000,306,0.9985081960158815,0.9879967981695955,0.23249197428127757,0.14550635430158387
WAC,2000,93,0.9971586951480303,0.9772473124364405,0.042633028055575325,0.04502896207980184
WBP11,2000,205,0.9947338356463611,0.9642071845382344,0.637050467155598,0.509907912809088
WDHD1,2000,175,0.9972326007100651,0.9779000868103862,0.1542114932302359,0.10539395586776316
WDR12,2000,174,0.9942174543291118,0.9721095440007012,0.49700674484925783,0.2930195300463562
WDR24,2000,78,0.9946963122274064,0.9624167631370069,0.33951660922036175,0.2038307258191131
WDR33,2000,79,0.9918911290203516,0.9520410052164784,0.3469975488266052,0.2396736263160253
WDR61,2000,98,0.9945088957327884,0.9651597802726128,0.18362437753214744,0.16525576734476724
WDR82,2000,86,0.9720704648903205,0.8773192720736481,0.33285080373947057,0.18440864705261262
WDTC1,2000,107,0.9937796954910394,0.9653379503892444,0.12519732732364472,0.08185867047317734
XRCC5,2000,77,0.9907536270240968,0.9455868308321882,0.5064217493249795,0.278934707873714
XRN2,2000,57,0.9947828583767654,0.9608912009029421,0.20031209457502264,0.12439431701338147
YEATS2,2000,233,0.9966056959252121,0.9852387231837969,0.42371999443616176,0.028007949288275352
YTHDC1,2000,157,0.9941230069345038,0.9710245994490934,0.41548841546713094,0.19237045284300014
ZBTB17,2000,158,0.9969653696501988,0.9783699239167358,0.029759287586440756,0.007020380457403566
ZC3H18,2000,23,0.9890163347919264,0.9179159443392549,0.17024491564353603,0.13694822833078385
ZCRB1,2000,141,0.9973771976146064,0.9787473840115705,0.15131192381359668,0.1287450738136358
ZFC3H1,2000,105,0.9942637602707504,0.9649859701141285,0.16988551115542955,0.11045761552936903
ZMAT2,2000,348,0.9925245371008579,0.9567306448934596,0.5377255236819135,0.44704773447286983
ZMAT5,2000,98,0.9952023216670607,0.970552664566915,0.08228635136956763,0.0863805145290861
ZNF236,2000,85,0.9910775929209837,0.9669146940141067,0.4378302629721414,0.16907947007549512
ZNF574,2000,266,0.9985213439440224,0.9884729735284605,0.048247119897575165,0.05488830870206882
ZNHIT6,2000,116,0.9954223104602297,0.9727399457101351,0.5362339173896343,0.15512392174521536
