condition,n_test_cells,n_pred_cells,mse,mae,pcc_delta,pearson_delta,spearman_delta,topk_de_overlap,auprc,wasserstein,e_distance,kl_divergence,distribution_n_components
SMG5,82,2000,0.006303354166448116,0.03626890107989311,-0.011159641668200493,-0.011159641668200493,0.016298223052320083,0.2,0.15841448535218333,0.4182785108805658,0.2907011127388535,1.3881400341631311,50
HNRNPH1,92,2000,0.002564543392509222,0.03040238656103611,0.1463315188884735,0.1463315188884735,0.06728852659554105,0.25,0.1680854024537413,0.5845330589068357,0.4064164795918468,2.2965848454968425,50
RPL10A,195,2000,0.004064421635121107,0.03578546643257141,0.398404985666275,0.398404985666275,0.2860451579698063,0.35,0.30035364263941344,0.5377128997630546,0.35465506839857963,1.993014475242085,50
EIF3E,171,2000,0.004617069382220507,0.036514103412628174,0.15001195669174194,0.15001195669174194,0.12866841486491268,0.26,0.17148599226048375,0.3981675361562679,0.27078477447773175,1.435170806485507,50
MRPS14,82,2000,0.004747260361909866,0.03382062166929245,-0.18857306241989136,-0.18857306241989136,-0.002778116607258013,0.35,0.29716068114001837,0.5869339717063619,0.4087484558550698,2.480582735625298,50
EIF3M,209,2000,0.0052706594578921795,0.03747465834021568,-0.05791737884283066,-0.05791737884283066,0.05063649744945988,0.32,0.232038424970738,0.3843042539390676,0.2649250150546571,1.1596906414258508,50
RPL13,243,2000,0.0036371867172420025,0.03286316990852356,0.6090552806854248,0.6090552806854248,0.5048321104774004,0.44,0.5011825363422138,0.44585190832798394,0.3069431659961727,1.5865563333316106,50
SNAPC3,201,2000,0.0012633198639377952,0.021484054625034332,0.29914334416389465,0.29914334416389465,0.20792235794786473,0.24,0.16961663385981668,0.38866476912569636,0.285283657431689,1.3772792619226095,50
NBAS,94,2000,0.0019132314482703805,0.026427941396832466,0.044918492436409,0.044918492436409,0.051065314586612585,0.26,0.17269418732104844,0.43017092128428613,0.3250964636710594,1.7241022580983958,50
ELP5,167,2000,0.0026866544503718615,0.02937796711921692,-0.17471814155578613,-0.17471814155578613,-0.06338725972101168,0.23,0.18848394130726442,0.35566016863127864,0.26191490776633425,1.133030298417709,50
RPS6,165,2000,0.004004884976893663,0.034648776054382324,0.6794169545173645,0.6794169545173645,0.547671776946871,0.55,0.5417570767854819,0.5689885034754922,0.3681028668008159,1.9426683744861526,50
SEC13,43,2000,0.00391339510679245,0.037334736436605453,0.15215635299682617,0.15215635299682617,0.1489911882423749,0.29,0.19266227922968415,0.5686293913271386,0.4123784131247327,2.6702155862088235,50
SFSWAP,145,2000,0.0019401799654588103,0.025898711755871773,0.16250354051589966,0.16250354051589966,0.13254872993231157,0.34,0.26399405524442826,0.44114541162860976,0.32856161753552937,1.6840317551651445,50
SLU7,195,2000,0.008143152110278606,0.05355002358555794,0.35004791617393494,0.35004791617393494,0.30206884741075385,0.29,0.2015827161591877,0.6955335524112642,0.4217378502996002,2.7938158671799016,50
POLA1,195,2000,0.001839390373788774,0.025641925632953644,0.5878441333770752,0.5878441333770752,0.40939845875376385,0.38,0.3619633999856434,0.39024939606314457,0.2721002252136119,1.1938646222843865,50
GFER,198,2000,0.0024476307444274426,0.02668924257159233,-0.12309405952692032,-0.12309405952692032,-0.02430761530947137,0.31,0.20861002378613874,0.36666130759366794,0.266675507746114,1.2419801603983671,50
C1QBP,189,2000,0.002124166814610362,0.025784246623516083,-0.013149024918675423,-0.013149024918675423,-0.015933408445336333,0.3,0.1756702584998621,0.4905425581851366,0.35498319545691537,1.8884427287692938,50
SNRNP200,92,2000,0.005953965708613396,0.046128954738378525,0.19594638049602509,0.19594638049602509,0.18789864699696504,0.18,0.12063618877894552,0.7879765351122007,0.4789041115372384,3.3632011791830068,50
NUDC,106,2000,0.0018313465407118201,0.0273031797260046,0.26546943187713623,0.26546943187713623,0.15415693903397734,0.24,0.1790644569791469,0.4683880448974718,0.34781763704218993,1.6272167020782067,50
PCF11,393,2000,0.002694179303944111,0.02965838648378849,0.19149911403656006,0.19149911403656006,0.1033969079118763,0.26,0.17291633514245763,0.49751279665155723,0.3316159738791361,1.9418644765040705,50
PSMA3,194,2000,0.004706085193902254,0.037184979766607285,0.5691153407096863,0.5691153407096863,0.46208810857461446,0.35,0.3281531790210755,0.5150534299361482,0.34302514273987866,1.6298096144806222,50
RPS26,73,2000,0.0034116776660084724,0.03500942513346672,0.7173649072647095,0.7173649072647095,0.5603744319964262,0.56,0.5726230131351063,0.5867512404712606,0.39386080217559977,2.1132780100839046,50
GRPEL1,96,2000,0.002022559056058526,0.028308764100074768,0.6420960426330566,0.6420960426330566,0.43832629206105167,0.44,0.4647466005215062,0.5727531512264564,0.39036286851652674,2.2519404617645686,50
PHF5A,197,2000,0.00407880824059248,0.03607027977705002,0.266952782869339,0.266952782869339,0.2467636921383924,0.24,0.12377175226175556,0.5250439009839729,0.35204780713352646,1.9714750885174377,50
ZNHIT6,116,2000,0.0019101938232779503,0.02695309743285179,0.45581918954849243,0.45581918954849243,0.17241743538497342,0.44,0.4009373211104815,0.39027030292298565,0.2955290046950935,1.2222125786984073,50
SRBD1,143,2000,0.0024279446806758642,0.027857769280672073,0.25419294834136963,0.25419294834136963,0.21224655068623766,0.26,0.16486598398238667,0.5222011615921659,0.34113627184305,1.825995488189225,50
MFAP1,164,2000,0.0036386309657245874,0.037054792046546936,0.3819712996482849,0.3819712996482849,0.33519598475988405,0.23,0.18758937972426992,0.6882995807176324,0.4189256140561019,2.885920926063044,50
RPS19,410,2000,0.0033871405757963657,0.03024359792470932,0.5891847610473633,0.5891847610473633,0.47117396844695864,0.52,0.4698201399632378,0.44460808937882,0.30340241362949943,1.4653490054074265,50
ARGLU1,367,2000,0.0028971650172024965,0.030146054923534393,0.12365727871656418,0.12365727871656418,0.0648736157805016,0.25,0.1965347110842941,0.3270405384226808,0.24457677741882564,0.8907306315764646,50
GTF2E2,69,2000,0.0021535870619118214,0.029591772705316544,0.41856497526168823,0.41856497526168823,0.25025832614035165,0.32,0.22840205830000562,0.49013160489967267,0.3513686658964428,1.8551181882011198,50
DYNLRB1,192,2000,0.0014940740074962378,0.023216428235173225,0.39700499176979065,0.39700499176979065,0.2696037513635616,0.31,0.23206578858796045,0.5110432875104582,0.3473757438958709,1.8897444486229502,50
TSR2,486,2000,0.004280549008399248,0.03877171128988266,0.4209301471710205,0.4209301471710205,0.2704597804698643,0.34,0.2690283510536695,0.4098884273615572,0.2801114445963148,1.4125833543197115,50
COG2,332,2000,0.0012214903254061937,0.020681951195001602,0.012211071327328682,0.012211071327328682,0.02151433276663868,0.13,0.08076130575849973,0.3437968836347569,0.26512523301858293,1.0146238536058643,50
SFPQ,185,2000,0.013078008778393269,0.059837888926267624,0.0219582486897707,0.0219582486897707,0.07180143618405743,0.24,0.18816873493417835,0.7002511798434047,0.4277009319379346,2.7648015279709015,50
MRPL18,128,2000,0.0021837851963937283,0.026545722037553787,0.1709168553352356,0.1709168553352356,0.14077452453373815,0.28,0.20629086970051666,0.41839063969850165,0.3027721679748189,1.555080374684203,50
NAA15,107,2000,0.0016396396094933152,0.025630081072449684,0.30483055114746094,0.30483055114746094,0.15952896125664454,0.27,0.1821425179858456,0.45543283134813173,0.34052867718650126,1.8293410135001287,50
DONSON,688,2000,0.0024539115838706493,0.02724739909172058,0.1744980365037918,0.1744980365037918,0.0661922303596892,0.24,0.14219102624523217,0.39813560523928615,0.2772054440491277,1.3628993493097263,50
RARS2,139,2000,0.0015920388977974653,0.02420993335545063,0.42018842697143555,0.42018842697143555,0.31508836281065883,0.29,0.21713069719522457,0.3588836213302691,0.2737634373776038,1.089569480354692,50
RPF1,108,2000,0.00248839077539742,0.029081616550683975,0.4079999029636383,0.4079999029636383,0.30282743396909734,0.33,0.2892577776398415,0.4086540932865185,0.29035336166166287,1.2732497326153098,50
ZBTB17,158,2000,0.001980661880224943,0.026531711220741272,0.1163119226694107,0.1163119226694107,0.07370321469389746,0.19,0.10417653177740864,0.4554792439091982,0.3267188175539939,1.6086928535204552,50
DPH2,161,2000,0.002292900113388896,0.028010524809360504,-0.053752824664115906,-0.053752824664115906,-0.04252211224692555,0.27,0.23563387947516953,0.3833386680091364,0.2908014088644187,1.263985699755531,50
TAF10,38,2000,0.005543644540011883,0.04419182613492012,0.5429682731628418,0.5429682731628418,0.30798769707889956,0.54,0.4856516820768811,0.7799606137218621,0.5204956254744434,3.2537258657609516,50
XPO1,139,2000,0.004822373855859041,0.0383499376475811,0.5225557088851929,0.5225557088851929,0.3673506455100258,0.34,0.28445955764317504,0.6323455377614132,0.40313868083340937,2.2800118378697998,50
NUP54,266,2000,0.003446002956479788,0.03489842638373375,0.463676393032074,0.463676393032074,0.3426841701955912,0.32,0.2889940492377741,0.36360357443804875,0.2574074153354977,0.9907239375140365,50
SSRP1,440,2000,0.003414853708818555,0.0328514389693737,0.3971414566040039,0.3971414566040039,0.3147273088450923,0.2,0.1506151755391882,0.465762606102248,0.3283525627206662,1.772441501508248,50
SON,238,2000,0.007899151183664799,0.048847783356904984,0.18276874721050262,0.18276874721050262,0.1822824715240484,0.13,0.08182578830857594,0.6351048486238184,0.3839863087093912,2.1921405902978663,50
BGLAP,236,2000,0.0012586376396939158,0.02172214351594448,0.24883297085762024,0.24883297085762024,0.1645567568860677,0.2,0.1591858912485499,0.5570100581781512,0.3834112006662942,2.3791363015923186,50
PSMD7,175,2000,0.010596643202006817,0.05686097592115402,0.13754722476005554,0.13754722476005554,0.04896581149463246,0.25,0.13781834821207578,0.8168451719000815,0.4826584402358869,3.433304778481236,50
SUGT1,94,2000,0.002842024900019169,0.03198760375380516,0.0010309144854545593,0.0010309144854545593,-0.026438704562817238,0.12,0.10056274016478173,0.37929040382409795,0.28867343226917447,1.082509136370243,50
CENPE,171,2000,0.0012458066921681166,0.022011607885360718,0.42537784576416016,0.42537784576416016,0.26591041823318046,0.36,0.3231207202412768,0.4935313213607666,0.3377963866181834,1.768524252438028,50
MZT1,381,2000,0.0014068178134039044,0.021067148074507713,-0.023646816611289978,-0.023646816611289978,0.011896685613295025,0.27,0.20177588170134522,0.36278562545809856,0.2573306889884817,1.046639361733754,50
NFRKB,223,2000,0.002277254592627287,0.02596651390194893,-0.149446040391922,-0.149446040391922,-0.02436249390308446,0.18,0.1374781273899666,0.46149199625074994,0.32939794454493354,1.6657702076783953,50
RPS14,156,2000,0.004093591123819351,0.03432090952992439,0.6863179206848145,0.6863179206848145,0.6023405019960762,0.53,0.4976820902566135,0.4891313688668664,0.32583946522597707,1.591040653801921,50
SNRPG,325,2000,0.002874899422749877,0.03134007379412651,0.5266404747962952,0.5266404747962952,0.45674529074981157,0.32,0.22543528662456633,0.44959821019481827,0.30965494613113703,1.4185811461269118,50
MRPL38,132,2000,0.0015581139596179128,0.024031462147831917,0.14374837279319763,0.14374837279319763,0.05747230794827165,0.25,0.17519673712802514,0.3956662343847093,0.2916973143252144,1.4335910570819197,50
MAGOH,149,2000,0.0037704352289438248,0.03293643146753311,-0.018366245552897453,-0.018366245552897453,0.039159104672243816,0.2,0.12634146193282558,0.523853460184424,0.3544988938012888,1.8889873832128787,50
DNTTIP2,235,2000,0.0027111724484711885,0.03080401010811329,0.5959891080856323,0.5959891080856323,0.39918572278342884,0.52,0.49757824124855715,0.4829350102351773,0.3337531349453345,1.6112648797591902,50
U2AF1,141,2000,0.004109659697860479,0.03894193097949028,0.4457740783691406,0.4457740783691406,0.34979275319250025,0.26,0.17237336713535506,0.5333330362725877,0.36149301063533346,1.8610192059455803,50
NOL6,107,2000,0.003732928540557623,0.03599214553833008,0.4642316401004791,0.4642316401004791,0.2234249674223609,0.5,0.46222168805400354,0.5026513490114962,0.3560777942690716,1.8252971682406,50
SF3A2,236,2000,0.0029435036703944206,0.03036714531481266,0.37082305550575256,0.37082305550575256,0.35904950923706636,0.25,0.1737600722534242,0.4616786096321928,0.3140164614771802,1.473645048429659,50
TXN,81,2000,0.0030238949693739414,0.034955210983753204,0.2252987027168274,0.2252987027168274,0.11360863347779854,0.2,0.1531160723351461,0.41043248507777075,0.30561657529595765,1.3051297501329016,50
ORC5,89,2000,0.0020823089871555567,0.027611175552010536,0.1469523310661316,0.1469523310661316,0.08916846750701876,0.16,0.11834935249211624,0.3737796291448619,0.2915049636608684,1.3233340961632303,50
DDX49,41,2000,0.002307154471054673,0.03204042464494705,0.3867398500442505,0.3867398500442505,0.13447722744954396,0.41,0.3708439846375598,0.49013603032354675,0.3868765557361584,2.348536166840254,50
ANKRD11,184,2000,0.0025937582831829786,0.028628705069422722,-0.07118983566761017,-0.07118983566761017,-0.07543069597722783,0.22,0.19679845192930373,0.3127892836995244,0.24041316960083975,0.975191129350038,50
CCDC86,235,2000,0.0026047059800475836,0.02663380652666092,0.4274892807006836,0.4274892807006836,0.40591565930236834,0.31,0.24348814371324823,0.3880260413699599,0.27406636851804905,1.1068555482519087,50
RPS21,63,2000,0.002115685725584626,0.028906701132655144,0.48761066794395447,0.48761066794395447,0.2838119581272898,0.39,0.2927036810915955,0.48055495506253953,0.3681725534521246,2.002710326569561,50
POLE,154,2000,0.0016426153015345335,0.025281382724642754,0.6274861097335815,0.6274861097335815,0.4550129219234371,0.36,0.3293884152861204,0.44846177742173005,0.3078256827849216,1.6768908532509963,50
TRMT10C,67,2000,0.0021583144553005695,0.026492364704608917,0.06024153158068657,0.06024153158068657,0.048095571267822844,0.2,0.11724748094428299,0.4401649360619759,0.35230671544782555,1.8337442096416012,50
VPS29,146,2000,0.002163379918783903,0.027746856212615967,-0.044217370450496674,-0.044217370450496674,-0.03454846122193845,0.15,0.09990475203829566,0.5018832437158199,0.3645632510224956,2.0474157094279817,50
CWC15,144,2000,0.004237397573888302,0.03540242835879326,0.45567449927330017,0.45567449927330017,0.5059740672072494,0.24,0.1787612859451327,0.5231679732168394,0.34771119697840297,1.7459265007176168,50
CHMP6,620,2000,0.0019803147297352552,0.02511337213218212,0.3622087240219116,0.3622087240219116,0.2891759174939769,0.22,0.15354244859627145,0.3462253121234839,0.24637502065031935,0.959948389152021,50
RBX1,41,2000,0.0041679334826767445,0.040917735546827316,0.09068377315998077,0.09068377315998077,0.028042936723736558,0.21,0.17219240261870064,0.6399063979906822,0.4388959453637898,2.74263185421961,50
BRIX1,95,2000,0.0027874440420418978,0.03266943618655205,0.3986569046974182,0.3986569046974182,0.23882653854052519,0.32,0.3181278347465165,0.6935346208144084,0.4434456990130883,3.0102377299681096,50
PTCD1,246,2000,0.001994675025343895,0.024840643629431725,0.10180165618658066,0.10180165618658066,0.13459446452300886,0.28,0.27586974861657015,0.36395123565259907,0.2797528083128237,1.2435141262527614,50
HIRA,228,2000,0.0016584593104198575,0.02402181178331375,0.10739822685718536,0.10739822685718536,0.07627375975495038,0.18,0.12087084389176518,0.3307045767397749,0.24834793743691097,0.9782532848482058,50
POP4,116,2000,0.001732788048684597,0.025529824197292328,0.38804876804351807,0.38804876804351807,0.17107100407894588,0.33,0.26765341786648383,0.45692276319031955,0.34795573727295015,1.7453251841027069,50
DYNC1H1,217,2000,0.0013813766418024898,0.0229807011783123,0.39296573400497437,0.39296573400497437,0.2674992096568083,0.3,0.2331369050733957,0.5803661277731571,0.3785708177137534,2.339427036333553,50
POLR3B,109,2000,0.0024191481061279774,0.029272209852933884,0.2713945209980011,0.2713945209980011,0.17645796668702363,0.25,0.1715218615060703,0.4615247973685188,0.33602244403297626,1.5956132037914188,50
DNAJC8,260,2000,0.0016771213850006461,0.02401905506849289,0.08152802288532257,0.08152802288532257,0.050088477061943325,0.18,0.12870120724340958,0.38940096487866027,0.2870708264401609,1.2088086739239738,50
QARS,376,2000,0.004854684229940176,0.03694388270378113,0.2531454265117645,0.2531454265117645,0.222114812799254,0.22,0.15477393419879032,0.46887740286359053,0.3212090817484748,1.636892590177415,50
WBP11,205,2000,0.001990738557651639,0.02710725925862789,0.41990333795547485,0.41990333795547485,0.354330103077708,0.25,0.1947311490560843,0.5026089605935486,0.3429143706646664,1.7809165268614726,50
MCM10,190,2000,0.0025984642561525106,0.027589362114667892,0.2697899341583252,0.2697899341583252,0.17714366666974665,0.22,0.15099900831948876,0.44631395314777644,0.3012174457838775,1.530768007256463,50
PSMD1,87,2000,0.0017384784296154976,0.026721222326159477,0.512360155582428,0.512360155582428,0.3539941904412552,0.33,0.23158583195843244,0.5688595983161877,0.3755815871465177,2.033397879682756,50
MED20,78,2000,0.003209109418094158,0.03591597452759743,0.5191582441329956,0.5191582441329956,0.2876852587074103,0.45,0.3864906470018805,0.7775628127932666,0.5193652496452272,3.5228981813966374,50
DERL2,122,2000,0.0026438129134476185,0.029572753235697746,0.36099815368652344,0.36099815368652344,0.31881120452705414,0.34,0.2708087050688623,0.5710370374492887,0.38116211867962185,1.9611999149670059,50
VPS54,306,2000,0.001239572186022997,0.02099640481173992,0.140714630484581,0.140714630484581,0.08833615174780628,0.14,0.09378102020620659,0.3723857207959525,0.27243725728703505,1.182113184100808,50
WDR12,174,2000,0.0016343937022611499,0.02458345517516136,0.5921873450279236,0.5921873450279236,0.4151931970176926,0.42,0.41601651164701536,0.3990500893505019,0.2874710595129695,1.3150922401427503,50
OXA1L,305,2000,0.002679924014955759,0.028397098183631897,0.10485011339187622,0.10485011339187622,0.06320259978065458,0.22,0.13478573667360605,0.39094783071254235,0.28440285538885823,1.493228778044579,50
SART3,142,2000,0.0020747019443660975,0.02641981840133667,0.2269338071346283,0.2269338071346283,0.2719904378301453,0.21,0.13910739949480003,0.4168362168636574,0.30878162658260205,1.4416841014391018,50
TEX10,153,2000,0.002033459022641182,0.02500147372484207,0.447092205286026,0.447092205286026,0.39091083556581524,0.32,0.28274365837281235,0.36930389260648633,0.27756351841607513,1.20580468133659,50
GTF2E1,176,2000,0.002052146242931485,0.02729181759059429,0.12661151587963104,0.12661151587963104,0.035682768421023504,0.19,0.1253814252037879,0.46339724935226256,0.33915064871323125,1.5980411989387542,50
DDX54,68,2000,0.0015466376207768917,0.025825491175055504,0.4802611172199249,0.4802611172199249,0.3088766834664804,0.39,0.3843901788934009,0.40447163873151903,0.3039014181735421,1.7378151891700608,50
E4F1,130,2000,0.004519379232078791,0.03621235489845276,-0.2594222128391266,-0.2594222128391266,-0.14475637813320338,0.31,0.23531040306927117,0.4607083753510199,0.3240598266428152,1.6260730422043401,50
RIOK1,290,2000,0.0017962115816771984,0.025317039340734482,0.6043566465377808,0.6043566465377808,0.38322883674874597,0.52,0.5012218319335341,0.3965254937252348,0.2860312307890318,1.323954935837057,50
EBNA1BP2,68,2000,0.0029119476675987244,0.030893651768565178,0.4440593123435974,0.4440593123435974,0.3719478768548418,0.3,0.25506396340105564,0.4280618579694891,0.313504351332893,1.5945386219414355,50
EIF5A,100,2000,0.003001697827130556,0.03254150226712227,0.09994539618492126,0.09994539618492126,0.0717377294826743,0.17,0.11644073129249292,0.5543435716087708,0.38558102750252204,2.228695685022352,50
SF3B2,197,2000,0.007148612756282091,0.049617279320955276,0.5239821672439575,0.5239821672439575,0.4252198504212047,0.33,0.2609013360603739,0.6771881346538997,0.4200591584218242,2.5950335340608075,50
ACTR8,242,2000,0.0020671577658504248,0.02613285556435585,0.2509865164756775,0.2509865164756775,0.18148049421193088,0.21,0.1598935184277007,0.39210403948238964,0.28836844541939266,1.1514819151326252,50
EXOSC2,209,2000,0.004369924310594797,0.036826327443122864,0.5583212375640869,0.5583212375640869,0.3361095349245813,0.39,0.39687861476315667,0.5343915222940648,0.36047223356261043,2.053755995471935,50
ALG13,167,2000,0.0015539414016529918,0.024339592084288597,0.03748680278658867,0.03748680278658867,0.028113828021902588,0.18,0.15076747247989222,0.41174663223796537,0.30189895412048623,1.5262887580773699,50
CPSF3,575,2000,0.00291898800060153,0.031009213998913765,0.26529496908187866,0.26529496908187866,0.18685762194278946,0.22,0.14342756601710233,0.3435852229809686,0.24913756754485925,1.0667402545109055,50
RBM42,68,2000,0.003161617321893573,0.03297269344329834,0.010263746604323387,0.010263746604323387,0.07005306193812247,0.22,0.15071691554319439,0.4271807064501282,0.34032739989625654,1.5325321896839794,50
CDC40,84,2000,0.0015487989876419306,0.025736290961503983,0.48908621072769165,0.48908621072769165,0.3709245044174911,0.3,0.2588496109842674,0.5624108735449179,0.3707221354963975,2.151352225011928,50
PPP1R11,69,2000,0.0032458670902997255,0.03388122096657753,0.03405466675758362,0.03405466675758362,0.05461870231274809,0.19,0.12904441799398658,0.43014239466947757,0.3207114904968079,1.5443489255918263,50
SF3B3,215,2000,0.006477774120867252,0.04694819077849388,0.13449198007583618,0.13449198007583618,0.1226905106996204,0.18,0.13108196468623945,0.6557090851871414,0.4071496142878612,2.5646334314103445,50
MRPL54,112,2000,0.0015166932716965675,0.02403601072728634,-0.01716693863272667,-0.01716693863272667,-0.02449783528450136,0.21,0.14471368526615447,0.4951502759924465,0.3580080194637732,2.035665001033588,50
WDHD1,175,2000,0.0018139046151190996,0.025348132476210594,0.1106976866722107,0.1106976866722107,0.02652254803944809,0.16,0.13046793791619327,0.34566785743030637,0.26265411221000945,1.0847407675081873,50
FCF1,225,2000,0.0018445325549691916,0.02584127150475979,0.6586606502532959,0.6586606502532959,0.4501548394729973,0.53,0.5092016702718025,0.45113304930714293,0.31611295897812075,1.583540010683767,50
LSM4,68,2000,0.00258058519102633,0.030748840421438217,0.5978279113769531,0.5978279113769531,0.5049809412033572,0.34,0.251064794792538,0.44165560130462295,0.32860438967472433,1.5877139392577042,50
IGBP1,245,2000,0.002510490594431758,0.029575807973742485,0.1449446827173233,0.1449446827173233,0.0890403388981614,0.2,0.14992552675539314,0.5403410762759124,0.35758967251609164,2.049094821513553,50
SNRNP27,42,2000,0.002871578326448798,0.034161023795604706,0.19936451315879822,0.19936451315879822,0.13041979915557245,0.24,0.1759793066892558,0.5694984709528618,0.4211434787108719,2.38151300534503,50
GFM1,230,2000,0.002162839053198695,0.025666847825050354,-0.05794651433825493,-0.05794651433825493,0.02330868885290696,0.25,0.1981772628700674,0.35661064483436666,0.2661903160059688,1.0600702696002129,50
POLR2E,93,2000,0.0017114536603912711,0.027030719444155693,0.5889372229576111,0.5889372229576111,0.3428993206522024,0.49,0.48407397770773664,0.49001927629276976,0.3485852485545823,1.745677066152578,50
SNRPD1,113,2000,0.009083693847060204,0.05431343987584114,0.22551247477531433,0.22551247477531433,0.2242320502066636,0.26,0.17173915678564558,0.6738957740647961,0.4303254887297082,2.7352274877376437,50
RFC3,211,2000,0.0014550285413861275,0.022523177787661552,0.4659559428691864,0.4659559428691864,0.3332971023398824,0.4,0.3103172542552858,0.34088939222722325,0.2473218781016795,1.0338502886615908,50
MRPS26,111,2000,0.0015520472079515457,0.024725740775465965,0.3341013193130493,0.3341013193130493,0.16172790860052372,0.25,0.21255484417239587,0.3949184132487638,0.3004782242040502,1.4394479929733996,50
RCC1,162,2000,0.0018423860892653465,0.025506075471639633,0.170327290892601,0.170327290892601,0.11526368501331373,0.21,0.18838074205373198,0.49808576574946634,0.3511572025974785,1.9119822223771528,50
NEDD1,134,2000,0.0014701056061312556,0.02312782034277916,0.3724173307418823,0.3724173307418823,0.2381578107274598,0.34,0.3205768865457673,0.4148709639818112,0.3023320635851766,1.4440488997544565,50
DDX5,130,2000,0.0026126934681087732,0.02972123958170414,-0.11603301763534546,-0.11603301763534546,-0.010817158320945944,0.19,0.1216583560942643,0.35039681664723316,0.2671258451664988,1.0699560021887202,50
EIF2S1,208,2000,0.012188070453703403,0.05903129279613495,0.22049540281295776,0.22049540281295776,0.17384393716592975,0.32,0.23601027588074402,0.7131774969099633,0.4396364448597685,3.03365162442223,50
CUL1,181,2000,0.0019529705168679357,0.026416141539812088,-0.05376538261771202,-0.05376538261771202,-0.06332328906093156,0.19,0.12063787620039894,0.4285536034906343,0.30982230412964856,1.4623717095353432,50
KRI1,51,2000,0.001407153089530766,0.026002105325460434,0.7654356956481934,0.7654356956481934,0.46757853102480684,0.7,0.7255932577764618,0.43635730513072374,0.32572524039700285,1.9793568196689568,50
ZNF335,140,2000,0.0019174019107595086,0.02517710067331791,0.0029416000470519066,0.0029416000470519066,0.031428645609145815,0.12,0.08947781053341324,0.4118653606263529,0.30070286466337537,1.3691892930988765,50
GPKOW,105,2000,0.0030199242755770683,0.03410725295543671,0.20310944318771362,0.20310944318771362,0.16230670437595424,0.08,0.07232406324128378,0.47563381442479336,0.3347343196071366,1.6012186188468938,50
POLR2F,209,2000,0.002533477731049061,0.031703099608421326,0.5588602423667908,0.5588602423667908,0.3243175956918383,0.41,0.3655591964401233,0.5735639175577535,0.37910755903632565,2.1414131800551663,50
USP36,151,2000,0.0018480735598132014,0.02608628012239933,0.12013370543718338,0.12013370543718338,0.08176871151271091,0.16,0.11159036289708402,0.37058615425413627,0.2844922695925756,1.1229590809737586,50
NARS,149,2000,0.003267544088885188,0.03281960263848305,0.4985894560813904,0.4985894560813904,0.34943918815434066,0.32,0.25399313577649546,0.5275293900754164,0.36722244687731054,1.9467859604394497,50
MRPL3,146,2000,0.0020378169137984514,0.02508426457643509,-0.05529096722602844,-0.05529096722602844,-0.006484149427677217,0.26,0.20104146029422015,0.40441965395728857,0.30133410729815213,1.6107610266162988,50
RPL8,290,2000,0.002229108475148678,0.026877224445343018,0.7929893732070923,0.7929893732070923,0.6779566930225387,0.59,0.6551335444694535,0.46585328439842066,0.30806914494083015,1.565201431788733,50
FASTKD5,182,2000,0.002493609907105565,0.025399349629878998,0.06709024310112,0.06709024310112,-0.006452277234400798,0.26,0.23544566441588982,0.4395953005483196,0.3263471670879114,1.5645592637433823,50
RNGTT,110,2000,0.001751326723024249,0.026641765609383583,0.22383108735084534,0.22383108735084534,0.06308192863527713,0.29,0.18494885236815817,0.41815913230829266,0.31064901919727317,1.3360456408517305,50
POLR3D,108,2000,0.001576447975821793,0.02559237740933895,0.3035909831523895,0.3035909831523895,0.15293218740095785,0.21,0.170226436688531,0.4820757687150742,0.35367753470073443,1.918101116804823,50
MED31,35,2000,0.0031657787039875984,0.03689582645893097,0.2736271023750305,0.2736271023750305,0.07961802817863196,0.31,0.24326235738874427,0.5065167748056585,0.39423708807269625,2.3129306280791564,50
CSTF1,129,2000,0.0020914990454912186,0.02741321176290512,0.25687021017074585,0.25687021017074585,0.18194970478198816,0.14,0.12051192535131147,0.5541992231223489,0.36956488064458265,2.088685127362578,50
TSR1,109,2000,0.0016912365099415183,0.025943053886294365,0.5983845591545105,0.5983845591545105,0.34427943187543997,0.55,0.49859248966403796,0.48430736559676146,0.35555398134914645,1.824401104637939,50
MRPL4,109,2000,0.0020811574067920446,0.027291620150208473,0.0815686360001564,0.0815686360001564,0.04721241064389572,0.26,0.15562488232841176,0.4174959018690854,0.31816309697087297,1.3271672676403283,50
MCM3AP,100,2000,0.001990682678297162,0.027016211301088333,0.30326783657073975,0.30326783657073975,0.2032243379453604,0.22,0.15942254271444395,0.4406645891926063,0.32729905577879703,1.6283456531911034,50
TRMT5,93,2000,0.0036433106288313866,0.03290943428874016,-0.1942550241947174,-0.1942550241947174,-0.04900116551557471,0.3,0.2588932902480286,0.4225022677596702,0.30782354158206116,1.5327914940490948,50
MRPS27,76,2000,0.0028530098497867584,0.02888101153075695,-0.0021704845130443573,-0.0021704845130443573,0.02453867791072498,0.29,0.2640836242859751,0.5916225779848526,0.41180113682742486,2.4233063286858787,50
RBM39,49,2000,0.002674408722668886,0.032704658806324005,0.3900461196899414,0.3900461196899414,0.30141922488876893,0.26,0.176372548839581,0.5383345579770429,0.40611353636469033,2.4430748500867416,50
HSPA8,146,2000,0.006051369942724705,0.04067195579409599,0.31215259432792664,0.31215259432792664,0.27886948965077957,0.41,0.36014591669928187,0.5304979471476341,0.34577253423262705,1.8090606840528403,50
SURF6,113,2000,0.0019314161036163568,0.02536753937602043,0.3382551074028015,0.3382551074028015,0.26860411248505756,0.28,0.23491287106657394,0.3954338861110843,0.2896310454086157,1.4814097907412125,50
NUBP1,144,2000,0.002051039831712842,0.02804700843989849,0.23666152358055115,0.23666152358055115,0.12473228932828515,0.21,0.15609150873122382,0.3695513313816429,0.27708204200607345,1.058825333989177,50
HEATR1,216,2000,0.0029216338880360126,0.031047729775309563,0.6199390292167664,0.6199390292167664,0.4410914414514162,0.47,0.47781471603126857,0.5751888265499905,0.38862413869135914,2.1691568973198727,50
PRPF4B,160,2000,0.0022774275857955217,0.0277496799826622,-0.0006166268140077591,-0.0006166268140077591,0.0342674171795191,0.1,0.09489216914847609,0.46527128389507927,0.34399399173484724,1.720343220489931,50
POLR1E,202,2000,0.0011447147699072957,0.020964769646525383,0.5622268319129944,0.5622268319129944,0.33050320342006023,0.45,0.428272736471752,0.409577764989399,0.3063692378426547,1.4861455947674223,50
MRPS24,132,2000,0.001763495267368853,0.02400461956858635,-0.050078243017196655,-0.050078243017196655,0.0046064969684809914,0.31,0.20718385246891946,0.3937074135158997,0.2946431651212463,1.4036180671501786,50
EIF2B3,96,2000,0.0024971209932118654,0.029866617172956467,0.6819413304328918,0.6819413304328918,0.5274505781540231,0.47,0.49471589982757525,0.5288214012281603,0.37049567868736494,1.913355193578682,50
SRFBP1,73,2000,0.002565803937613964,0.030608084052801132,0.4761076867580414,0.4761076867580414,0.3190553576658717,0.33,0.25043517719837266,0.5230888574019577,0.38706391749339913,2.2378672619158317,50
PUF60,52,2000,0.002768544480204582,0.035224974155426025,0.3002891540527344,0.3002891540527344,0.16487198167479314,0.21,0.14456013540662796,0.559700336158781,0.42325807573659247,2.4310320454346344,50
RPS23,98,2000,0.003070476930588484,0.029590029269456863,0.7218972444534302,0.7218972444534302,0.6260232039359528,0.54,0.5578575607075166,0.5749163934650542,0.4007682400495949,2.239580075996896,50
SCFD1,103,2000,0.0015074408147484064,0.025092238560318947,0.4303722083568573,0.4303722083568573,0.28362536612901457,0.3,0.2699142756911869,0.5087731485333109,0.34136997504084376,1.6517919424959993,50
MDN1,68,2000,0.0032042942475527525,0.03517822176218033,0.12804482877254486,0.12804482877254486,0.04212454939900395,0.16,0.12013255903946735,0.4088823602290793,0.3208673648139766,1.2840672898845733,50
CHERP,54,2000,0.0028820910956710577,0.03227484971284866,0.05373186618089676,0.05373186618089676,0.0676686497019941,0.19,0.14233104391501447,0.4683533144032853,0.36237911260517747,2.0445986919061343,50
SRRM1,136,2000,0.002323623513802886,0.027171673253178596,0.1015654057264328,0.1015654057264328,0.1373343419286697,0.17,0.11005363057479835,0.43062626263977644,0.3213325105842488,1.4502042370869155,50
POLR3F,156,2000,0.0012256298214197159,0.022371774539351463,0.32503077387809753,0.32503077387809753,0.1552775298505545,0.34,0.24901819023920363,0.42245146430609276,0.3229668439995207,1.5103440309208949,50
MRPL50,147,2000,0.001466801855713129,0.02254401706159115,0.021080641075968742,0.021080641075968742,0.018605235721995534,0.24,0.17675812659025508,0.39207711459144606,0.29817041041222697,1.4052368509719988,50
RPP14,53,2000,0.0020089359022676945,0.02963639236986637,0.5450502038002014,0.5450502038002014,0.23544849059159037,0.56,0.5363945881589234,0.526615387426658,0.36910576622785535,2.08984804127331,50
RPL9,180,2000,0.004058546852320433,0.037353843450546265,0.5775198340415955,0.5775198340415955,0.45968916657956654,0.5,0.47617686631405365,0.5371704343255892,0.34503622485922686,1.9181154512133094,50
PRPF8,91,2000,0.0032790196128189564,0.03372032940387726,0.35945820808410645,0.35945820808410645,0.3235772304946209,0.28,0.18746266718556767,0.6095327068003267,0.3883518997379261,2.285349618630459,50
HSPE1,25,2000,0.008559316396713257,0.049768682569265366,-0.21767044067382812,-0.21767044067382812,-0.013250919410036775,0.28,0.21051604477083713,0.6150563960725706,0.46437369418078467,2.8051840029836628,50
ECD,69,2000,0.003978482913225889,0.036820318549871445,0.10288137197494507,0.10288137197494507,0.10373312733581469,0.15,0.099822653046148,0.5557012624619696,0.388190309892848,2.118438960305187,50
RPL10,215,2000,0.002743075368925929,0.02816220000386238,0.6809774041175842,0.6809774041175842,0.5591361593868657,0.48,0.5219300893265706,0.45421075350536283,0.31862998112465063,1.6076387668994743,50
AP2S1,96,2000,0.0033243161160498857,0.03258697688579559,0.13684895634651184,0.13684895634651184,0.0925529772607829,0.19,0.13486051615630235,0.4218384036763643,0.312044691278864,1.421035415030289,50
TSEN2,168,2000,0.0035651347134262323,0.03235633298754692,0.027166560292243958,0.027166560292243958,0.04136875859974319,0.25,0.18342613604606986,0.38026465439814117,0.2765416815505158,1.2146878275862156,50
PIAS4,173,2000,0.002730664098635316,0.030795792117714882,0.17087554931640625,0.17087554931640625,0.10194025291450326,0.22,0.18700305993117594,0.5070064323762132,0.34646795106799994,1.8475561935696576,50
MRPS11,90,2000,0.0024797257501631975,0.0301914494484663,0.17990373075008392,0.17990373075008392,0.07860344282413771,0.32,0.24780132080051293,0.4723731825461237,0.33461709633678177,1.681926909933232,50
BYSL,87,2000,0.0016234169015660882,0.02652934193611145,0.6803632974624634,0.6803632974624634,0.373216120281602,0.67,0.6897564723784891,0.4467405041064427,0.3323322373263567,1.7228220874801168,50
ZCRB1,141,2000,0.0025069392286241055,0.02896970883011818,0.0507609061896801,0.0507609061896801,0.06548352410891257,0.18,0.1104544760102463,0.3710390701222889,0.27659114744370045,1.2955863179440608,50
GNL3L,66,2000,0.0017216820269823074,0.026456059888005257,0.5290547609329224,0.5290547609329224,0.3673949859967043,0.39,0.3881175815505669,0.46255775213549394,0.34811783927303525,2.0537558832292095,50
CDC23,158,2000,0.0017307865200564265,0.024504290893673897,0.1228104829788208,0.1228104829788208,0.08552973117340013,0.26,0.17457937930791995,0.5344829468223208,0.349971140219047,2.1256551190513555,50
DBR1,96,2000,0.0028545809909701347,0.03307119011878967,0.05731984227895737,0.05731984227895737,0.07572813639639533,0.21,0.1366932744886361,0.45218623269325486,0.3347951381071646,1.8112835489020864,50
NSA2,71,2000,0.0027618606109172106,0.0317855179309845,0.45252808928489685,0.45252808928489685,0.31682735664109424,0.41,0.38974727829557265,0.3524793593154297,0.28762926466536404,1.3082360649282196,50
CTR9,197,2000,0.008737006224691868,0.05150816589593887,-0.08947119116783142,-0.08947119116783142,-0.018593982023759278,0.19,0.12732858450791062,0.6870873815023408,0.4379278972582688,3.016426793192567,50
DLD,283,2000,0.004839749541133642,0.04048227146267891,0.06985147297382355,0.06985147297382355,-0.00036680363067214517,0.21,0.13180794583351613,0.5142030911602772,0.35054693817218596,2.048173384551605,50
RBM28,55,2000,0.001782982493750751,0.026909038424491882,0.5985649228096008,0.5985649228096008,0.42891377845713896,0.43,0.42724256526036847,0.4084625924801996,0.3260351898103847,1.9547789290389737,50
PSMB1,106,2000,0.0015853949589654803,0.02530634216964245,0.38796958327293396,0.38796958327293396,0.2422383429055337,0.22,0.22221470054800704,0.4943907087673071,0.34747035468185833,1.8314432899284399,50
FTSJ3,153,2000,0.004368607420474291,0.03766864165663719,0.13752394914627075,0.13752394914627075,0.06442236608244079,0.11,0.09515236786570788,0.6239717162912092,0.40439492308727987,2.3365326044785664,50
WDR82,86,2000,0.0066863722167909145,0.04770209640264511,0.0812419131398201,0.0812419131398201,0.06319719060940436,0.25,0.1725429399062901,0.8285742373467073,0.5218908341269836,3.799667427745473,50
POLR3C,169,2000,0.001997696701437235,0.02642333321273327,0.21342457830905914,0.21342457830905914,0.1350082527220507,0.18,0.14784920828872375,0.4086046535388326,0.3081431619346706,1.4081275855616155,50
DHX37,202,2000,0.0020915702916681767,0.026809338480234146,0.38106387853622437,0.38106387853622437,0.2037763864230554,0.31,0.2733144878455514,0.42590942725376435,0.31128179251603283,1.3221747575289806,50
SAP18,40,2000,0.004830094985663891,0.043585557490587234,0.35531264543533325,0.35531264543533325,0.1476681549627262,0.38,0.3014730671494372,0.5763066538825062,0.4057170432563537,1.993376188486646,50
GNL3,29,2000,0.002295293379575014,0.03210078179836273,0.6396476030349731,0.6396476030349731,0.45458889720246604,0.48,0.5254587252098394,0.45340457406585216,0.3781229553578864,2.3038150253771037,50
NDC80,171,2000,0.0018710895674303174,0.02713899500668049,0.3094496726989746,0.3094496726989746,0.18831395366507767,0.24,0.18186991972473257,0.6976844880150463,0.43053093537362,3.0161118360790056,50
TTC27,87,2000,0.0027593395207077265,0.03240438923239708,0.07117113471031189,0.07117113471031189,0.062120707478319194,0.15,0.1143692430476874,0.4263390662885186,0.3286883371976112,1.414647671677525,50
CDC123,96,2000,0.0025784827303141356,0.02915504202246666,-0.10965845733880997,-0.10965845733880997,-0.015579436175551355,0.21,0.17348696316178383,0.38899711349732935,0.2829919591750555,1.4323875780415194,50
WDR3,329,2000,0.0014002283569425344,0.02267882600426674,0.7645189166069031,0.7645189166069031,0.5501413034796692,0.66,0.6864892264814533,0.4119105876953709,0.29746929149332213,1.335132248816803,50
WDR43,47,2000,0.003103508148342371,0.036164846271276474,0.7308859825134277,0.7308859825134277,0.4810992382519695,0.62,0.6246245428761309,0.6802290453584809,0.46054141231970946,3.05243966923722,50
RPL35A,97,2000,0.0026437316555529833,0.027601489797234535,0.7209818363189697,0.7209818363189697,0.6491947852317913,0.52,0.545162296770963,0.45368296327237345,0.31338058692417115,1.6011549321091556,50
NUTF2,44,2000,0.005529946181923151,0.045177556574344635,0.1819796860218048,0.1819796860218048,0.08653271818130871,0.22,0.13627078162774472,0.6116153461528809,0.42497129646325066,2.6062908000055933,50
SNRPE,128,2000,0.004547684453427792,0.03991078585386276,0.6772124171257019,0.6772124171257019,0.6014882504564015,0.4,0.3265010736570504,0.6321448263948429,0.41481650041318646,2.314922319566835,50
CSTF3,59,2000,0.0033498851116746664,0.03577355295419693,0.24385210871696472,0.24385210871696472,0.1640322334412893,0.16,0.10925647829430075,0.5457999603112411,0.3914469187796763,2.311953354178236,50
WDR5,75,2000,0.006263476796448231,0.0425129272043705,0.08192786574363708,0.08192786574363708,0.0033079370283174807,0.27,0.21205356679025608,0.5617459438877197,0.4024389204301263,2.127071168548485,50
YEATS2,233,2000,0.0013497768668457866,0.021445244550704956,0.40168970823287964,0.40168970823287964,0.17960873715666006,0.37,0.30675837531093536,0.3868249269355924,0.2788197659485918,1.3359636210463872,50
PSMA2,38,2000,0.002529919845983386,0.032732296735048294,0.31757673621177673,0.31757673621177673,0.20838524196740965,0.24,0.16835117185035103,0.3899563655336732,0.31615985056240276,1.6915681424250706,50
HNRNPM,128,2000,0.0021747504360973835,0.028176428750157356,0.06268443167209625,0.06268443167209625,0.06902110049050053,0.21,0.15614616607487758,0.3932580585536895,0.2965234648229189,1.4793126624002557,50
RPL11,315,2000,0.0020228521898388863,0.024837380275130272,0.6788712739944458,0.6788712739944458,0.5797787551271502,0.43,0.4294730122990974,0.3986605007434727,0.28004493140188613,1.2787376599177218,50
MED26,99,2000,0.0017627794295549393,0.026392914354801178,0.29032400250434875,0.29032400250434875,0.14712478664405343,0.31,0.26585840409533706,0.417085726832588,0.3192340457280044,1.4982929764309747,50
FAM50A,38,2000,0.004047294147312641,0.04096303880214691,0.465202659368515,0.465202659368515,0.3930198700567948,0.25,0.206855971007811,0.6960065846485445,0.48747682064409936,3.1690836140427248,50
SMC4,169,2000,0.0016585540724918246,0.023539025336503983,0.271101713180542,0.271101713180542,0.18699671097235637,0.25,0.1913056899037237,0.4048878693741104,0.28566446945678803,1.3067271062397794,50
THOC7,104,2000,0.0020479904487729073,0.028464406728744507,0.23276251554489136,0.23276251554489136,0.10985164039406559,0.21,0.1522190203942618,0.49032662024295576,0.3467306669519703,1.7603691531024859,50
EIF3F,36,2000,0.0029044589027762413,0.03479435294866562,0.20860369503498077,0.20860369503498077,0.1412094630185456,0.25,0.1736140472412908,0.49521047267470836,0.3811602811999974,1.9598801700099109,50
MRPL49,36,2000,0.0035972618497908115,0.03768276050686836,0.021031411364674568,0.021031411364674568,-0.02553587607866077,0.16,0.14552916658032483,0.6050969371895463,0.447758465176003,3.030555876104438,50
EIF3J,72,2000,0.0026501419488340616,0.031257592141628265,0.17912116646766663,0.17912116646766663,0.10165676615115019,0.18,0.12779317050729735,0.438831257926958,0.3298834913477279,1.331387515210223,50
PSMD4,285,2000,0.003019981784746051,0.03135327622294426,0.2966306209564209,0.2966306209564209,0.1270330581053223,0.25,0.22933276522948637,0.46600695329545416,0.32714433325285514,1.5019442044439584,50
SCAF1,158,2000,0.0027095582336187363,0.029341287910938263,-0.030150527134537697,-0.030150527134537697,0.030119527446226844,0.17,0.13146138049986364,0.5058694712701878,0.3389988138770433,1.688287705541587,50
RNMT,106,2000,0.0026864525862038136,0.030368847772479057,0.25839659571647644,0.25839659571647644,0.09156721547288622,0.22,0.15909270234384496,0.503767122740721,0.36389928366000973,2.022832779188019,50
PPP4R2,162,2000,0.002143738092854619,0.026239998638629913,0.12799468636512756,0.12799468636512756,0.10529721666999718,0.14,0.10455225903057964,0.37811096385139004,0.2793074423281403,1.1669472834593109,50
ARPC4,188,2000,0.0013723375741392374,0.021710995584726334,0.12156765162944794,0.12156765162944794,0.11981713837956114,0.18,0.13648665437777394,0.4194915163565978,0.30482478811620733,1.4933436116422336,50
DDOST,74,2000,0.002185373567044735,0.027047431096434593,0.031634338200092316,0.031634338200092316,0.07687023380218891,0.26,0.22905618047633672,0.4624420524293567,0.3532021466535473,1.8373610132457692,50
MRPL32,62,2000,0.002558857435360551,0.03018367290496826,-0.10930243879556656,-0.10930243879556656,-0.05715232923009316,0.24,0.15202917190445675,0.38686366641660735,0.31669067354056163,1.5001052061783742,50
RNF40,185,2000,0.0019551864825189114,0.02592313289642334,0.3025653660297394,0.3025653660297394,0.2527978317560476,0.22,0.14338766845256665,0.36791293900295985,0.26873031936946473,1.1178830946850908,50
HSD17B12,135,2000,0.005400447174906731,0.04117545858025551,-0.13676615059375763,-0.13676615059375763,-0.11574638546741126,0.12,0.09148783794527339,0.5089763014299706,0.3548683616724435,1.935769376984583,50
EXOSC10,77,2000,0.001311619533225894,0.023805584758520126,0.5207709074020386,0.5207709074020386,0.22247561666436408,0.55,0.5015536808036111,0.4464060004971225,0.3346262480581317,1.9058969773376404,50
NOP10,124,2000,0.0015453987289220095,0.024877991527318954,0.6018555760383606,0.6018555760383606,0.3060840917460558,0.57,0.6232135569838744,0.45931404109580376,0.3378342680637165,1.7050914151894545,50
CPSF4,57,2000,0.00459682522341609,0.0410187765955925,0.1815834939479828,0.1815834939479828,0.10833029171181159,0.18,0.13437764058816992,0.8009607212268741,0.5236356756498837,3.8772346500886705,50
OGFOD1,101,2000,0.0035697410348802805,0.03567793592810631,0.05953771248459816,0.05953771248459816,0.026701079005324813,0.14,0.0972892327320404,0.4638691582351167,0.34792986628883377,1.7504868872510448,50
RPL18,229,2000,0.0012075286358594894,0.02116970717906952,0.8998051881790161,0.8998051881790161,0.7990853993617723,0.7,0.7907058061354374,0.44974312736877586,0.30783114479188817,1.4341695308735378,50
SPCS3,115,2000,0.0023028666619211435,0.027760690078139305,-0.0035628974437713623,-0.0035628974437713623,0.053615942436498046,0.12,0.08004699514092373,0.36008684799483875,0.27889109987659927,1.059947387030113,50
MED8,94,2000,0.0018349429592490196,0.027938641607761383,0.7898482084274292,0.7898482084274292,0.5653567283238378,0.62,0.6496192532833746,0.5377480733900211,0.37801373965094487,1.9431221261964842,50
WDR70,29,2000,0.003216297598555684,0.03783472999930382,0.28838762640953064,0.28838762640953064,0.22398723286886502,0.21,0.12798163858193062,0.5449503953446981,0.41480001723632914,2.6481745208120655,50
NRBP1,62,2000,0.0022611734457314014,0.03152957931160927,0.2828938364982605,0.2828938364982605,0.14297359532923792,0.25,0.1846008222525112,0.551093801122097,0.3935495758622289,2.42256530248086,50
PRELID1,122,2000,0.0021323177497833967,0.02786329574882984,0.06611678004264832,0.06611678004264832,0.048431868785274744,0.21,0.13082195625649748,0.44117809758417786,0.31719507004381337,1.5495496481022015,50
SNRNP48,179,2000,0.0018686169059947133,0.02549370750784874,0.2931949198246002,0.2931949198246002,0.2246882923369242,0.27,0.15488588174449808,0.5530924588253786,0.37667732121481323,2.3216421869393757,50
TAF6,111,2000,0.0028846932109445333,0.0316697396337986,0.44192495942115784,0.44192495942115784,0.2120309762303278,0.37,0.31937789661201366,0.47648963141865636,0.33314573195673247,1.69540630867367,50
TCP1,63,2000,0.0029540713876485825,0.03168291971087456,0.3974475860595703,0.3974475860595703,0.37427581959699807,0.27,0.21488750755733507,0.5405596170068611,0.39052346713594177,2.3046193795717413,50
ATP6AP1,114,2000,0.0021620946936309338,0.028011908754706383,0.06822136044502258,0.06822136044502258,0.030776351362747215,0.15,0.09098525949885901,0.4299702083903801,0.3180341201335423,1.5349454083996086,50
ISCU,32,2000,0.004538803827017546,0.04275422543287277,0.12561306357383728,0.12561306357383728,0.07065605932902538,0.18,0.12613615205730397,0.6007227211797725,0.3944263317712982,2.547638181524021,50
PAM16,43,2000,0.00461119320243597,0.040229689329862595,0.45912477374076843,0.45912477374076843,0.3290707533307279,0.37,0.3161571220716421,0.6175469022190502,0.42981493212372257,2.5577578758853123,50
DDX52,106,2000,0.0018644825322553515,0.027063824236392975,0.5760266780853271,0.5760266780853271,0.3537257736229887,0.46,0.40400918439940003,0.5004992076205769,0.35335392605086186,1.8313660061853283,50
SIN3A,217,2000,0.002304674591869116,0.028319625183939934,0.2999105155467987,0.2999105155467987,0.19865783345508112,0.25,0.18945419076549427,0.3613294943072791,0.2630582782452054,1.05413754617974,50
NCAPH,64,2000,0.0026896477211266756,0.031885795295238495,0.1442878544330597,0.1442878544330597,0.08449700997999213,0.19,0.11657619212031751,0.5448875613419574,0.3611267764894937,2.1037184884702445,50
PDCD2,59,2000,0.0017234819242730737,0.027668653056025505,0.4564884305000305,0.4564884305000305,0.1261714622529147,0.46,0.41609265396458023,0.5117673942872695,0.3797093386243821,2.3230024855210685,50
SPC25,181,2000,0.0033458115067332983,0.0348079577088356,0.5715149641036987,0.5715149641036987,0.45441827715273103,0.4,0.28709552110684416,0.9072413908912634,0.536977039348657,3.921753271625675,50
XRCC6,26,2000,0.004269787576049566,0.04067602381110191,0.2818502187728882,0.2818502187728882,0.1836089137575764,0.4,0.2907533232794896,0.44465686958296535,0.3618166680361084,2.12726457598925,50
WDTC1,107,2000,0.002963475650176406,0.031564801931381226,0.1336374580860138,0.1336374580860138,0.128305574933461,0.24,0.12710485796052937,0.5675358878941266,0.3856900123920413,2.293949204426138,50
RFC4,58,2000,0.0015429529594257474,0.025477295741438866,0.39396244287490845,0.39396244287490845,0.26525640773025627,0.29,0.23052510531388273,0.39635718062386033,0.3053554901132037,1.6439449368453125,50
CNIH4,65,2000,0.0017973682843148708,0.027730759233236313,0.26356810331344604,0.26356810331344604,0.12001539370525685,0.24,0.21709987979637974,0.5230750655707019,0.39388140983514575,2.4297669438528047,50
HAUS5,153,2000,0.0027539096772670746,0.032290104776620865,0.39093488454818726,0.39093488454818726,0.26204459322065093,0.3,0.22070888387070253,0.47499530604066864,0.3284786189456356,1.593187523600324,50
PRPF3,129,2000,0.0036958595737814903,0.03564183786511421,0.48938649892807007,0.48938649892807007,0.4263144630468101,0.22,0.155328308483586,0.6123185766632191,0.40020000237603887,2.4318971398815843,50
SRP68,158,2000,0.002727374667301774,0.030128827318549156,0.17245705425739288,0.17245705425739288,0.15204382092975283,0.22,0.1332162644273445,0.49166245748265447,0.3444569448056326,1.847588806338765,50
NDUFA8,85,2000,0.002501224633306265,0.030143948271870613,-0.09181033074855804,-0.09181033074855804,-0.09955597157101753,0.27,0.1988850118590378,0.40735077184556157,0.30935092820451965,1.4128678446549403,50
PET117,80,2000,0.0021856524981558323,0.028548959642648697,0.1201910525560379,0.1201910525560379,0.053461319979735876,0.2,0.14735195340920737,0.4174711021242763,0.32928558709794165,1.4858506061775818,50
VPS72,95,2000,0.0029927624855190516,0.03317726030945778,-0.07472450286149979,-0.07472450286149979,-0.014011700624468023,0.26,0.2257712984743984,0.3821525188732081,0.2934523578143297,1.4190774151446077,50
UQCRB,93,2000,0.0013989723520353436,0.022501738741993904,0.13946260511875153,0.13946260511875153,0.10909590576630944,0.22,0.13258999363685892,0.4039534252781278,0.3178429804481951,1.6879049918358364,50
RBM19,37,2000,0.003342444309964776,0.03746825084090233,0.27636176347732544,0.27636176347732544,0.07926115833844631,0.4,0.3057227230354487,0.6350176864643282,0.46805509418561925,3.108564074601426,50
RPS5,127,2000,0.004659206606447697,0.0380319207906723,0.455048143863678,0.455048143863678,0.3265744482868157,0.37,0.311331952994028,0.5769426894028128,0.3851529487588364,2.108910320584139,50
SDC1,170,2000,0.003044574288651347,0.0316038578748703,0.3587203323841095,0.3587203323841095,0.2047069307802772,0.31,0.24055567521213622,0.33972993055741163,0.2514246189738726,0.9216712492709841,50
MTPAP,86,2000,0.007900657132267952,0.034009143710136414,0.013991981744766235,0.013991981744766235,-0.04965584085142537,0.23,0.1709034484179377,0.6759255823940946,0.42671460909050696,2.7170571997320594,50
ARIH1,57,2000,0.0020828689448535442,0.03005763329565525,0.22145208716392517,0.22145208716392517,0.10133435863180637,0.24,0.15965403262379502,0.4917627940285485,0.35442217676433446,1.916611057261162,50
DDX41,259,2000,0.005418695043772459,0.04351329430937767,0.16549734771251678,0.16549734771251678,0.17113719257759502,0.2,0.1217896059228492,0.5214258016007817,0.34261483182198177,1.9646515415065227,50
HSCB,85,2000,0.00157512491568923,0.025259267538785934,0.1862817108631134,0.1862817108631134,0.10810717935088174,0.23,0.16238183557213323,0.41916167886435396,0.3303398234878393,1.7867001585320827,50
HNRNPU,73,2000,0.002738835057243705,0.03166280686855316,0.12346561253070831,0.12346561253070831,0.08293074139922,0.2,0.17826498545478658,0.48103238521613073,0.3513089503298867,1.9689611538452296,50
DAD1,71,2000,0.005574047565460205,0.040390193462371826,0.051398009061813354,0.051398009061813354,0.12251466946352713,0.16,0.0961209346642724,0.41478590145918076,0.3090009720832005,1.1874201687435606,50
MRPS18A,108,2000,0.002139947609975934,0.026875244453549385,0.010777940973639488,0.010777940973639488,0.006411834736935042,0.26,0.23338203295512913,0.35672194411805414,0.2687807808940088,1.3086922212155998,50
POLD2,63,2000,0.002371725160628557,0.0312507264316082,0.3753540515899658,0.3753540515899658,0.19317766752837928,0.25,0.20839301554614503,0.3936405302004999,0.29134598554360147,1.4742281029244757,50
HGS,96,2000,0.003977356944233179,0.035644542425870895,0.14115874469280243,0.14115874469280243,0.14319809637823414,0.25,0.18748188373416996,0.5992152865832715,0.3969058487060863,2.2828585189669734,50
UTP3,27,2000,0.0027859851252287626,0.03693627193570137,0.6774634718894958,0.6774634718894958,0.3685907747116309,0.62,0.6369527600310928,0.5986649825847498,0.4307164055283226,3.037337527948046,50
CENPC,116,2000,0.0020256515126675367,0.027070386335253716,0.17728197574615479,0.17728197574615479,0.10891740426853824,0.2,0.13936017460914968,0.7254345357487874,0.4658272532514537,3.246757201098909,50
RRP7A,40,2000,0.002306202659383416,0.03293608874082565,0.6587098240852356,0.6587098240852356,0.3457348574702872,0.64,0.6234552328051529,0.6460163156424963,0.43334150086784023,2.871532450407483,50
NELFA,82,2000,0.003524631494656205,0.03443985804915428,0.1731049120426178,0.1731049120426178,0.09083283315549331,0.24,0.1895075389505717,0.5084619329402371,0.37335470857953823,1.9638174133292245,50
RRN3,38,2000,0.003310964209958911,0.03678574040532112,0.5448273420333862,0.5448273420333862,0.3353520424701787,0.44,0.4429195056135402,0.6959034366140793,0.4628416090378161,3.1090621074987994,50
PSMA6,18,2000,0.00397590734064579,0.04229264706373215,0.3427075743675232,0.3427075743675232,0.23642580504670643,0.33,0.2478848929064603,0.5150737568957904,0.4139682044005369,2.6336373565580264,50
TBL3,70,2000,0.001617530477233231,0.026926131919026375,0.6639858484268188,0.6639858484268188,0.34267401329918473,0.61,0.639379525738626,0.5094903130695522,0.3629609198717222,2.047214979970566,50
CWC22,28,2000,0.004704030696302652,0.04374196007847786,0.11037663370370865,0.11037663370370865,0.10733905350956212,0.23,0.1467643460413835,0.6927024266401303,0.4431017114234084,2.926455965660382,50
PWP2,51,2000,0.0022167826537042856,0.03109339252114296,0.6664061546325684,0.6664061546325684,0.3766072784263683,0.63,0.6140620676954108,0.5501744421740975,0.3796372909164322,2.2384321546135793,50
PRPF31,23,2000,0.00873561855405569,0.05837605148553848,0.08590070903301239,0.08590070903301239,0.12200323966412958,0.18,0.10163982623982126,0.8799440306202443,0.5788153461448005,4.502236944099465,50
EIF3G,52,2000,0.003895226400345564,0.037560492753982544,0.35343170166015625,0.35343170166015625,0.24559757183569153,0.36,0.23329620889028171,0.5150104594288559,0.34297949402082945,2.0616732904608313,50
PGPEP1,51,2000,0.002505321055650711,0.032534852623939514,0.22268271446228027,0.22268271446228027,0.14158133990325358,0.19,0.1593871526102642,0.6157002862529033,0.4122188920726982,2.7948600125432757,50
OPA1,53,2000,0.0020490381866693497,0.029773492366075516,0.16435682773590088,0.16435682773590088,0.0735033930858998,0.19,0.1047879629264818,0.4745773978224818,0.3725420447344716,2.2753223488227174,50
EXOC7,32,2000,0.0034320582635700703,0.03817996010184288,0.20040582120418549,0.20040582120418549,0.12806232873171364,0.24,0.1603294582412606,0.7834769451130977,0.5087926561285738,3.8471606223843104,50
BMS1,18,2000,0.00461431872099638,0.04623884707689285,0.46101540327072144,0.46101540327072144,0.2409307390452295,0.44,0.36415002651879214,0.5558651104312714,0.4291085199889762,2.61589459244907,50
